#, 538
haver, 529
ano, 515
pessoa, 373
professor, 341
outro, 311
casa, 309
altura, 265
universidade, 256
pai, 243
querer, 228
vir, 226
curso, 218
gente, 210
dia, 196
passar, 195
algum, 194
trabalho, 186
achar, 184
gostar, 183
aula, 182
vida, 181
trabalhar, 174
ficar, 166
começar, 158
hoje, 143
aluno, 140
mãe, 130
entrar, 124
andar, 119
família, 118
facto, 116
Braga, 113
colega, 106
estudar, 106
problema, 105
maneira, 101
viver, 99
escola, 93
acabar, 92
hora, 89
irmão, 88
pensar, 85
serviço, 83
Moçambique, 82
chegar, 82
sala, 80
bocado, 79
conhecer, 78
fiz, 75
nenhum, 71
conseguir, 69
sair, 69
pequeno, 68
durante, 68
docente, 68
cão, 68
Portugal, 67
", 67
diferente, 66
Porto, 66
deixar, 65
cidade, 64
Lembro-me, 64
seguir, 64
filho, 63
ninguém, 63
dever, 61
noite, 60
professora, 60
doutoramento, 60
ensino, 60
amigo, 60
mestrado, 60
termos, 59
Lisboa, 59
falar, 57
avó, 56
lembro-me, 56
computador, 56
português, 55
acontecer, 55
tirar, 54
resolver, 54
levar, 52
modo, 52
manhã, 52
mulher, 52
quase, 51
velho, 50
aliás, 50
inglês, 50
difícil, 50
tínhamos, 49
pronto, 48
criar, 48
gabinete, 48
Coimbra, 47
avô, 47
Valença, 47
estudo, 46
pé, 45
Havia, 44
fiquei, 44
sítio, 44
formação, 44
mudar, 43
mundo, 42
miúdo, 42
colégio, 42
departamento, 42
chamar, 41
ajudar, 41
irmã, 41
existir, 40
junto, 40
assistente, 40
certo, 40
voltar, 40
turma, 40
brincadeira, 39
pessoal, 39
comunicação, 39
arranjar, 38
lembrar, 38
Informática, 38
praticamente, 38
carreira, 38
volta, 37
cadeira, 37
Marques, 36
país, 36
dificuldade, 36
enfim, 36
aldeia, 36
continuar, 35
instalação, 35
funcionar, 35
comigo, 35
preciso, 35
abrir, 35
período, 34
éramos, 34
cheguei, 34
caso, 34
sentir, 34
bocadinho, 34
entretanto, 34
nome, 34
nascer, 34
encontrar, 33
carro, 33
classe, 33
condição, 33
ambiente, 33
20, 33
livro, 33
cozinha, 33
ler, 33
único, 32
brincar, 32
espaço, 32
frente, 32
correr, 32
comprar, 32
licenciatura, 32
reitor, 32
saí, 31
resto, 31
apanhar, 31
íamos, 31
tratar, 31
senhor, 31
10, 30
qualidade, 30
parar, 30
estudante, 30
história, 30
precisar, 30
ideia, 29
imenso, 29
terra, 29
fase, 29
homem, 29
senhora, 29
Sociais, 29
projecto, 29
episódio, 29
diferença, 28
criança, 28
idade, 28
importante, 28
pôr, 28
tropa, 28
teatro, 28
língua, 28
exame, 27
muitas, 27
disciplina, 27
centro, 27
princípio, 27
escolher, 27
aluna, 27
precisamente, 27
emprego, 26
actividade, 26
máquina, 26
normal, 26
casar, 26
livre, 25
Inglaterra, 25
académico, 25
capaz, 25
sentido, 25
forte, 25
filha, 25
materno, 25
respeito, 25
situação, 25
rapaz, 25
mão, 25
fantástico, 25
meter, 25
várias, 24
Nampula, 24
rua, 24
edifício, 24
direito, 24
parecer, 24
alto, 24
guerra, 24
completamente, 24
profissional, 24
sobretudo, 24
geralmente, 24
francês, 24
aparecer, 23
frequentar, 23
aprender, 23
ligar, 23
público, 23
antigamente, 23
preocupação, 23
8, 23
vier, 23
dinheiro, 23
capacidade, 23
superior, 23
almoço, 23
Pedro, 23
desenvolver, 23
Gualtar, 23
cultura, 23
recordação, 22
primária, 22
Guimarães, 22
militar, 22
nota, 22
crescer, 22
relativamente, 22
interesse, 22
experiência, 22
engraçado, 22
marcar, 22
luz, 22
programar, 22
entrevista, 21
tomar, 21
jogo, 21
primário, 21
contacto, 21
claro, 21
interno, 21
zona, 21
calhar, 21
porta, 21
interessante, 21
director, 21
ganhar, 21
medo, 21
semana, 20
infância, 20
construção, 20
africano, 20
memória, 20
acompanhar, 20
pedir, 20
funcionário, 20
vim, 20
normalmente, 20
considerar, 20
plano, 20
interessar, 20
colocar, 20
campo, 20
amizade, 20
enorme, 20
aspecto, 20
trazer, 20
estágio, 20
viagem, 19
morar, 19
género, 19
liceu, 19
melhor, 19
possibilidade, 19
causa, 19
vontade, 19
sozinho, 19
mandar, 19
apartamento, 19
manter, 19
escrever, 19
relacionamento, 19
contar, 19
chefe, 19
Proença, 19
barco, 18
principal, 18
aceitar, 18
Engenharia, 18
piso, 18
Jesus, 18
pavilhão, 18
jantar, 18
preparar, 18
7, 18
mudança, 18
cultural, 18
actualmente, 18
teste, 18
jeito, 17
ar, 17
construir, 17
médico, 17
senão, 17
sociedade, 17
Angola, 17
buscar, 17
comum, 17
saída, 17
preparação, 17
receber, 17
hipótese, 17
Gosto, 17
passado, 17
má, 17
vela, 17
conjunto, 16
sequer, 16
piscina, 16
geração, 16
morrer, 16
África, 16
familiar, 16
mau, 16
quartel, 16
15, 16
Universidade, 16
comunidade, 16
processo, 16
pagar, 16
tese, 16
Houve, 16
profissão, 16
menino, 16
presente, 16
participar, 16
impressão, 16
gosto, 16
engraçar, 16
procurar, 16
social, 16
secretaria, 16
acesso, 16
alguém, 16
peça, 16
sonho, 16
imagem, 15
cerca, 15
população, 15
5, 15
igual, 15
função, 15
casamento, 15
ocupar, 15
passear, 15
juntar, 15
concorrer, 15
janela, 15
comer, 15
parque, 15
tornar, 15
longo, 15
simples, 15
desistir, 15
antigo, 15
acaso, 15
responsabilidade, 15
menina, 15
educação, 15
chorar, 15
desenvolvimento, 15
material, 15
saúde, 15
envolver, 15
cabeça, 15
percurso, 15
engenheiro, 15
paz, 15
Moreira, 15
Centro, 15
alemão, 15
devido, 14
60, 14
Fiz, 14
férias, 14
regressar, 14
dia-a-dia, 14
seguinte, 14
alugar, 14
época, 14
permitir, 14
viemos, 14
tio, 14
realmente, 14
vista, 14
biblioteca, 14
prova, 14
11, 14
imaginar, 14
dedicar, 14
rapariga, 14
Filosofia, 14
dúvida, 14
papel, 14
loja, 14
saía, 14
avião, 14
ensinar, 14
literatura, 14
cabo, 14
Eram, 13
prédio, 13
entrada, 13
companhia, 13
vejor, 13
Física, 13
Martins, 13
Espanha, 13
vantagem, 13
perspectiva, 13
Cabral, 13
universitário, 13
escolha, 13
surgir, 13
positivo, 13
80, 13
japonês, 13
cantina, 13
4, 13
conhecimento, 13
3, 13
facilidade, 13
duro, 13
investigação, 13
programa, 13
instrução, 13
passagem, 13
evidente, 13
Gulbenkian, 13
aventura, 13
média, 13
governo, 13
espera, 13
complicado, 13
aguentar, 13
pergunta, 13
1980, 13
levantar, 13
turno, 13
cinema, 12
extremamente, 12
Comecei, 12
conta, 12
mentalidade, 12
25, 12
Ia, 12
ponta, 12
termo, 12
oportunidade, 12
sorte, 12
trás, 12
repente, 12
connosco, 12
miúda, 12
/, 12
origem, 12
autoridade, 12
posto, 12
empresa, 12
pude, 12
vocação, 12
prática, 12
olhar, 12
especialidade, 12
concelho, 12
obra, 12
tarefa, 12
informação, 12
desporto, 12
Rodrigues, 12
tocar, 12
costumar, 12
horário, 12
perceber, 12
bater, 12
perder, 12
informática, 12
coordenação, 12
fechar, 12
técnico, 12
exercício, 12
Liceu, 12
Falcão, 12
água, 11
féria, 11
interior, 11
lembro, 11
autocarro, 11
outubro, 11
bar, 11
custar, 11
concorrir, 11
prático, 11
janeiro, 11
V, 11
preocupar, 11
modelo, 11
valer, 11
jovem, 11
ligação, 11
há, 11
estrangeiro, 11
Nasci, 11
paterno, 11
movimento, 11
Entrei, 11
encontro, 11
cortar, 11
Internacionais, 11
reconhecer, 11
reunião, 11
jornal, 11
razão, 11
formar, 11
Recordo-me, 11
erro, 11
Covilhã, 11
animal, 11
pequenino, 11
beira, 11
perna, 11
orientador, 11
curioso, 11
autor, 11
banco, 11
presidente, 11
transmissão, 11
Brasil, 11
privilégio, 11
explicar, 11
excepção, 10
sábado, 10
bonito, 10
noção, 10
europeu, 10
perfeitamente, 10
metro, 10
espírito, 10
norte, 10
si, 10
12, 10
independência, 10
entender, 10
empregado, 10
senter, 10
fugir, 10
vivência, 10
aberto, 10
apesar, 10
virar, 10
feira, 10
segurança, 10
ministério, 10
partilhar, 10
frio, 10
fácil, 10
reforma, 10
perguntar, 10
canudo, 10
Secundário, 10
fiquar, 10
praxe, 10
principalmente, 10
convivência, 10
complicar, 10
puder, 10
24, 10
deitar, 10
João, 10
infelizmente, 10
subir, 10
roupa, 10
afectivo, 10
namoro, 10
demorar, 10
2, 10
mestre, 10
gestão, 10
engenharia, 10
leitura, 10
pena, 10
Economia, 10
sinto-me, 10
1975, 10
vinha, 10
acima, 10
Cottinelli, 10
livraria, 10
pá, 10
Gostava, 10
mar, 10
ai, 10
secundário, 10
amanhã, 10
projeto, 10
exatamente, 10
78, 10
praia, 9
dimensão, 9
divisão, 9
sol, 9
característica, 9
70, 9
Europa, 9
preto, 9
completo, 9
político, 9
faltar, 9
meia, 9
30, 9
agosto, 9
fizemos, 9
Romero, 9
laboratório, 9
oral, 9
dezembro, 9
caber, 9
pequeninho, 9
terreno, 9
esperar, 9
Esposende, 9
resultado, 9
afectar, 9
Douro, 9
tradicional, 9
ajuda, 9
eléctrico, 9
via, 9
desejo, 9
actual, 9
comboio, 9
Páscoa, 9
investir, 9
texto, 9
criação, 9
início, 9
satisfeito, 9
50, 9
ordem, 9
adaptar, 9
contrário, 9
16, 9
Marinha, 9
equipa, 9
letra, 9
adoptar, 9
primo, 9
património, 9
etc., 9
Éramos, 9
meia-noite, 9
linha, 9
página, 9
marido, 9
Pina, 9
adquirir, 9
reconhecimento, 9
decepção, 9
natural, 9
esquerdo, 9
ministro, 9
contato, 9
eleger, 9
bairro, 8
operação, 8
licença, 8
rico, 8
estilo, 8
vizinho, 8
descobrir, 8
Custou-me, 8
seguro, 8
novembro, 8
demasiado, 8
transição, 8
decisão, 8
procura, 8
terminar, 8
17, 8
montar, 8
Aveiro, 8
esquecer, 8
administrativo, 8
assistir, 8
determinar, 8
festa, 8
atenção, 8
objectivo, 8
monte, 8
minuto, 8
juventude, 8
futuro, 8
competência, 8
dedicação, 8
naturalmente, 8
recordar, 8
dormir, 8
conviver, 8
corrida, 8
bola, 8
cama, 8
evolução, 8
convívio, 8
felizmente, 8
Bélgica, 8
1976, 8
Pronto, 8
estação, 8
convencer, 8
dúzia, 8
História, 8
julgar, 8
dou, 8
medida, 8
excelente, 8
Guiné, 8
camioneta, 8
complexo, 8
sério, 8
14, 8
romper, 8
estatuto, 8
extraordinário, 8
bicicleta, 8
piores, 8
integrar, 8
viajar, 8
medicina, 8
matemática, 8
Ó, 8
relacionar, 8
moderno, 8
operador, 8
físico, 8
contratar, 8
Unix, 8
Acabei, 8
realizar, 8
4ª, 8
carta, 8
ouvir, 8
Deus, 8
concurso, 8
sinceramente, 8
alegria, 8
Tortosendo, 8
Pública, 8
nomear, 8
Instaladora, 8
irlandês, 8
significar, 7
árvore, 7
obrigatório, 7
habitação, 7
jardim, 7
pele, 7
distribuir, 7
doméstico, 7
parecido, 7
externo, 7
metade, 7
setembro, 7
habituado, 7
currículo, 7
força, 7
agradável, 7
aproveitar, 7
lembrr, 7
espécie, 7
risco, 7
Tínhamos, 7
admitir, 7
sul, 7
abertura, 7
Química, 7
arrancar, 7
Inglês, 7
anfiteatro, 7
massificação, 7
controlar, 7
regime, 7
sofrer, 7
Manchester, 7
sozinha, 7
região, 7
abaixo, 7
confusão, 7
opção, 7
café, 7
identificar, 7
9, 7
apresentar, 7
avançar, 7
aumentar, 7
agricultor, 7
liberdade, 7
igreja, 7
evidentemente, 7
futebol, 7
desafio, 7
Maria, 7
lembrança, 7
unidade, 7
Jesuítas, 7
ideal, 7
Comercial, 7
humano, 7
optar, 7
pobre, 7
responsável, 7
chamado, 7
revolução, 7
convencido, 7
matéria, 7
expediente, 7
romance, 7
vertente, 7
instituição, 7
Amares, 7
fundo, 7
totalmente, 7
jogar, 7
22, 7
cumprir, 7
televisão, 7
tratamento, 7
circunstância, 7
regulamento, 7
Cecília, 7
Pax, 7
prejudicar, 7
horrível, 7
funcionamento, 7
teórico, 7
apontamento, 7
responder, 7
desisti, 7
sentar, 7
Abílio, 7
massa, 7
habituar, 7
quiser, 7
monitora, 7
acabei, 7
envolvimento, 7
obrigação, 7
especialização, 7
6, 7
profundamente, 7
saltar, 7
Isabel, 7
tia, 7
recruta, 7
escudo, 7
limitação, 7
Nairobi, 7
necessário, 7
escuteiro, 7
espanhol, 7
belga, 7
Simão, 7
Domingues, 7
localidade, 7
reformar, 7
12º, 7
burocracia, 7
doutora, 7
melhorar, 7
Estrangeiras, 7
equivalente, 6
bloco, 6
conversa, 6
suficiente, 6
dor, 6
correio, 6
influência, 6
França, 6
desempenhar, 6
assumir, 6
choque, 6
prender, 6
linguagem, 6
compreender, 6
trato, 6
arredores, 6
efectivamente, 6
clássico, 6
casaco, 6
Conheci, 6
arranjei, 6
fim-de-semana, 6
apanhei, 6
catedrático, 6
crescimento, 6
basicamente, 6
típico, 6
rodovia, 6
inconveniente, 6
degradante, 6
regra, 6
semestre, 6
ritmo, 6
divertir, 6
data, 6
decidir, 6
fruto, 6
saímos, 6
escolar, 6
século, 6
40, 6
cair, 6
anterior, 6
depender, 6
atravessar, 6
documento, 6
mexer, 6
corrigir, 6
perdi, 6
falecer, 6
fisicamente, 6
trabalhador, 6
referência, 6
agricultura, 6
ordenado, 6
pacífico, 6
dona, 6
retomar, 6
ida, 6
Jesuíta, 6
justamente, 6
definitivo, 6
convite, 6
organizar, 6
simpático, 6
intelectual, 6
Social, 6
quadro, 6
fundar, 6
especializar, 6
pedagógico, 6
Gestão, 6
almoçar, 6
acção, 6
artigo, 6
13/14, 6
evoluir, 6
fronteira, 6
obrigar, 6
secretário, 6
produto, 6
convidar, 6
calma, 6
palavra, 6
chamava-se, 6
pertencer, 6
ciclo, 6
chumbar, 6
Amarante, 6
Industrial, 6
louco, 6
Medicina, 6
houver, 6
gajo, 6
lei, 6
casado, 6
administração, 6
Precisava, 6
fascínio, 6
gastar, 6
junho, 6
sócio, 6
opinião, 6
tema, 6
sossegado, 6
rei, 6
cheio, 6
facilitar, 6
obstáculo, 6
buraco, 6
assunto, 6
ambição, 6
cidadela, 6
Obra, 6
humanidade, 6
Craveiro, 6
Leuven, 6
campus, 6
zangado, 6
residência, 6
coordenador, 6
Bosch, 6
Germânicas, 6
diretor, 6
Inglesa, 6
José, 5
filme, 5
quintal, 5
branco, 5
13, 5
freira, 5
disposição, 5
coração, 5
queixar, 5
pleno, 5
Alemanha, 5
exactamente, 5
ultrapassar, 5
salário, 5
estrada, 5
preço, 5
metrópole, 5
acto, 5
ocorrer, 5
diverso, 5
consideração, 5
visto, 5
especialmente, 5
motivo, 5
filosofia, 5
abril, 5
negativo, 5
doutorar, 5
esforço, 5
puxar, 5
expectativa, 5
piada, 5
fins-de-semana, 5
perigoso, 5
exigir, 5
consciência, 5
campismo, 5
impossível, 5
sobrinho, 5
estrutura, 5
automóvel, 5
300, 5
tradição, 5
peão, 5
venho, 5
passo, 5
estabilidade, 5
visita, 5
novamente, 5
feliz, 5
Luís, 5
execução, 5
rural, 5
permanente, 5
confiança, 5
castigar, 5
cena, 5
grandemente, 5
carinho, 5
década, 5
presença, 5
empregada, 5
influenciar, 5
realização, 5
barra, 5
disponibilidade, 5
cerimónia, 5
habitual, 5
entusiasmo, 5
chave, 5
freguesia, 5
total, 5
técnica, 5
esquema, 5
corredor, 5
Científico, 5
série, 5
importância, 5
respeitar, 5
organização, 5
actualidade, 5
programação, 5
paradigma, 5
fizer, 5
resposta, 5
revista, 5
procuro, 5
música, 5
oferecer, 5
privilegiado, 5
independentemente, 5
sentia-me, 5
indústria, 5
comissão, 5
Estávamos, 5
rádio, 5
mandaram-me, 5
depressa, 5
licenciado, 5
Geraldo, 5
vencimento, 5
observar, 5
bolsa, 5
stress, 5
italiano, 5
médio, 5
apoiar, 5
Portuguesa, 5
Doméstica, 5
Letras, 5
cabrito, 5
matar, 5
Matemática, 5
arrumar, 5
finalmente, 5
percebi, 5
Murta, 5
anedota, 5
chatear, 5
liberal, 5
transitar, 5
reestruturação, 5
prestar, 5
atrasado, 5
corpo, 5
baixa, 5
colaboração, 5
desenhar, 5
computação, 5
admiração, 5
traquinice, 5
escritor, 5
ASPA, 5
proporcionar, 5
aéreo, 5
Santa, 5
domingo, 5
correria, 5
rodinha, 5
tiro, 5
aprendizagem, 5
10º, 5
aprovar, 5
Sé, 5
percebar, 5
Ultramar, 5
inteiro, 5
salto, 5
impedir, 5
Saímos, 5
dado, 5
Académica, 5
intalação, 5
firma, 5
electricidade, 5
quinta-feira, 5
vermelho, 5
popular, 5
inauguração, 5
Olhe, 5
papelada, 5
deu-me, 5
continuei, 5
doutorado, 5
faculdade, 5
restaurante, 5
salão, 5
Minho, 5
mentalmente, 5
Algarve, 5
destacar, 5
academia, 5
estagiária, 5
atual, 5
synge, 5
Fonseca, 5
Erasmus, 5
Haver, 4
segurar, 4
autêntico, 4
feitio, 4
essencialmente, 4
habitar, 4
elevador, 4
vivenda, 4
esquina, 4
lateral, 4
cem, 4
praticar, 4
natação, 4
proteger, 4
palhota, 4
eventualmente, 4
atitude, 4
separar, 4
doença, 4
acompanhamento, 4
gracioso, 4
Electrónica, 4
Cheguei, 4
associação, 4
dáva-me, 4
emigrante, 4
Paris, 4
base, 4
baralhar, 4
misto, 4
associar, 4
pior, 4
distinguir, 4
lutar, 4
económico, 4
carne, 4
atraso, 4
custou-me, 4
amig, 4
lectivo, 4
equivalência, 4
impor, 4
Antropologia, 4
quente, 4
indivíduo, 4
chuva, 4
independente, 4
esposo, 4
safar, 4
vínhamos, 4
desemprego, 4
18, 4
namorar, 4
conhecir, 4
engano, 4
76, 4
90, 4
Entrámos, 4
Começamos, 4
assisti, 4
Gulbekian, 4
reitoria, 4
concerto, 4
Cravo, 4
dignidade, 4
inscrito, 4
inscrever, 4
moda, 4
limitar, 4
praxes, 4
relacionado, 4
fascista, 4
manifestação, 4
integração, 4
correcto, 4
etapa, 4
mostrar, 4
fato, 4
assegurar, 4
fevereiro, 4
crítico, 4
chato, 4
desconfiar, 4
corrir, 4
prazer, 4
estrela, 4
arriscar, 4
estável, 4
banho, 4
Unidos, 4
vivo, 4
específico, 4
andávamos, 4
particular, 4
nocturno, 4
orientar, 4
despachar, 4
produzir, 4
consigo, 4
pasta, 4
referencial, 4
investimento, 4
conferência, 4
masculino, 4
visitar, 4
queríar, 4
Pinhal, 4
facilmente, 4
podar, 4
ordenar, 4
íntimo, 4
regresso, 4
disposto, 4
distância, 4
saudade, 4
moreer, 4
sobrar, 4
quotidiano, 4
olho, 4
fabricar, 4
herdar, 4
isolar, 4
capela, 4
motivar, 4
sacerdote, 4
causar, 4
psicológico, 4
religioso, 4
companheiro, 4
Digo, 4
largo, 4
contrato, 4
75, 4
violento, 4
orientação, 4
reduzir, 4
razoável, 4
fresco, 4
Armindo, 4
efeito, 4
abrangente, 4
domínio, 4
congresso, 4
regular, 4
promover, 4
Superior, 4
barulho, 4
Entrevista, 4
executar, 4
comida, 4
notar, 4
milho, 4
ferro, 4
19, 4
rápido, 4
marinha, 4
fazíamos, 4
Natal, 4
aflito, 4
atendimento, 4
espantado, 4
administrador, 4
verdade, 4
Académicos, 4
civil, 4
recurso, 4
certidão, 4
Fodémané, 4
lógico, 4
recolher, 4
sinceridade, 4
orelha, 4
Marado, 4
Acontece, 4
dramático, 4
suporte, 4
reprovar, 4
Soares, 4
copiar, 4
hospedeira, 4
bordo, 4
leite, 4
propedêutico, 4
explicação, 4
terminal, 4
tronco, 4
Henriques, 4
participação, 4
sebenta, 4
partida, 4
Pacheco, 4
formal, 4
Nuno, 4
limite, 4
aborto, 4
MV8000, 4
disco, 4
cansadíssimo, 4
besta, 4
cansar, 4
cansado, 4
confortável, 4
quisessem, 4
Cansei-me, 4
caía, 4
descansar, 4
arma, 4
reestruturar, 4
alma, 4
consultor, 4
doente, 4
investi, 4
restrito, 4
consiga, 4
hardware, 4
visão, 4
programador, 4
auto-formação, 4
informático, 4
tecnicamente, 4
utente, 4
merecer, 4
comercial, 4
tipografia, 4
oficina, 4
Municipal, 4
monumento, 4
cargo, 4
Bernardo, 4
comeceir, 4
ocasião, 4
escolhi, 4
Ciências, 4
admissão, 4
isr, 4
braço, 4
8h, 4
parceiro, 4
código, 4
aparelho, 4
escala, 4
Quintas, 4
1982, 4
condicionado, 4
escura, 4
lixo, 4
punha, 4
perdão, 4
estabelecer, 4
espiritualidade, 4
cantar, 4
kilómetro, 4
lâmpada, 4
electricista, 4
advogado, 4
dívida, 4
fixar, 4
capital, 4
lobo, 4
Literatura, 4
Bilbau, 4
Gostei, 4
feriado, 4
medieval, 4
V., 4
oficial, 4
conto, 4
prof, 4
Humanidades, 4
1974, 4
provisório, 4
nono, 4
hoteleira, 4
actualizar, 4
cozinheiro, 4
solteiro, 4
Nine, 4
incompleto, 4
fico, 4
Verdes, 4
mandor, 4
PROPN, 4
raíz, 4
permanecer, 4
baía, 4
recrutar, 4
rali, 4
Técnico, 4
acolher, 4
descer, 4
software, 4
parceria, 4
pós-doutoramento, 4
Afonsina, 4
diploma, 4
estagiar, 4
candidatura, 4
auxiliar, 4
Yeats, 4
parâmetro, 4
Universidades, 4
russo, 4
Ingleses, 4
pós-guerra, 3
Vivíamos, 3
chão, 3
empréstimo, 3
competição, 3
associado, 3
indiano, 3
vago, 3
certos, 3
apara, 3
recreio, 3
operar, 3
transferência, 3
completar, 3
Ferreira, 3
Freitas, 3
Continental, 3
minimamente, 3
conceito, 3
compra, 3
amplo, 3
provavelmente, 3
Central, 3
Norte, 3
sequência, 3
alimentação, 3
seca, 3
campanha, 3
urbano, 3
tentativa, 3
Escolhi, 3
preferir, 3
aceitação, 3
manipular, 3
passeio, 3
famoso, 3
desgosto, 3
azar, 3
construír, 3
instalar, 3
diversos, 3
vaga, 3
curto, 3
comparar, 3
instalado, 3
contas, 3
inicial, 3
feitura, 3
anexo, 3
extenção, 3
contabilidade, 3
nº, 3
pauta, 3
100, 3
tender, 3
truque, 3
separação, 3
durar, 3
compreensão, 3
agente, 3
adolescência, 3
dávar, 3
incentivar, 3
natureza, 3
incentivo, 3
fizesse, 3
moçambicano, 3
sensação, 3
experimentar, 3
desligar, 3
XVIII, 3
restaurar, 3
pinheiro, 3
trânsito, 3
Vale, 3
extra, 3
deslocar, 3
agrado, 3
quilómetro, 3
verde, 3
hábito, 3
marginal, 3
electrónico, 3
dá-me, 3
calor, 3
corresponder, 3
intervalo, 3
lacuna, 3
tiver, 3
necessidade, 3
Augusto, 3
d'Ansiães, 3
Alves, 3
Galiza, 3
Ourense, 3
bisavô, 3
Beira, 3
ramo, 3
Daniel, 3
herança, 3
claramente, 3
inteligência, 3
perfeição, 3
dirigir, 3
admirar, 3
extremo, 3
afectividade, 3
camisa, 3
pijama, 3
estimar, 3
refeição, 3
duplo, 3
cavalo, 3
Trabalhar, 3
bisavó, 3
infantil, 3
cuidado, 3
prosseguir, 3
vivíamos, 3
exterior, 3
estou-me, 3
criançada, 3
entreter, 3
serão, 3
campeão, 3
civilização, 3
implicar, 3
adaptação, 3
forçar, 3
recebi, 3
catequese, 3
seminário, 3
adiante, 3
pessoalmente, 3
pesado, 3
castanha, 3
Companhia, 3
evitar, 3
amor, 3
pouquinho, 3
verificar, 3
Carlos, 3
Turismo, 3
custo, 3
Licenciatura, 3
notável, 3
personalidade, 3
análise, 3
desenho, 3
missão, 3
Sociologia, 3
77, 3
matricial, 3
chamavar, 3
diálogo, 3
3º, 3
inspirar, 3
dir, 3
dá-se, 3
Direito, 3
Unidade, 3
Política, 3
doutor, 3
publicar, 3
contente, 3
vê-se, 3
mantenho, 3
Escola, 3
lazer, 3
preocupa-me, 3
conceber, 3
dependente, 3
prestação, 3
sobrevivência, 3
vigor, 3
conexão, 3
desempenho, 3
entanto, 3
honesto, 3
individualismo, 3
partido, 3
B, 3
solidariedade, 3
enriquecedor, 3
cozinhar, 3
humilde, 3
tinha-se, 3
fugaz, 3
certinho, 3
rígido, 3
voluntário, 3
Saíu, 3
refletir, 3
peripécia, 3
saír, 3
tornado, 3
especial, 3
sector, 3
Fiquei, 3
autonomia, 3
política, 3
Jovem, 3
Oh, 3
feminino, 3
credibilidade, 3
vender, 3
categoria, 3
mantenhor, 3
espalhar, 3
Ensino, 3
servir, 3
gozo, 3
inicialmente, 3
desatar, 3
rir, 3
indicar, 3
ei, 3
óptimo, 3
determinado, 3
saudável, 3
Macintoch, 3
hipocrisia, 3
sincero, 3
Vou, 3
riqueza, 3
1960, 3
ascendência, 3
estranhíssimo, 3
gerente, 3
fábrica, 3
jornalista, 3
paralelo, 3
acidente, 3
elevar, 3
atividade, 3
núcleo, 3
americano, 3
paixão, 3
gata, 3
trela, 3
jurar, 3
rola, 3
trauma, 3
pânico, 3
rede, 3
método, 3
C, 3
fraco, 3
punham-nos, 3
secretária, 3
impecável, 3
beijo, 3
provar, 3
Anatomia, 3
mecanismo, 3
organismo, 3
terrível, 3
coisita, 3
Sabes, 3
lidar, 3
humilhar, 3
detestar, 3
costumer, 3
senado, 3
apetecer, 3
canto, 3
algoritmo, 3
maluco, 3
discípulo, 3
bestial, 3
marginalizar, 3
sujeito, 3
negócio, 3
programadora, 3
postura, 3
interregno, 3
recomendar, 3
mania, 3
especificação, 3
boca, 3
serra, 3
fixo, 3
diariamente, 3
largar, 3
grua, 3
armário, 3
psicotécnico, 3
sustentar, 3
dava-me, 3
queria, 3
manual, 3
cancro, 3
libertar, 3
ovo, 3
àrea, 3
servidor, 3
micro-computador, 3
transversal, 3
penalizar, 3
Sinto, 3
solução, 3
intervenção, 3
contabilizar, 3
formá-los, 3
atrair, 3
energia, 3
carácter, 3
sintar, 3
conduzir, 3
Cêtos, 3
sacrifício, 3
Nacional, 3
existente, 3
publicação, 3
35, 3
encardenação, 3
predisposição, 3
salvo, 3
reformado, 3
temperamento, 3
reunir, 3
morávamos, 3
cabritinho, 3
procissão, 3
empregar, 3
4/5, 3
receio, 3
D.Pedro, 3
Lázaro, 3
9h, 3
chover, 3
metir, 3
joelho, 3
Simões, 3
5º, 3
peixe, 3
Ai, 3
desempregado, 3
Barcelinhos, 3
Médico, 3
1977, 3
deixas, 3
conversar, 3
formatura, 3
metralhadora, 3
descodificar, 3
1, 3
gravar, 3
escutar, 3
madrugada, 3
lavar, 3
anúncio, 3
conserva, 3
aeroporto, 3
tamanho, 3
micro, 3
gigante, 3
gratificante, 3
falhar, 3
camião, 3
grupinho, 3
centena, 3
Veio, 3
põer, 3
Chegámos, 3
fascinar, 3
Passado, 3
perdoo-te, 3
ofender, 3
defeito, 3
fulano, 3
amar, 3
economia, 3
março, 3
horizonte, 3
frase, 3
substituir, 3
ah, 3
fechado, 3
recebereis, 3
acolá, 3
leior, 3
adiantar, 3
sardinha, 3
agir, 3
notícia, 3
Francês, 3
lobito, 3
directamente, 3
jesuíta, 3
88, 3
gerar, 3
maravilhoso, 3
representar, 3
nisso, 3
basco, 3
viajem, 3
castelhano, 3
novidade, 3
meti-me, 3
podiar, 3
Machado, 3
Ás, 3
Comissão, 3
D.PedroV, 3
Lordelo, 3
importar, 3
pisar, 3
15/16, 3
par, 3
CPII, 3
modernidade, 3
Vida, 3
levanto-me, 3
saio, 3
pacato, 3
ponho-me, 3
desgaste, 3
adorar, 3
dormer, 3
bolo, 3
isolo, 3
habituar-me, 3
sentia, 3
aflição, 3
variar, 3
ginástica, 3
sogra, 3
Naval, 3
prancha, 3
1970, 3
convulção, 3
desembarquei, 3
histórico, 3
ciência, 3
mover, 3
melhoria, 3
recordo-me, 3
d.PedroV, 3
efectividade, 3
encomendar, 3
tampa, 3
imitar, 3
bancada, 3
laboratorial, 3
electrónica, 3
banca, 3
lava-louças, 3
disfarçar, 3
trinta, 3
progresso, 3
arrebentar, 3
costura, 3
Peniche, 3
2017, 3
estranho, 3
acolhimento, 3
benefício, 3
órgão, 3
relevância, 3
vínculo, 3
germânico, 3
%, 3
imagine, 3
Faculdade, 3
disse-me, 3
23, 3
U.M., 3
desaparecer, 3
progressão, 3
poesia, 3
contemporâneo, 3
Osbourne, 3
45, 3
nobreza, 3
toga, 3
obviamente, 3
expulsão, 3
academicamente, 3
Gabriela, 3
curricular, 3
desígnio, 3
adiar, 3
dissertação, 3
crescido, 2
projectar, 2
fotografia, 2
colo, 2
desastrado, 2
propriamente, 2
amoreira, 2
pico, 2
lembre, 2
6/8, 2
mediante, 2
moradia, 2
germinar, 2
colar, 2
manhãs, 2
estendido, 2
sinónimo, 2
isola-nos, 2
protege-nos, 2
infra-vermelho, 2
queimar, 2
ultra-violeta, 2
ferroviário, 2
chamávar, 2
betão, 2
cimento, 2
mestiço, 2
puseram-me, 2
ocupação, 2
hóstia, 2
distribuição, 2
comportamento, 2
detectar, 2
completei, 2
Oeiras, 2
multi-racial, 2
chamada, 2
véspera, 2
mercado, 2
Austrália, 2
colónia, 2
comércio, 2
operário, 2
inferior, 2
tendência, 2
barato, 2
veio-nos, 2
sentir-me, 2
lavagem, 2
cérebro, 2
publicidade, 2
PIDE, 2
pacatamente, 2
sentíar, 2
general, 2
terrorismo, 2
74, 2
osprimeiro, 2
massacre, 2
revolta, 2
susto, 2
eincendiado, 2
deAbril, 2
deslocávamo-nospara, 2
problemassó, 2
maio, 2
preparatório, 2
clima, 2
seco, 2
aquecimento, 2
cachecol, 2
luva, 2
rapar, 2
danar, 2
pós-revolução, 2
oportunismo, 2
plenário, 2
Vermelhas, 2
1hora, 2
casinha, 2
Caldas, 2
casámos, 2
poupar, 2
Fizemos, 2
conhecíar, 2
colocado, 2
afinal, 2
trimestre, 2
continuação, 2
reacção, 2
científico, 2
vício, 2
contínuo, 2
D.PedroV., 2
posterior, 2
rés-do-chão, 2
conhecíamos, 2
44, 2
mantêr, 2
irresponsabilidade, 2
200/300, 2
150, 2
inscritos, 2
generalizado, 2
Chegar, 2
choca-me, 2
baralha-me, 2
entendiar, 2
degradação, 2
reviver, 2
Hitler, 2
atrever, 2
têr, 2
inserção, 2
inseri-los, 2
dizer-lhes, 2
sensato, 2
atentar, 2
semetre, 2
desanimar, 2
Mudam, 2
desanimado, 2
assustado, 2
esperavar, 2
inserir, 2
espectáculo, 2
vestido, 2
dança, 2
folclórico, 2
Conseguimos, 2
Chegamos, 2
convivíar, 2
disponível, 2
gozar, 2
experimental, 2
engravidar, 2
desmontar, 2
bagagem, 2
tejadilho, 2
doPorto, 2
colchão, 2
comtudo, 2
possamos, 2
costa, 2
sistematicamente, 2
Gerês, 2
tenda, 2
ficávamos, 2
Caminha, 2
afastar, 2
consigar, 2
molhar, 2
Barcelona, 2
quinzena, 2
atento, 2
dispensar, 2
socalco, 2
relva, 2
atalho, 2
destruir, 2
acampar, 2
esporádico, 2
sinta, 2
Cidade, 2
sinto, 2
lago, 2
compacto, 2
Parque, 2
cuidar, 2
agradar, 2
reservar, 2
leve, 2
6h30, 2
sento-me, 2
adormeçer, 2
costume, 2
9horas, 2
18hora, 2
legislação, 2
estante, 2
quisemos, 2
gostávar, 2
calmo, 2
centrar, 2
juízo, 2
sintam, 2
judaico, 2
parcela, 2
nomeadamente, 2
feitor, 2
agrícola, 2
ceifar, 2
laboração, 2
flor, 2
reportado, 2
letrar, 2
dominar, 2
conduzi, 2
reputação, 2
escasso, 2
afabilidade, 2
preponderância, 2
delicado, 2
carinhoso, 2
amoroso, 2
vigilante, 2
prover, 2
ás, 2
ceroula, 2
cueca, 2
calça, 2
provinha, 2
devotar, 2
raríssimo, 2
fazia-se, 2
cordialidade, 2
manteve-se, 2
bois, 2
anomalia, 2
térreo, 2
pedra, 2
guarda, 2
pequenina, 2
mensagem, 2
recado, 2
pertencir, 2
caseiro, 2
representação, 2
surpreender, 2
realidade, 2
variação, 2
timidez, 2
garantia, 2
problemático, 2
camaradagem, 2
entreajuda, 2
mota, 2
érar, 2
escondidas, 2
assalto, 2
fingir, 2
passavam-se, 2
distracção, 2
Visto, 2
contador, 2
enviar, 2
célebre, 2
honra, 2
estima, 2
disciplinar, 2
prossegui, 2
correspondente, 2
noviciado, 2
poderei, 2
firme, 2
duração, 2
violência, 2
evidência, 2
repetir, 2
vou-me, 2
previsto, 2
hesitação, 2
camionagem, 2
cheiro, 2
recente, 2
Reitoria, 2
apelo, 2
Tirso, 2
Maximinos, 2
Louvain, 2
leccionar, 2
aprofundado, 2
temática, 2
grupal, 2
Análise, 2
apetência, 2
reduzido, 2
animação, 2
imposição, 2
preferi, 2
psicólogo, 2
Cultural, 2
estúdio, 2
hotel, 2
Comunicação, 2
2000, 2
mantiver, 2
lançar, 2
48, 2
acetato, 2
deficiência, 2
bibliográfico, 2
cave, 2
fotocópia, 2
Comissões, 2
Pedagógica, 2
dividiar, 2
iniciativa, 2
cimentar-se, 2
delineado, 2
diminuição, 2
trecho, 2
âmbito, 2
antropologia, 2
Dra, 2
Palaná, 2
lançamento, 2
intuito, 2
inversão, 2
diminuir, 2
regredir, 2
desfavor, 2
autonomizar, 2
estrutural, 2
pesquisa, 2
Entendo, 2
busca, 2
unificador, 2
objecto, 2
sombra, 2
dominante, 2
documentação, 2
mesa, 2
estivessem, 2
brilhante, 2
render, 2
podir, 2
instância, 2
imediato, 2
relativo, 2
adequado, 2
provocar, 2
tristeza, 2
entendo, 2
desejar, 2
destino, 2
artista, 2
Tinham, 2
meio-dia, 2
autoritário, 2
rigor, 2
escape, 2
anteriormente, 2
missa, 2
corríamos, 2
feijão, 2
centeio, 2
barro, 2
rudimentar, 2
mercearia, 2
raio, 2
azeite, 2
quartilho, 2
pequenito, 2
resumiar, 2
Real, 2
noto, 2
numas, 2
pesar, 2
12/13, 2
decomunicação, 2
defesa, 2
pormenor, 2
directo, 2
Tombali, 2
areal, 2
coitado, 2
patrulha, 2
privilegiar, 2
cubano, 2
integrer, 2
queeu, 2
mexiar, 2
1979, 2
secção, 2
cripton, 2
espantar, 2
mesito, 2
informar, 2
bacharelato, 2
marketing, 2
hei-de, 2
caí, 2
balcão, 2
seguida, 2
conduta, 2
acréscimo, 2
Dei, 2
conseguer, 2
canal, 2
pró-aluno, 2
Emigração, 2
I, 2
conjuntura, 2
espalhado, 2
arranque, 2
devíamos, 2
disseram-me, 2
psicologia, 2
grosso, 2
coluna, 2
Cruz, 2
extinguir, 2
escassez, 2
queme, 2
habilitação, 2
Aíssa, 2
elemento, 2
atar, 2
soletrar, 2
Têxtil, 2
sobreviver, 2
hobbiezinho, 2
Levanto-me, 2
almoçamos, 2
20horas, 2
honestidade, 2
errado, 2
inserido, 2
arrepender, 2
dente, 2
Branco, 2
Conceição, 2
Carneiro, 2
descender, 2
PAX, 2
falso, 2
umapessoa, 2
confessar, 2
recuperar, 2
arquitecto, 2
Marat, 2
Alta, 2
autodidacta, 2
7º, 2
revolucionário, 2
redacção, 2
Português-Francês, 2
deviar, 2
neto, 2
Sampaio, 2
Recordações, 2
conflito, 2
Chegava, 2
boneca, 2
cowboy, 2
proibir, 2
abusar, 2
vê-los, 2
gato, 2
atropelar, 2
exigente, 2
cabolona, 2
fazia-me, 2
dar-lhes, 2
biber, 2
galinheiro, 2
cordeirinho, 2
convencr, 2
1978, 2
Lima, 2
rever, 2
mental, 2
pouquíssimo, 2
soubesse, 2
falha, 2
marca, 2
Estudar, 2
competitividade, 2
sabesr, 2
monitor, 2
alternativa, 2
Sistemas, 2
percebir, 2
stressar, 2
interromper, 2
esclarecer, 2
suponhar, 2
batir, 2
absoluto, 2
incrível, 2
Devia, 2
más, 2
penalizante, 2
trabalhávar, 2
esquisito, 2
global, 2
oportunista, 2
prepotente, 2
justo, 2
Algoritmos, 2
Monteiro, 2
deixor, 2
tímido, 2
discurso, 2
porreiro, 2
irreverente, 2
pós, 2
procurava-me, 2
assíduo, 2
Espelunca, 2
tapete, 2
esticava-se, 2
morder, 2
-"Passe, 2
fazia-lhe, 2
demonstração, 2
chateava-se, 2
graça, 2
sentavar, 2
Tirem-me, 2
punha-o, 2
iar, 2
cheirar, 2
ir-se, 2
desistência, 2
respondi, 2
-"Pois, 2
percorrer, 2
procuravr, 2
reclamar, 2
Fernandes, 2
prendia-o, 2
atirar, 2
Prendia-o, 2
atentado, 2
rezar, 2
caír, 2
nascimento, 2
tirav, 2
divorciado, 2
significativo, 2
Dava, 2
Civil, 2
defender, 2
trabalhinho, 2
aplicação, 2
cálculo, 2
financeiro, 2
vice-presidente, 2
UNIX, 2
terrivelmente, 2
Necho, 2
complicaram-se, 2
ganhava-se, 2
caiu-me, 2
Trabalhei, 2
ingrato, 2
bastidor, 2
visibilidade, 2
serviçoera, 2
retorno, 2
apetecia-me, 2
decepcionante, 2
elogiavam-me, 2
mestrar, 2
legitimidade, 2
grave, 2
-"Ainda, 2
1999, 2
Alterámos, 2
tecnologicamente, 2
empenhei-me, 2
Mário, 2
lavra, 2
reestruturár, 2
Kosovo, 2
caíu, 2
reformular, 2
estabilizar, 2
omolete, 2
opiáceo, 2
incapacitar, 2
intelectualmente, 2
programado, 2
elaborar, 2
conseguíar, 2
Directiva, 2
articulação, 2
obrigaram-me, 2
norma, 2
Internet, 2
Interessavam-me, 2
placa, 2
patamar, 2
genial, 2
Clusters, 2
Cluster, 2
pensá-los, 2
configuração, 2
enconstar-me, 2
boxe, 2
programo, 2
causa-me, 2
Windows, 2
sitema, 2
coerência, 2
interligar, 2
resistência, 2
subordinado, 2
transformação, 2
atrasei-me, 2
ouço, 2
converso, 2
-"Agora, 2
humildade, 2
recorrer, 2
implementação, 2
prescindi, 2
acudir, 2
rentabilizar, 2
prateleira, 2
pô-los, 2
portugês, 2
Verde, 2
Tomé, 2
tecnológico, 2
prestígio, 2
amadurecimento, 2
compensar, 2
privado, 2
conquistar, 2
propor, 2
Manuel, 2
1950, 2
cêtos, 2
Guerra, 2
aldeiazinha, 2
sentimento, 2
enraizar, 2
rebentar, 2
transmitir, 2
gravação, 2
incremento, 2
cliente, 2
escrita, 2
objetivo, 2
quinzenalmente, 2
moura, 2
diversificado, 2
guardar, 2
madrinha, 2
Rodovia, 2
Verão, 2
31, 2
S.Victor, 2
Guadalope, 2
pertinho, 2
marcante, 2
frigorífico, 2
1966, 2
descoberta, 2
espantoso, 2
papá, 2
fractura, 2
marcou-me, 2
Congregados, 2
condução, 2
carrito, 2
14h, 2
Vieira, 2
triste, 2
3ª, 2
desculpa, 2
empenho, 2
finta, 2
Apanhei, 2
ditado, 2
maravilha, 2
anito, 2
maldade, 2
sentava-me, 2
pão, 2
Informáticos, 2
interessado, 2
6º, 2
face, 2
partidário, 2
adiamento, 2
incorporação, 2
chumbei, 2
chamaram-me, 2
dáva-se, 2
querar, 2
belo, 2
Olha, 2
madrasta, 2
encontrávamo-nos, 2
descasar, 2
Digamos, 2
moldura, 2
casal, 2
800, 2
99, 2
6h, 2
3h, 2
engraxar, 2
bota, 2
farda, 2
prego, 2
22h, 2
kg, 2
dependurar, 2
tricote, 2
amplitude, 2
abrandar, 2
comandante, 2
gritar, 2
Salte, 2
tiraram-me, 2
mato, 2
mina, 2
1973, 2
propósito, 2
ultramar, 2
fabuloso, 2
etc, 2
Trabalhávamos, 2
hierarquia, 2
inimigo, 2
km, 2
recolhíamo, 2
cidadezinha, 2
entregar, 2
abandonar, 2
libertação, 2
subsistência, 2
puro, 2
machamba, 2
penteado, 2
Concorri, 2
legume, 2
21h30, 2
Beira-Nairobi, 2
Ficamos, 2
4h30, 2
Libreville, 2
Gabão, 2
parado, 2
ração, 2
combate, 2
ferida, 2
Sousa, 2
computadorzinho, 2
utilização, 2
15h, 2
General, 2
Loureiro, 2
4h, 2
postos, 2
coitadinho, 2
Aventuras, 2
compilação, 2
linkagem, 2
sintaxe, 2
2h, 2
palmo, 2
abriguei-me, 2
alumiar-me, 2
conhecia-os, 2
lindo, 2
Guarda, 2
exiger, 2
Entrava, 2
stand-by, 2
Salomão, 2
dávamo, 2
universo, 2
nacional, 2
Começaram, 2
velocidade, 2
programita, 2
disse-lhe, 2
caro, 2
doação, 2
justiça, 2
importantíssimo, 2
perdoar, 2
semáforo, 2
reagir, 2
possuir, 2
perante, 2
semanalmente, 2
inaugurar, 2
lucro, 2
membro, 2
Argentina, 2
encantar, 2
repartir, 2
milhão, 2
acompanhei, 2
Cristandade, 2
palestra, 2
Viana, 2
posso-lhe, 2
fundir, 2
interruptor, 2
avariado, 2
fusível, 2
Jesus!, 2
dinheirão, 2
Envangelho, 2
dai, 2
sogro, 2
Convivemos, 2
trocar, 2
brasa, 2
harmonia, 2
percalço, 2
imigração, 2
petróleo, 2
tue, 2
correiro, 2
comerciante, 2
bofetado, 2
dar-me, 2
tábua, 2
unido, 2
sucesso, 2
amargurar, 2
disser, 2
recto, 2
distrito, 2
discussão, 2
estudávar, 2
perigo, 2
10h, 2
levantava-me, 2
16h, 2
vesícula, 2
1934, 2
inconcebível, 2
entusiasmar, 2
lia, 2
escrito, 2
Políticas, 2
mala, 2
doloroso, 2
golo, 2
aborrecido, 2
cara, 2
Realmente, 2
isolado, 2
18/19, 2
quintas-feira, 2
PRODEP, 2
governar, 2
trabalhávamo, 2
instaladora, 2
voz, 2
Taipas, 2
arrependido, 2
3.500, 2
provisoriamente, 2
criour, 2
discutir, 2
Queríamos, 2
colonialista, 2
preconceito, 2
Castro, 2
exercer, 2
Pinto, 2
IEC, 2
Cultura, 2
título, 2
barcharelato, 2
moro, 2
26, 2
muitíssimo, 2
pisada, 2
atractivo, 2
limpinho, 2
autorização, 2
hotelaria, 2
descansado, 2
Fui-me, 2
surpresa, 2
Chegaram, 2
sensibilizado, 2
inscrever-me, 2
ajudante, 2
Conhecíamo-nos, 2
Cerqueira, 2
Toni, 2
CEFOP, 2
atraiçoe, 2
Osório, 2
distingo, 2
modernizar, 2
faz-se, 2
asneira, 2
er, 2
Tecla, 2
janto, 2
atingir, 2
intenção, 2
Ginástica, 2
corte, 2
filhinha, 2
1987, 2
Retomei, 2
decidi, 2
IAP, 2
nun, 2
gratuíta, 2
prontifico-me, 2
perdia-me, 2
vamo-nos, 2
monótono, 2
diversificarmo, 2
sobrecarregado, 2
denominar, 2
horroso, 2
prisão, 2
dQuando, 2
assaltar, 2
implementar, 2
aparece-me, 2
Pega-me, 2
camisola, 2
leva-me, 2
queria-lhe, 2
Escorraçou-me, 2
expliquei-lhe, 2
vê-me, 2
pergunta-me, 2
funcionária, 2
levaram-me, 2
mostrar-me, 2
apresentar-me, 2
espectacular, 2
espaçoso, 2
artificial, 2
apertado, 2
Neves, 2
adaptar-me, 2
davam-se, 2
pedir-me, 2
pdir, 2
aviar, 2
gerência, 2
fresquinhas, 2
bebida, 2
notaram-se, 2
IMAC, 2
i-me, 2
mexia-me, 2
faladeiro, 2
retraio-me, 2
fecho-me, 2
tromba, 2
concentrar, 2
reflito, 2
Cristina, 2
Helena, 2
é.com, 2
contratação, 2
paciência, 2
deslocação, 2
Parecer, 2
pressionamr, 2
Entendem, 2
obrigatóriamento, 2
Tento, 2
frequência, 2
flexibilidade, 2
ponhar, 2
pequeno-almoço, 2
terço, 2
Andei, 2
Saúde, 2
Madeira, 2
52, 2
juntamente, 2
1969, 2
Ficaram, 2
Maputo, 2
comprou-me, 2
naútico, 2
regata, 2
raide, 2
bolso, 2
docência, 2
rapidamente, 2
Pereira, 2
Estavam, 2
equipamento, 2
tesouraria, 2
vedar, 2
dividido, 2
eco, 2
casa-banho, 2
Dormia, 2
divertido, 2
partilhávar, 2
vazio, 2
avaliar, 2
avaliação, 2
conhecíamo-nos, 2
foi-se, 2
encher, 2
recentemente, 2
constante, 2
Leixões, 2
Fontes, 2
Perrota, 2
tô, 2
manufatura, 2
liderança, 2
industrialização, 2
background, 2
acolhido, 2
interagir, 2
simplesmente, 2
quilo, 2
socialização, 2
aplicar, 2
comentar, 2
3D, 2
ilustr, 2
Marco, 2
motivação, 2
brasileiro, 2
burocrático, 2
contactar, 2
alt, 2
Maurício, 2
internato, 2
Alemão, 2
amiga, 2
ilha, 2
primavera, 2
visível, 2
convocar, 2
eramos, 2
estímulo, 2
canção, 2
vermos, 2
efetivo, 2
Council, 2
Universitário, 2
suprir, 2
candidato, 2
selecionar, 2
dilema, 2
concomitantemente, 2
grato, 2
reaver, 2
A5, 2
reparar, 2
sonhar, 2
verba, 2
chefia, 2
Essex, 2
pauzinho, 2
literário, 2
norte-americano, 2
XX, 2
reencontr, 2
abordagem, 2
ator, 2
palco, 2
tradução, 2
o’Casey, 2
encantava-me, 2
internacional, 2
progredir, 2
advogar, 2
ascender, 2
lista, 2
diferenciador, 2
expulsar, 2
eleição, 2
voto, 2
Rui, 2
Keating, 2
Aplicadas, 2
implosão, 2
vinhr, 2
quantas, 2
2023, 2
êxito, 2
Tradução, 2
etiqueta, 2
critério, 2
vierem, 2
Linguística, 2
subsídio, 2
assiduidade, 2
proveito, 2
milagre, 2
podia-me, 2
2020, 2
@corpus\AlbertoProenca.md, 1
mira, 1
noivo, 1
cine-teatro, 1
filmar, 1
vejo, 1
colecção, 1
amora, 1
delicioso, 1
fartura, 1
galinha, 1
fartar, 1
estragavam-se, 1
papeira, 1
coqueiro, 1
flôr, 1
trepar, 1
pré-primária, 1
tempos-livr, 1
pátio, 1
parecir, 1
carteira, 1
Brincava, 1
ídolo, 1
aproximar, 1
liga, 1
segmentação, 1
distanciamento, 1
misturar, 1
puto, 1
estômago, 1
trombose, 1
coronário, 1
cardiologista, 1
Completei, 1
Chaínho, 1
Fuialuno, 1
ManuelValença, 1
Couto, 1
deDeus, 1
boleia, 1
Sociedade, 1
ex-colónia, 1
metiar, 1
62, 1
Vim, 1
genérico, 1
habitat, 1
modus, 1
vivendi, 1
Joanesburgo, 1
Pretória, 1
queneste, 1
círculo, 1
automáticamental, 1
semelhança, 1
argelino, 1
turco, 1
Ocupam, 1
habitante, 1
ia-se, 1
desvantagem, 1
barreira, 1
europeia, 1
condicionalismo, 1
ouajuntamento, 1
infeliz, 1
mesquinha, 1
debatiam, 1
insignificante, 1
mesmoao, 1
preferer, 1
laço, 1
dosbairro, 1
pequenoproblema, 1
62/63, 1
Mós, 1
Regressei, 1
Electrotécnica, 1
Técnica, 1
inverno, 1
temperatura, 1
namorardescontraída, 1
vento, 1
Vedras, 1
corri, 1
inteirinho, 1
mini-apartamento, 1
Acabar, 1
casei-me, 1
vidinha, 1
acidade, 1
pudéssemos, 1
charco, 1
julho, 1
atribular, 1
inflação, 1
montado, 1
electrodoméstico, 1
tostão, 1
Equipam, 1
equipar, 1
móvel, 1
mobília, 1
candeeiro, 1
sofá, 1
improvisávamos, 1
retracção, 1
encaixar, 1
pusemos, 1
Optámos, 1
ex-departamento, 1
Desisti, 1
Tentámos, 1
algures, 1
colocação, 1
FEUP, 1
motivador, 1
prazo, 1
Desconhecia, 1
entusiasmadíssimo, 1
contratou-me, 1
aluga, 1
conheci, 1
desmesuradamente, 1
tivésse, 1
extremanente, 1
pós-25, 1
baralhado, 1
prepotência, 1
recém, 1
transpor, 1
Ambição, 1
pudemos, 1
78/79, 1
renda, 1
concebar, 1
Londres, 1
Organizávamos, 1
solicitar, 1
actuarmos, 1
pós-graduação, 1
regularmente, 1
agenda, 1
turismo, 1
desaparecíamos, 1
England, 1
viesse, 1
consegui, 1
capítulo, 1
Foiter, 1
meado, 1
tralha, 1
carrinho, 1
Uno, 1
meuFiat, 1
127, 1
finito, 1
Vinham, 1
alcatifaenrolada, 1
tanque, 1
umcanhão, 1
desenrascavar, 1
monótona, 1
desvalorizar, 1
colher, 1
ingrata, 1
rebeldia, 1
antever, 1
dois/, 1
mochila, 1
Passeava, 1
prece, 1
Connosco, 1
inverter, 1
reviravolta, 1
caravana, 1
aceitararia, 1
cabedelo, 1
otite, 1
constantemente, 1
àgua, 1
parto, 1
entror, 1
maré, 1
vazar, 1
morno, 1
tropical, 1
diversão, 1
Baracas, 1
leva-os, 1
explorar, 1
Suiça, 1
Aústria, 1
porqueé, 1
habituarar, 1
Vivo, 1
restaurei, 1
Mantive, 1
Divisão, 1
soalho, 1
podre, 1
castanho, 1
fruta, 1
carvalho, 1
castanheiro, 1
vale, 1
morada, 1
d'Este, 1
encosta, 1
Monte, 1
pedregoso, 1
Lamaçães, 1
Velhas, 1
acampávamos, 1
paródia, 1
encarar, 1
adoptei-me, 1
minhoto, 1
afastandr, 1
interessamo, 1
discoteca, 1
200, 1
habitacional, 1
recanto, 1
sobe, 1
desce, 1
preocupado, 1
Atravessar, 1
palmeira, 1
recta, 1
está-me, 1
bugs, 1
8h30/, 1
8h30/9, 1
paper, 1
sanduíche, 1
Sistematicamente, 1
faca, 1
garfo, 1
suposto, 1
Chegando, 1
culpado, 1
concreto, 1
adormecer, 1
Criei, 1
excesso, 1
levávamos, 1
Felicidades, 1
marcou-a, 1
garantir, 1
Custou-nos, 1
saíu-no, 1
pêlo, 1
restauro, 1
antevejo, 1
critica, 1
relaxar, 1
Podíamos, 1
orientado, 1
argentino, 1
Albertos, 1
Cairo, 1
Egipto, 1
andávar, 1
mentalizar, 1
respeitinho, 1
telefono, 1
moem-nos, 1
telefonar, 1
simultaneamente, 1
célula, 1
@corpus\AnibalAlves.md, 1
Secundino, 1
Rosa, 1
chamavam-se, 1
Neto, 1
Figueiredo, 1
provém, 1
Trancoso, 1
autóctone, 1
Imagina-se, 1
proveniência, 1
alfaiate, 1
emigração, 1
judeu, 1
cristão, 1
Beiras, 1
provável, 1
oração, 1
caçador, 1
coelho, 1
perdiz, 1
modalidade, 1
adolescente, 1
apagar, 1
patrocínio, 1
dobrar, 1
lavrar, 1
jumento, 1
orientar-nos, 1
uso, 1
Carinhos, 1
originário, 1
madeira, 1
compartimento, 1
saleta, 1
Recordo, 1
dispersamo, 1
pregnante, 1
comodidade, 1
propriedade, 1
rústico, 1
merenda, 1
meninice, 1
imigrámos, 1
diriger, 1
Surgem-me, 1
isolamento, 1
vejo-me, 1
constituição, 1
gordinho, 1
brincalhão, 1
consciente, 1
cordial, 1
Motas, 1
pau, 1
Menino, 1
fi-los, 1
burguesia, 1
portuense, 1
emendar, 1
provincianismo, 1
desaparecimento, 1
centrado, 1
estruturar, 1
Invernos, 1
sacola, 1
serapilheira, 1
aguardávar, 1
refeitório, 1
dormitório, 1
ilustre, 1
amadrinhar, 1
Soutelo, 1
1957, 1
detalhar, 1
influencior, 1
violentíssimo, 1
pobreza, 1
mudávar, 1
utensilagem, 1
impossibilidade, 1
sacerdócio, 1
veleidade, 1
atracção, 1
dizendo:-, 1
missionário, 1
admiti, 1
prolongar, 1
sobreveio, 1
consistência, 1
negociei, 1
longamente, 1
desvincular-me, 1
declarar-no, 1
desenvolveu-se, 1
aproximação, 1
conversão, 1
compromisso, 1
encetar, 1
consistente, 1
parti, 1
casámo-no, 1
34, 1
tivéssemos, 1
vidência, 1
parafrasear, 1
lembra-me, 1
localizar, 1
Magalhães, 1
esfumado, 1
gasóleo, 1
avesso, 1
berça, 1
transmontana, 1
alheio, 1
extraordinariamente, 1
saudoso, 1
agradou-me, 1
optimista, 1
franco, 1
confirmar, 1
alojamento, 1
Vivi, 1
encontrár, 1
Condestável, 1
residimos, 1
prefeito, 1
Morei, 1
Waterloo, 1
Bruxelas, 1
Docente, 1
combinava-se, 1
requerer, 1
brilho, 1
exímio, 1
fenomenologia, 1
existencialismo, 1
emergir, 1
interpessoal, 1
arte, 1
levou-me, 1
aprovação, 1
32, 1
hesitar, 1
fazê-la, 1
Milão, 1
Terminada, 1
desenvolvi, 1
Psicanálise, 1
74/75, 1
encaminhei-me, 1
Desenho, 1
escolástico, 1
Caldinhas, 1
parcial, 1
postar, 1
Teologia, 1
inclinação, 1
enormemente, 1
preferência, 1
escondir, 1
prepar, 1
lição, 1
kitchinette, 1
Agente, 1
Socialização, 1
agitar, 1
suprimir, 1
caducar, 1
exerci, 1
Social,, 1
centravar, 1
repetitiva, 1
Engenheiros, 1
Professores, 1
60A, 1
60B, 1
60C, 1
raso, 1
estrar, 1
suportava, 1
larga, 1
rosto, 1
didáctico, 1
audiovisual, 1
ú;tel, 1
policópia, 1
pujança, 1
notório, 1
multiplicar, 1
fonte, 1
intimidade, 1
contrapartida, 1
estreito, 1
ombro, 1
aperto, 1
desastre, 1
comprimido, 1
acalorado, 1
debate, 1
Julgo, 1
testemunho, 1
anunciar, 1
marcação, 1
entrega, 1
pergunta-me:-, 1
sr.professor, 1
diz:-, 1
sr., 1
grávido, 1
desacerto, 1
imediatamente, 1
aviso, 1
diz-me:-, 1
Dr., 1
mereçar, 1
disse:-r, 1
remédio, 1
documente, 1
alterar, 1
Vivências, 1
Dias, 1
domingueiro, 1
festivo, 1
Deixo, 1
8h20, 1
sina, 1
Departamento, 1
Curso, 1
simultâneo, 1
conjugo, 1
assistência, 1
começo, 1
Geralmente, 1
paragem, 1
3hora, 1
procurer, 1
afazer, 1
acadêmico, 1
exijir, 1
acta, 1
interesso, 1
filosóico, 1
ética, 1
concentração, 1
curtinhas, 1
acabor, 1
raríssimas, 1
ouçar, 1
Leio, 1
Saramago, 1
abri, 1
tempo-livre, 1
certifico, 1
furtar, 1
radical, 1
Acompanhar, 1
índoles, 1
dupla, 1
dispersão, 1
exerçor, 1
segregar, 1
Preocupa-me, 1
úni-la, 1
satisfatório, 1
padecer, 1
Vejo, 1
estimular, 1
criativo, 1
alicerçar, 1
repercuter, 1
fundamentalmente, 1
predominantemente, 1
altamente, 1
tutela, 1
complexidade, 1
primordial, 1
emperrado, 1
mover-nos, 1
agilidade, 1
articular, 1
despedida, 1
amadurar, 1
convicção, 1
aprofundamento, 1
concluir, 1
aperfeiçoável, 1
conjugar, 1
maturação, 1
desfrutar, 1
@corpus\AntonioMota.md, 1
1947, 1
Caires, 1
Habitei, 1
nuclear, 1
emigrar, 1
alambique, 1
estritamante, 1
Percorria, 1
Palmilhava, 1
patriarcal, 1
Respeitinho, 1
dióspireiro, 1
dióspiro, 1
sagrado, 1
disciplinador, 1
queirámos, 1
desenrasca, 1
subordinação, 1
mantive, 1
manda-, 1
impunha-me, 1
individualista, 1
disputa, 1
impunhr, 1
damo-nos, 1
frieza, 1
aténa, 1
miséria, 1
comparação, 1
protecção, 1
culinária, 1
mandado, 1
caminhar, 1
folhada, 1
travesseiro, 1
cômodo, 1
simplório, 1
gás, 1
mesmíssimo, 1
grão, 1
media-se, 1
bacalhau, 1
baratucho, 1
vinhinho, 1
porco, 1
presuntozinho, 1
aminhar, 1
jáfui, 1
reminiscênciazinha, 1
umedifício, 1
talvezgar, 1
queguardo, 1
luzinha, 1
dasbrincadeira, 1
danova, 1
osquatro, 1
sossegadinho, 1
umacriança, 1
normalíssimo, 1
corrermosà, 1
pedrar, 1
rachar, 1
amim, 1
tanger, 1
ea, 1
concretamente, 1
normasmuito, 1
euressentia-me, 1
inibido, 1
pequenitoe, 1
ocultar, 1
emrelação, 1
desenraizar, 1
Eusaí, 1
fériazinha, 1
cimentei, 1
umcigano, 1
14/15, 1
depanificação, 1
ofereci-me, 1
naGuiné, 1
Ainfância, 1
nivel, 1
napanificação, 1
emAlmada, 1
Moderna, 1
tiveum, 1
desaber, 1
pogredir, 1
nãofui, 1
serviçomilitar, 1
artilharia, 1
agrande, 1
militare, 1
ter-me, 1
ogosto, 1
Falavamuito, 1
influenciou-nos, 1
tambémteve, 1
factor, 1
adolecênciacom, 1
ofereci-mepara, 1
umbocar, 1
bloquear, 1
ninguémescapar, 1
réclame, 1
segui, 1
acheiengraçar, 1
lápróximo, 1
39, 1
muitodo, 1
---(faixa2, 1
2m5s, 1
ondepassar, 1
comandoda, 1
marítimo, 1
etelex, 1
Fazíamos, 1
comando, 1
Forçaaérea, 1
exército, 1
porqueestávamos, 1
acontra-informação, 1
incluivé, 1
empastelamento, 1
Conacri, 1
asmentira, 1
proclamar, 1
deoperação, 1
apopulação, 1
maisdaquele, 1
as"tabanca, 1
deTombali, 1
daRTP, 1
búzio, 1
eaquilo, 1
escuro, 1
RTP, 1
bote, 1
lancha, 1
Eaquilo, 1
Aágua, 1
dezminutos, 1
baldes, 1
deguerra, 1
confinava-se, 1
mata, 1
Morés, 1
Elesentravam, 1
tínhamosinformação, 1
reduto, 1
agoracomo, 1
contigente, 1
apanharcubano, 1
anti-aérea, 1
imediaçõese, 1
suprido, 1
libanese, 1
legiãoestrangeira, 1
asoperação, 1
fazíamospraticamente, 1
transbordo, 1
seserá, 1
navio, 1
semanasinteiro, 1
retrógrar, 1
apareceoutra, 1
cidadesem, 1
eupróprio, 1
doPaço, 1
confrontar, 1
umarealidade, 1
nenhumchoque, 1
Vínhamos, 1
paisagem, 1
Portopara, 1
Eujá, 1
comprovar, 1
faltava-me, 1
novato, 1
evoluído, 1
criptografia, 1
ofício, 1
sobrava-me, 1
Ermelinda, 1
automaticamente, 1
posteriormente, 1
Emília, 1
falecir, 1
Luísa, 1
permanentemente, 1
pastinha, 1
faziar, 1
folha, 1
enfronhar, 1
legislativo, 1
atribuição, 1
favorecer, 1
segredo, 1
insegurança, 1
Vou-os, 1
rapariga?, 1
irrequieto, 1
contestatário, 1
pára-quedas, 1
linear, 1
mentira, 1
precaulço, 1
dividir, 1
anti-alunos, 1
I., 1
estrato, 1
nisto, 1
noutro, 1
interiorizei, 1
descrito, 1
Auniversidade, 1
umerro, 1
telefonávamo, 1
enviávar, 1
postal, 1
aquiloà, 1
maravilhas, 1
muitosdesse, 1
nosvisitam, 1
dagente, 1
coisaestá, 1
massificado, 1
irpara, 1
dasmudanças, 1
efectuar, 1
positivoé, 1
grandeza, 1
Umagestão, 1
caça, 1
paradesenvolver, 1
ninguémdesmente, 1
sedebruçassar, 1
repartição, 1
Humanos, 1
osobjectivo, 1
ADSE, 1
analisar, 1
excedente, 1
doc, 1
RecursosHumanos, 1
afecta-me, 1
terresolução, 1
sentimo-nosperdido, 1
assente, 1
darinformação, 1
algunscorredor, 1
autogestão, 1
muitomau, 1
umafricano, 1
umacertidão, 1
atender, 1
porsinal, 1
alipróximo, 1
Eentão, 1
minuta, 1
acolega, 1
assimchegar, 1
deu-lhe, 1
paraela, 1
calar, 1
certidãoJosé, 1
Mané, 1
nobalcão, 1
especar, 1
Depoisveio, 1
jeitinho, 1
Equal, 1
elá, 1
gozoaquilo, 1
JoséMané, 1
eaquela, 1
estavaem, 1
auniversidade, 1
parece-me, 1
deInformática, 1
eleperguntou-me, 1
perguntou-me:-"E, 1
cursocomo, 1
digo-lhe, 1
ele:-, 1
Mestre, 1
Deobras, 1
muitobem, 1
Dispersão, 1
Esperar, 1
osmeu, 1
sobrevivo, 1
nestemur, 1
odia-a-dia, 1
podemospré-destinar, 1
viessepar, 1
afectivosquerio, 1
dadoânimo, 1
coma, 1
estápéssimo, 1
Desaúde, 1
desaúde, 1
estãoentregue, 1
bicharada, 1
adedicação, 1
melhorpossível, 1
aguardar, 1
estabilizado, 1
dápar, 1
menosassegurar, 1
emgeral, 1
estareipor, 1
maleca, 1
naactividade, 1
entendo-me, 1
domino, 1
nosector, 1
enxerto, 1
fruteirazinha, 1
danatureza, 1
quebrar, 1
chegoà, 1
telenovela, 1
eeu, 1
metar, 1
Artigozinhos, 1
longodo, 1
dia-a-diaé, 1
higiene, 1
clientela, 1
escolase, 1
recolho, 1
todosjunto, 1
17h30volto, 1
conforme, 1
eentão, 1
vamosàs, 1
cultivar, 1
trupedeado, 1
garoto, 1
canalha, 1
presencio, 1
integridade, 1
influenciado, 1
evoluí, 1
envolvido, 1
tornei-me, 1
egoísta, 1
aliança, 1
fino, 1
vivido, 1
gozado, 1
formidável, 1
jumbo, 1
submarino, 1
fragata, 1
dragamina, 1
normalizar, 1
bando, 1
religião, 1
misturava-se, 1
integrava-se, 1
smilai, 1
alativai, 1
doutrina, 1
antropológico, 1
Mandingas, 1
Valantes, 1
Fluctos, 1
Macondes, 1
furar, 1
golpear, 1
gozei, 1
@corpus\CeciliaMoreira.md, 1
chamav, 1
Sepriano, 1
chamava-o, 1
éo, 1
meupai, 1
usaapena, 1
emBraga, 1
desparecer, 1
Supunha-se, 1
Casou-se, 1
meubisavô, 1
piano, 1
falavafrancê, 1
Vieram, 1
aBrago, 1
envelhecer, 1
foidar, 1
indicador, 1
dosCottinelli, 1
culto, 1
fugazmente, 1
Dorealizador, 1
Telmo, 1
amorrer, 1
efoi, 1
quemfugiu, 1
boémia, 1
adoptou-lhe, 1
figura, 1
pintor, 1
músico, 1
progenitor, 1
derivar, 1
Marados, 1
bisavós, 1
trisavós, 1
remediar, 1
2º, 1
sindicalista, 1
auto-cultivou-se, 1
Trabalhava, 1
dedicor, 1
literária, 1
nenhumas, 1
Latim, 1
português-Francês, 1
revisão, 1
alimentar, 1
tenho-as, 1
caótico, 1
esquerda, 1
desorganizado, 1
percorriam-nas, 1
pós-laboral, 1
7h, 1
Natais, 1
ajudaram-me, 1
Introduziram-me, 1
livreiro, 1
unidos, 1
solidário, 1
maria-rapaz, 1
índio, 1
cross, 1
Reagi, 1
proibição, 1
varanda, 1
proibido, 1
leviandade, 1
piriquito, 1
presos, 1
obriguei-a, 1
arranhou-me, 1
pescoço, 1
Forçei-a, 1
infelicidade, 1
oferecir, 1
gaiola, 1
sobreviv, 1
cativeiro, 1
obcesão, 1
solto, 1
réguar, 1
juntas, 1
grandessíssimo, 1
Imitava, 1
reguar, 1
àquele, 1
livrar, 1
bruxa, 1
puxão, 1
integrar-me, 1
selecção, 1
alfabeto, 1
repetente, 1
monstro, 1
disparidade, 1
estranhíssima, 1
pintar, 1
mãezinha, 1
ajudava-as, 1
distinguir-me, 1
distinção, 1
fraquíssima, 1
repender, 1
Detestava, 1
insulto, 1
negativa, 1
cabeleireira, 1
útil, 1
Aceitei, 1
Carvalho, 1
Araújo, 1
dizia-me, 1
insistir, 1
marrona, 1
metódico, 1
auto-defesa, 1
brilhantemente, 1
desarrumar, 1
síntese, 1
Costumava, 1
obecesão, 1
detestava-me, 1
cumprimentar, 1
finger, 1
fingi, 1
orgulhoso, 1
cumprimentava-a, 1
servia, 1
vírgula, 1
obriguei-os, 1
desprezo, 1
preferidinha, 1
oficialmente, 1
luxo, 1
explicar-lhes, 1
horroroso, 1
indiscritível, 1
Entra-se, 1
horrivelmente, 1
estudavar, 1
brutalmente, 1
comparativamente, 1
enlouquecer, 1
antecedência, 1
marrar, 1
fisiologia, 1
racional, 1
sumar, 1
começou-me, 1
pressão, 1
safassem, 1
esconder, 1
múltiplo, 1
perguntei-lhe, 1
decorado, 1
perguntou-me, 1
fui-lhe, 1
Pensavas, 1
lorpa, 1
levantei-me, 1
amarrar, 1
armar, 1
barraco, 1
vivênca, 1
humilhante, 1
cadeia, 1
tratavam-se, 1
mínimo, 1
suporto, 1
sentar-me, 1
compatível, 1
bestalidade, 1
saia, 1
brutal, 1
mediano, 1
refrescar, 1
parvalhão, 1
aturar, 1
interrompi, 1
insultar, 1
Percebi, 1
fui-me, 1
alucinante, 1
perdoe, 1
hospício, 1
péssima, 1
percorríar, 1
tunel, 1
apareceu-me, 1
gago, 1
gaguejar, 1
pneu, 1
peneu, 1
alucinar, 1
tique, 1
excelência, 1
cordão, 1
umbilical, 1
deveria-me, 1
fracote, 1
queixeer, 1
infra-estrutura, 1
Wang, 1
osso, 1
coincidência, 1
incomportável, 1
deixáva-nos, 1
calhou-me, 1
Tornámo-nos, 1
Mexer, 1
furo, 1
intriga, 1
caladinho, 1
rato, 1
irreverência, 1
Físicas, 1
disparate, 1
Matemátia, 1
tomávar, 1
Santos, 1
introduzir, 1
Alexandre, 1
Comigo, 1
acontecia, 1
boicotar, 1
àqueles, 1
inquestionavelmente, 1
competente, 1
pedagogicamente, 1
comunicar, 1
pecerber, 1
existíar, 1
Matemáticas, 1
guardo, 1
escritas, 1
facultar, 1
lir, 1
transformar, 1
simplificar, 1
mito, 1
mostrava-, 1
desmistificar, 1
guia, 1
Demorei, 1
Alexandra, 1
encontr, 1
enquadrar, 1
enquadrei-me, 1
Nani, 1
assumia, 1
vice-versa, 1
pretexto, 1
ping-pong, 1
riar, 1
Mantínhamos, 1
diplomático, 1
agressão, 1
mútuo, 1
PCP, 1
UDP, 1
introduzer, 1
liberalização, 1
deveria-se, 1
discriminalizar, 1
psíquico, 1
-"Foi, 1
galhofa, 1
chamei-lhe, 1
sofisticado, 1
descobria-me, 1
polícia, 1
soltar, 1
encontrar-me, 1
levava-o, 1
preferível, 1
portar, 1
Amor, 1
engraçados, 1
##, 1
vaifazer, 1
agora13, 1
Moram, 1
frade, 1
explicor, 1
Ficou-me, 1
complicour, 1
Tecnologia, 1
substituí-los, 1
Suponho, 1
11º, 1
biscate, 1
Continuei, 1
gráver, 1
concretizar, 1
fascina-me, 1
preta, 1
Convivi, 1
descrevar, 1
esforçar, 1
afectivamente, 1
desperdício, 1
desperdiço, 1
envolvar, 1
francamente, 1
cometi, 1
metodologia, 1
gabar, 1
mérito, 1
tinha-me, 1
pago, 1
dobro, 1
insatisfeito, 1
satisfação, 1
cumpri, 1
balanço, 1
@corpus\JoseMoreira.md, 1
S.Vitor, 1
Ermída, 1
sermos, 1
Alentejo, 1
súbito, 1
realizador, 1
assinar, 1
apelido, 1
d', 1
Morta, 1
escassear, 1
vivessemos, 1
solta, 1
-"Olha, 1
Deixa-o, 1
comunitário, 1
contribuia, 1
absolutamente, 1
pautar, 1
caracterizar, 1
aústero, 1
dámo-nos, 1
irmandade, 1
distribuído, 1
part-time, 1
1961, 1
crónica, 1
agência, 1
noticioso, 1
obsoleto, 1
composição, 1
Livraria, 1
Lta, 1
papelaria, 1
7/8, 1
Livraria-Editorial, 1
editora, 1
existência, 1
doSouto, 1
desfazer, 1
falência, 1
faliu, 1
estendi, 1
posse, 1
encadernação, 1
resolução, 1
acordo, 1
Correio, 1
salvaguadar, 1
fucionários, 1
salvaguardar, 1
maquinaria, 1
venda, 1
desbarato, 1
sucata, 1
colaboradore, 1
relacionávamo, 1
Domingos, 1
Armando, 1
Pinharanda, 1
fundação, 1
CODEP, 1
ligor, 1
bastar, 1
salvar, 1
alertar, 1
preservação, 1
segunda-feira, 1
Aspas, 1
anual, 1
variado, 1
guiar, 1
Lago, 1
Rulães, 1
Fafe, 1
Arões, 1
barriga, 1
mosqueteiro, 1
rebate, 1
Saltando, 1
noutra, 1
contam-me, 1
Arcada, 1
eléctrio, 1
Manel, 1
doterceiro, 1
previdência, 1
Marchal, 1
becozinho, 1
traseira, 1
Miguel, 1
Fernando, 1
Leonor, 1
rapa-tacho, 1
454, 1
novito, 1
ui, 1
Senhora, 1
combinar, 1
pusemo-lo, 1
Fizeram, 1
choradeira, 1
zangaram-se, 1
reportagem, 1
quarenta, 1
educar, 1
agnóstico, 1
180º., 1
-"O, 1
mete, 1
chupeta, 1
embalas, 1
malandrice, 1
marutice, 1
miudagem, 1
6/7, 1
tratava-o, 1
tratava-me, 1
tratávamo-no, 1
tratávar, 1
queridinho, 1
tropelia, 1
5/6, 1
avenida, 1
craniano, 1
cuidadoso, 1
Póvoa, 1
Aventurazinhas, 1
aventurinha, 1
pré-primário, 1
Volkswagem, 1
12h30, 1
dístico, 1
Ponte, 1
d'Arcos, 1
refiro, 1
referer, 1
acabado, 1
2ª, 1
-"Ó, 1
revelar, 1
reservado, 1
cauteloso, 1
drible, 1
pregar, 1
rasteira, 1
rasteirou-me, 1
terraço, 1
Paralelipípedo, 1
chuto, 1
retrair, 1
suponhamos, 1
palmada, 1
raro, 1
souberam, 1
incutir, 1
juvenis, 1
sli, 1
extra-escola, 1
mistura, 1
encurvado, 1
prima, 1
encurvar, 1
distraído, 1
matricular, 1
ingressar, 1
Iriam, 1
Bolas, 1
tira-nos, 1
chatice, 1
9º, 1
enganei, 1
viu-se, 1
Advocacia, 1
commuito, 1
engrenar, 1
cláusula, 1
vítima, 1
oposição, 1
socialista, 1
comunista, 1
Regime, 1
declarar, 1
luta, 1
despique, 1
eleitoria, 1
afirmar, 1
clareza, 1
Instituto, 1
Aconteceque, 1
àquilo, 1
durinho, 1
dizia-lhe, 1
Teresa, 1
reguila, 1
rogar, 1
conhecia-me, 1
farto, 1
Andava, 1
empenado, 1
Teresinha, 1
Lembras-te, 1
lar, 1
casamos, 1
transporte, 1
S.Torcato, 1
Torcato, 1
avozinha, 1
Raio, 1
campainha, 1
anel, 1
noivado, 1
abuse, 1
Meninos, 1
estivessemos, 1
consolidar, 1
Casámos, 1
divã, 1
passa, 1
complemento, 1
àespera, 1
cedência, 1
comodismo, 1
egoísmo, 1
moldar, 1
pata, 1
entendimento, 1
saber-perder, 1
ti, 1
ela´é, 1
prejudicado, 1
calçar, 1
vestir, 1
cabeleireiro, 1
micronda, 1
torto, 1
tb, 1
crânio, 1
factura, 1
Ângelo, 1
Popular, 1
CDS-PP, 1
parao, 1
19/20, 1
inpecção, 1
aprovado, 1
dedo, 1
disparar, 1
mencioneer, 1
alvorada, 1
parada, 1
aulita, 1
gastava-se, 1
recebiar, 1
barbinha, 1
Deitávamo-nos, 1
sossegar, 1
Trofaria, 1
Tejo, 1
Caparica, 1
propositadamente, 1
esplêndido, 1
ansioso, 1
desejoso, 1
pousar, 1
Luanda, 1
rendição, 1
individual, 1
atirador, 1
elite, 1
interferência, 1
acontecimento, 1
dormíamos, 1
quartozinho, 1
beliches, 1
rapazinho, 1
louça, 1
prato, 1
alumínio, 1
cãezinho, 1
Charat, 1
patente, 1
cordenávamor, 1
alferes, 1
corregueiros, 1
intercepção, 1
Fretilin, 1
morse, 1
0,5, 1
descodificávamos, 1
codificar, 1
rotatividade, 1
folga, 1
Dondo, 1
Climano, 1
Bucuva, 1
Convivíamos, 1
dávamo-nos, 1
0h, 1
desconfiança, 1
parta, 1
confiar, 1
dialecto, 1
evoluída, 1
dedicavam-se, 1
Gadozinho, 1
campinho, 1
rectângulozinho, 1
machanba, 1
deu-se, 1
Electricidade, 1
peder, 1
pandemónio, 1
saírem, 1
apelidar, 1
Eis, 1
Fico, 1
trabalhei, 1
desactivar, 1
dali, 1
Xeque, 1
metido, 1
meteu-se-lhes, 1
punho, 1
agravar, 1
Passei, 1
fomiona, 1
Potugal, 1
Saí, 1
Indonésia, 1
invadir, 1
Timor, 1
Devíamos, 1
fazermos, 1
Acabamos, 1
atravessamos, 1
sobrevoar, 1
Aterramos, 1
Acabámos, 1
infecção, 1
saía-me, 1
vitamina, 1
condensado, 1
fominha, 1
valente, 1
ia-lhe, 1
ataque, 1
sapato, 1
desapertado, 1
Memórias, 1
banda, 1
magnético, 1
impressora, 1
disquete, 1
potencialidade, 1
quizer, 1
abrer, 1
devidamente, 1
credenciar, 1
CI, 1
Passámos, 1
concentravar, 1
começár, 1
3h30, 1
coordenar, 1
trabalheira, 1
incomodar, 1
constantemento, 1
restrição, 1
refilar, 1
arejar, 1
particularmente, 1
relatar, 1
cortejo, 1
iam-me, 1
obrigavam-me, 1
faziam-me, 1
proliferação, 1
MCC, 1
conheciar, 1
1992, 1
87/88, 1
momumental, 1
estaleiro, 1
Matosinhos, 1
escada, 1
transportar, 1
sede, 1
descomunal, 1
enormíssimo, 1
amovível, 1
Eh, 1
lavandaria, 1
limpeza, 1
evoluír, 1
conteúdo, 1
sustenção, 1
probleminha, 1
Ramada, 1
Filipe, 1
gráfico, 1
digitalização, 1
scanner, 1
scanners, 1
PLOTTER, 1
deficiente, 1
Armadas, 1
próteses, 1
dáva-lhe, 1
homem-a-dias, 1
18h/18h30, 1
3/3h30, 1
processar, 1
investigador, 1
Fortran, 1
Pascal, 1
preocupavr, 1
Batch, 1
corrido, 1
8h-12h, 1
utilizar, 1
Escusava-se, 1
punhar, 1
cedinho, 1
Conhecia-os, 1
diparar, 1
cativar, 1
1971/72, 1
bizarro, 1
Dáva-se, 1
RDP, 1
emissora, 1
espetar, 1
circuito, 1
descobrissem, 1
persiana, 1
definição, 1
cometer, 1
basta-lhe, 1
2x2=5, 1
errada, 1
Deixa-me, 1
ficheiro, 1
stock, 1
realçar, 1
destinado, 1
eupenso, 1
exemplar, 1
competir, 1
pus, 1
dediquer, 1
Falha, 1
8h/8h15, 1
barba, 1
mulherpara, 1
profundo, 1
profissionalmente, 1
desenvolvir, 1
suspeito, 1
agridir, 1
humilha, 1
fizeste-nos, 1
rancor, 1
Perdoai, 1
ofensa, 1
perdoamos, 1
defeitostor, 1
perfeito, 1
Maniazinhas, 1
reage-se, 1
reajo, 1
Anda, 1
sejas, 1
aselho, 1
exagerar, 1
defeitos, 1
aconteçacomigo, 1
combater, 1
varredor, 1
câmara, 1
primeiro-ministro, 1
Sinto-me, 1
optimamente, 1
convição, 1
fé, 1
leva, 1
ceder, 1
aquecedor, 1
cobertor, 1
dou-lhe, 1
assar, 1
presto, 1
colaboro, 1
paróquia, 1
aconstrução, 1
deatitude, 1
deprestação, 1
reúnem, 1
alargado, 1
mandamento, 1
Amai-vos, 1
quisermos, 1
fisico, 1
Alenquer, 1
aonde, 1
iremos, 1
pólo, 1
empresarial, 1
comunhão, 1
basear, 1
reunimo-nos, 1
aprofundar, 1
supérfluo, 1
Camarões, 1
Quénia, 1
Burundi, 1
aderir, 1
impressionar, 1
Pai, 1
130, 1
aderente, 1
interssantíssimo, 1
semelhante, 1
incute, 1
servi-lo, 1
feio, 1
antipático, 1
actuar, 1
colaborar, 1
alongar, 1
fundadora, 1
contruir, 1
ocupado, 1
pensão, 1
viúva, 1
Zé, 1
paguar, 1
podesr, 1
cheque, 1
devolver, 1
desconto, 1
descontar, 1
desinteressadamente, 1
Dai, 1
convivor, 1
divirto-me, 1
costumo, 1
Ttemos, 1
visitamo-nos, 1
Paz, 1
universal, 1
obreiro, 1
decretar, 1
bandeira, 1
crior, 1
problemazinho, 1
mesquinhice, 1
ajeitar, 1
Dámos, 1
eltua, 1
come-a, 1
cruo, 1
construar, 1
Construo, 1
disponho-me, 1
Penso, 1
discernimento, 1
rodeiar, 1
iate, 1
recebas, 1
recompensa, 1
recebes, 1
estavas, 1
aliá, 1
fortuna, 1
felicidade, 1
decepcionar, 1
tivese, 1
Teria, 1
rodear, 1
exibicionista, 1
andor, 1
contraposta, 1
sorriso, 1
superioridade, 1
manifestar, 1
maltratante, 1
encar, 1
mundial, 1
ucraniano, 1
exploração, 1
trazem-no, 1
refinar, 1
essencial, 1
gasolina, 1
toa, 1
consenso, 1
arragar, 1
ias, 1
hospital, 1
fizeres, 1
começas-me, 1
fizeste, 1
fizestar, 1
continuor, 1
perdoo, 1
@corpus\LucioCraveiro.md, 1
Nascido, 1
27, 1
1914, 1
Raimundo, 1
indústrial, 1
1998, 1
Interior, 1
empreendedor, 1
simpatia, 1
nãotinha, 1
pedaço, 1
galera, 1
crer, 1
dispensado, 1
séc, 1
., 1
XIX, 1
Velhinho, 1
passeeir, 1
formaçãovem, 1
émal, 1
Aminha, 1
édoméstico, 1
tocavama, 1
pianola, 1
violino, 1
instrumento, 1
anoite, 1
passava-a, 1
Devem-me, 1
essasreunião, 1
dançar, 1
disperso, 1
alegrar, 1
relacionavr, 1
entendia-me, 1
acompanhavr, 1
fracasso, 1
ajudr, 1
pôr-me, 1
lutador, 1
fogo, 1
Imagine, 1
queainda, 1
oscolega, 1
inscreverar, 1
merci, 1
Beaucoup, 1
Issoficou-me, 1
convíviar, 1
euestar, 1
permitiaentrar, 1
duvidar, 1
fossepara, 1
demo-nos, 1
tivessemos, 1
estávamosjunto, 1
Éramosmuito, 1
encontrávar, 1
Juntámo-nos, 1
telefone, 1
elaporque, 1
vidacatólica, 1
tolerante, 1
republicano, 1
monárquico, 1
dou-me, 1
daquelas, 1
troca, 1
respeitam-me, 1
Ficava, 1
povoação, 1
Amoreira, 1
esburacada, 1
9h30, 1
ficou-me, 1
carros-de-bois, 1
dizia:"Olha, 1
não., 1
quer-me, 1
bata-me, 1
ardor, 1
pulso, 1
ditador, 1
equilibrar, 1
delicadeza, 1
empurrão, 1
Aprende, 1
punhr, 1
união, 1
acampamento, 1
juramento, 1
cumprimento, 1
Atravessamos, 1
gostávamos, 1
marcor, 1
entusiasmei-me, 1
palmatória, 1
preparávamo, 1
devo-lhe, 1
reprovação, 1
entusiasmandor, 1
Primavera, 1
admirado, 1
consegui-me, 1
conseguia-nos, 1
endireitar, 1
fundamento, 1
compria, 1
dizia:"Isso, 1
culturalmente, 1
Levanda, 1
resumo, 1
atribuo, 1
distrair, 1
cansaço, 1
esgotamento, 1
desencanto, 1
Rodrigo, 1
Cáseres, 1
Oia, 1
convidaram-me, 1
Económica, 1
Deuston, 1
doutorei-me, 1
doutoramente, 1
1945/50, 1
madrugamo, 1
Anoiteceu, 1
metropolitano, 1
Caí, 1
dei-me, 1
Portgal, 1
4-1, 1
recebem-me, 1
salva-de-palma, 1
portámo-no, 1
vasco, 1
catalão, 1
juntávamo-nos, 1
Aconteceu-me, 1
gordo, 1
disse-lhe:-"Espera, 1
trampolho, 1
senhora:-"Muito, 1
portuguesa, 1
Coitadinha, 1
arrasar, 1
-"Oh, 1
desculper, 1
saíu-nos, 1
situado, 1
cauda, 1
pareceu-me, 1
atrasar, 1
incapacidade, 1
desenvolvido, 1
fechadote, 1
alemã, 1
amargura, 1
nação, 1
Víamos, 1
fundamental, 1
escolhia, 1
conver, 1
Bolonha, 1
mobilidade, 1
pequeníssimo, 1
parede, 1
Silva, 1
disse:-"O, 1
Eça, 1
restauração, 1
pintada, 1
Barroca, 1
solene, 1
osábado, 1
XVI, 1
Bom-Jesus, 1
edifíciono, 1
sinal, 1
Alberto, 1
-"Um, 1
consular, 1
bracarense, 1
1952/53, 1
peseta, 1
Morreu, 1
impôs-se, 1
1955, 1
viessem, 1
400, 1
congressista, 1
pobríssima, 1
constui, 1
ganhei, 1
jubilado, 1
pediram-me, 1
investigar, 1
ajudor, 1
erradaé, 1
miserável, 1
candidatar, 1
vencer, 1
Passaram-se, 1
Êxitos, 1
Públicas, 1
povoar, 1
Évora, 1
instituto, 1
excepcional, 1
disse:-"Vamo, 1
trouxe-a, 1
pensor, 1
Barcelos, 1
prescindir, 1
Exército, 1
venderam-nos, 1
-"Desde, 1
façam, 1
condutiz, 1
asfixiado, 1
prever, 1
obrigou-nos, 1
obrigaram-nos, 1
subsidíadas, 1
convir, 1
compor, 1
meteu-se, 1
vai-se, 1
Monção, 1
reuner, 1
apoiámos, 1
apresentou-me, 1
expulsos, 1
devagar, 1
veio, 1
passei-o, 1
Música, 1
Conservatório, 1
Disseram-nos, 1
conservatório, 1
desilusão, 1
intaladora, 1
Instalação, 1
1984, 1
1983, 1
tutelar, 1
arquivo, 1
castelo, 1
precário, 1
Valeu-nos, 1
der, 1
Português-Inglês, 1
animador, 1
Línguas, 1
Lloyd, 1
Educação, 1
bacharelato-licenciatura, 1
Físico-Quimicas, 1
pavilão, 1
@corpus\ManuelSa.md, 1
chamo-me, 1
1952, 1
Bouro, 1
Moure, 1
meste, 1
setenta, 1
queres, 1
idêntico, 1
analfabeto, 1
alternar, 1
falta-me, 1
Amélia, 1
convivia, 1
tocava-me, 1
pré-escolar, 1
marcava-me, 1
63, 1
68, 1
cantinho, 1
seleccionados, 1
Deixei, 1
papo, 1
Chumbei, 1
desiludido, 1
28, 1
casei, 1
incentivá-los, 1
ajudo-a, 1
liberto, 1
alinho, 1
alinhar, 1
pedem-me, 1
sports, 1
entretei-vos, 1
ficha, 1
inclusivé, 1
Predial, 1
ido, 1
contei-lhes, 1
Sabor, 1
voltinha, 1
decente, 1
ri-se, 1
Frankford, 1
pegávar, 1
Gostávamos, 1
Americano, 1
deixár, 1
Rápido, 1
separadamente, 1
Castelo, 1
fixada, 1
modificar, 1
pacatar, 1
7h45, 1
saiar, 1
tenter, 1
direitinho, 1
corra, 1
prezar, 1
dormo, 1
refugio, 1
Famíia, 1
quemor, 1
Benfica, 1
distante, 1
adulto, 1
voar, 1
Gostaria, 1
matriculei-me, 1
continuidade, 1
trajecto, 1
despesa, 1
digno, 1
@corpus\PaulaAnjo.md, 1
Anjo, 1
1968, 1
Parretas, 1
varreu-me, 1
Sozinhos, 1
Sentímo-, 1
Sabia, 1
viu-no, 1
desesperar, 1
Nogueira, 1
Sameiro, 1
frigideira, 1
brincávar, 1
celeste, 1
corda, 1
castigavam-me, 1
retirada, 1
cortávam-me, 1
doce, 1
Terminei, 1
tempinho, 1
Ajudava, 1
raramente, 1
tornou-me, 1
coviço, 1
ando, 1
distanciar, 1
reflectir, 1
desportivo, 1
Adorava, 1
ginasta, 1
solo, 1
Optei, 1
Vermelha, 1
socorrista, 1
socorrer, 1
acidentado, 1
coragem, 1
Namoramos, 1
trapo, 1
Filipa, 1
Levantava-me, 1
berrar, 1
vester, 1
vestia-a, 1
despia-se, 1
vestiam-na, 1
caseer, 1
Chorei, 1
dde, 1
noiva, 1
case, 1
Sentia, 1
casava, 1
casada, 1
chateado, 1
orçamento, 1
solteira, 1
considero-me, 1
Deixar, 1
Desporto, 1
pratico, 1
audição, 1
aconselhou-me, 1
coisinha, 1
aeróbico, 1
ajudam-nos, 1
corridinha, 1
escadório, 1
Ler, 1
faz-nos, 1
Chateia-me, 1
Compro, 1
encostar, 1
compro, 1
durmo, 1
preguiçoso, 1
picasse, 1
picar, 1
8/9, 1
Tenta, 1
-, 1
prometo, 1
lenvantar, 1
Custa-me, 1
Acoo, 1
chego, 1
irritado, 1
9h45, 1
chegada, 1
sande, 1
bucar, 1
pede-me, 1
habitue, 1
visto-a, 1
habituor, 1
extras, 1
trabalhito, 1
T3, 1
stressado, 1
stressante, 1
Medo, 1
perguntam-me, 1
mini, 1
decorar, 1
ceú, 1
culpa, 1
Yugo, 1
batedela, 1
siga, 1
concorrar, 1
dedico-me, 1
piroleta, 1
troquinho, 1
giro, 1
@corpus\VascoFreitas.md, 1
geologia, 1
remoto, 1
mães, 1
Abreu, 1
Mor, 1
prendar, 1
seis-sete, 1
acampado, 1
Juventude, 1
vizinhança, 1
barquinho, 1
defensor, 1
windsurf, 1
barquito, 1
descida, 1
agarrar, 1
desaguar, 1
rio, 1
tempestade, 1
safeer, 1
16/17, 1
SNAC, 1
1971, 1
Conheci-a, 1
equivaler, 1
Beira-Alta, 1
decorrer, 1
Tete, 1
alimento, 1
logística, 1
reflexo, 1
ultramarina, 1
control, 1
vieram-se, 1
18-19, 1
paquete, 1
marcado, 1
desmobilizar, 1
naturalidade, 1
libertaram-me, 1
Raídes, 1
Abril, 1
lembrer, 1
Escrevi, 1
obter, 1
província, 1
Enguardas, 1
mini-mercado, 1
mercadozinho, 1
carreiro, 1
Conde, 1
Misericórdia, 1
GNR, 1
Mudei-me, 1
acompanhou-me, 1
milha, 1
de1976, 1
relatório, 1
escrizer, 1
professorBarbosa, 1
Loyd, 1
Químico, 1
conhecia-o, 1
descoberto, 1
encontrei-o, 1
Rossio, 1
encontrei-me, 1
legalizar, 1
telecomunicação, 1
encontrámo-nos, 1
entreguei, 1
discuti, 1
formalmente, 1
Instalações, 1
CETE, 1
Exactas, 1
mencionar, 1
contrator, 1
quantidade, 1
aquisição, 1
organizativo, 1
Acompanhei, 1
expansão, 1
negociação, 1
foro, 1
1985/86, 1
CPI, 1
Pedagógico, 1
segui-se, 1
forar, 1
dizíamos, 1
saltinho, 1
Português, 1
Naturais, 1
objectivamente, 1
Ambiente, 1
estávamos, 1
Memo, 1
estivéssemos, 1
planear, 1
reverso, 1
planeamento, 1
direcção, 1
ultrapassarar, 1
folgado, 1
usado, 1
desperdiçar, 1
inocente, 1
Canadá, 1
Saudita, 1
excepto, 1
curiosamente, 1
chama-me, 1
livrinho, 1
mapa, 1
biografia, 1
preocupaçãoo, 1
aparentemente, 1
veterinária, 1
realizem, 1
ver-me, 1
administrativamente, 1
formalismo, 1
livra, 1
escapo-me, 1
fenda, 1
nade, 1
ficor, 1
motor, 1
precaução, 1
minimizar, 1
literalmente, 1
Costa, 1
tenho-o, 1
aventureiro, 1
sociável, 1
Figueira, 1
Mondego, 1
Ráso, 1
Cascais, 1
Belém, 1
ancorar, 1
travessia, 1
Sagres, 1
Lagos, 1
@corpus\danielle_entrevista.md, 1
03/04/2024, 1
ex-aluna, 1
componente, 1
Digitais, 1
alusivo, 1
conclusão, 1
abordar, 1
efetuar, 1
registro, 1
extração, 1
visualização, 1
lexical, 1
linguístico, 1
Agradeço, 1
qualitativo, 1
quantitativo, 1
Pessoal, 1
Perrotta, 1
engenheira, 1
atualmente, 1
equipe, 1
Trabalho, 1
tranquilidade, 1
comparável, 1
Vivência, 1
finalizar, 1
2016, 1
focar, 1
tópico, 1
ponte, 1
produção, 1
2010, 1
pra, 1
renome, 1
aliar, 1
Fit, 1
acolhida, 1
hospitalidade, 1
prestativo, 1
evento, 1
sessão, 1
interação, 1
Magusto, 1
quentinhas, 1
socializar, 1
quadrado, 1
Imagina, 1
solitário, 1
bedelho, 1
arranjávar, 1
atacar, 1
socializem, 1
interajir, 1
Conhecer, 1
tar, 1
respondido, 1
gestor, 1
gênero, 1
close, 1
contact, 1
contribuir, 1
confesso, 1
favorita, 1
agregar, 1
aplicável, 1
incrivelmente, 1
Restart, 1
meta, 1
controlador, 1
Adorei, 1
tormento, 1
Destaques, 1
inesquecível, 1
vivenciar, 1
diversidade, 1
composto, 1
polímero, 1
metal, 1
notoriedade, 1
sapatilha, 1
enfrentar, 1
Idas, 1
Vindas, 1
ocasionar, 1
superar, 1
suave, 1
carga, 1
pegada, 1
tranquilo, 1
terminei, 1
super, 1
ensaio, 1
mexicano, 1
venezuelano, 1
nacionalidade, 1
legal, 1
brasileira, 1
conosco, 1
pandemia, 1
Positivo, 1
esá, 1
exclusividade, 1
moroso, 1
requer, 1
assinatura, 1
ressaltar, 1
exclusivo, 1
observor, 1
protocolo, 1
Norma, 1
renovar, 1
refazer, 1
Profissional, 1
relevante, 1
Mestrado, 1
reportar, 1
diretamente, 1
facilitadora, 1
tá, 1
obrigadaa, 1
@corpus\mauricio_entrevista.md, 1
Louro, 1
text](gco_visita_exposicao_70_anos_tep_2024_08.webp, 1
áudio, 1
Contexto, 1
Cantanhede, 1
migrar, 1
avizinhar, 1
Margarida, 1
conscientemente, 1
respirar, 1
Estudei, 1
candidata, 1
70-71, 1
71-72, 1
72-73, 1
Românicas, 1
financeiramente, 1
lavrador, 1
perfil, 1
Liceal, 1
alínea, 1
chamava-, 1
inscrevemo-nos, 1
Germânica, 1
filológico, 1
1972, 1
proletária, 1
sopa, 1
legião, 1
Ilha, 1
proletário, 1
densamente, 1
amiguinha, 1
Matenho, 1
reformar-me, 1
estavam-me, 1
insucesso, 1
divertidíssimo, 1
fez-me, 1
invés, 1
cor, 1
Ford, 1
paradigmático, 1
Falámos, 1
marcelista, 1
complementar, 1
Salazar, 1
Caetano, 1
aliviar, 1
tensão, 1
repressão, 1
imprimir, 1
anquilosado, 1
72, 1
falarer, 1
tinha, 1
76/77, 1
germânica, 1
apêndice, 1
volumoso, 1
Beatles, 1
atrativo, 1
circundante, 1
legendar, 1
ouvíar, 1
Marisol, 1
Joselito, 1
animar, 1
and, 1
Gato, 1
apelativo, 1
Italiano, 1
Beatlemania, 1
retraíram-se, 1
proselitismo, 1
divulgação, 1
patrocinar, 1
diferentes, 1
britânico, 1
dava-nos, 1
pensamento, 1
divergente, 1
instituir, 1
profissionalizante, 1
/77, 1
chamou-nos, 1
ameaçar, 1
profissionalizado, 1
saer, 1
daríamos, 1
ameaça, 1
pender, 1
au, 1
pair, 1
telefonema, 1
culpar, 1
mini-concursos, 1
Mini-concursos, 1
nacionalmente, 1
seriar, 1
qualificado, 1
recorte, 1
escrevi, 1
datilografar, 1
Caíde, 1
oriental, 1
Rainha, 1
preenchir, 1
Campanhã, 1
dezena, 1
PSP, 1
preencher, 1
demográfico, 1
reverter, 1
metodóloga, 1
ranchinho, 1
recém-licenciar, 1
boom, 1
aceite, 1
Secretaria, 1
Doutora, 1
efetiva, 1
efetivar, 1
odiar, 1
sinergia, 1
mater, 1
excluir, 1
pronunciar, 1
direto, 1
estimo, 1
dividiam-se, 1
simular, 1
imersão, 1
Norte-americana, 1
qua, 1
non, 1
intensamente, 1
formato, 1
treinar, 1
registar, 1
interiorizado, 1
Oportunidades, 1
instalador, 1
Campus, 1
reabilitaram-se, 1
dialogar, 1
regularidade, 1
recebía, 1
verão, 1
financiamento, 1
Drama, 1
Warwick, 1
Teatrais, 1
bolseiro, 1
Calouste, 1
ser-me, 1
financiar, 1
The, 1
short, 1
stick, 1
U.M, 1
estagiário, 1
x, 1
tramitação, 1
automático, 1
glorioso, 1
selecionado, 1
Short, 1
graduado, 1
raia, 1
dissesse, 1
Dê, 1
dê, 1
vinham, 1
linguística, 1
falador, 1
escolhir, 1
designado, 1
eram, 1
isabelino, 1
text](unnamed.jpg, 1
coleção, 1
Penguin, 1
O'Casey, 1
50/60, 1
Osborune, 1
Young, 1
democratização, 1
universade, 1
Brick, 1
objeto, 1
reemergir, 1
CENDREV, 1
suspender, 1
matrícula, 1
Teatro, 1
Trupe, 1
contigo, 1
O’Casey, 1
edição, 1
líamos, 1
leva-nor, 1
polaco, 1
Cott, 1
Our, 1
shakespeariano, 1
trouxe-me, 1
recolhiar, 1
preponderante, 1
Dramática, 1
Ibsen, 1
mitologia, 1
interessavr, 1
posicionamento, 1
controvérsia, 1
Abadia, 1
autobiografia, 1
afinidade, 1
subliminar, 1
perturbador, 1
panfletário, 1
programático, 1
caos, 1
verdadeiro, 1
shit, 1
stirrer, 1
70/80, 1
desdobravam-se, 1
privilegiadíssimo, 1
coordenei, 1
reproduzir, 1
determinante, 1
prévio, 1
descrédito, 1
intrínseco, 1
fazia-nos, 1
equacionou-se, 1
igualmente, 1
premissa, 1
equação, 1
verificável, 1
escolaridade, 1
licenciando, 1
oferta, 1
péssimo, 1
tarefazinha, 1
pontualmente, 1
retração, 1
estrado, 1
Anfiteatro, 1
operária, 1
décimo, 1
antena, 1
1.000, 1
televisivo, 1
encantado, 1
supostamente, 1
acessível, 1
concretizado, 1
universalmente, 1
prioridade, 1
1385, 1
jurista, 1
nobre, 1
dono, 1
reconhecir, 1
rainha, 1
rel, 1
Jorge, 1
agradecido, 1
deu-lhes, 1
benesse, 1
traje, 1
cimeiro, 1
ascensão, 1
desprezar, 1
Colonial, 1
grau, 1
fosses, 1
paridade, 1
igualdade, 1
diferenciação, 1
telefónico, 1
personagem, 1
enredo, 1
trâmite, 1
montagem, 1
antídoto, 1
marasmo, 1
começas, 1
entrastir, 1
venhas, 1
juntav, 1
colecionador, 1
sofrir, 1
anime, 1
pacote, 1
cereja, 1
Mudaram, 1
injustiça, 1
silêncio, 1
reflexão, 1
100/200, 1
sobra, 1
penoso, 1
piorar, 1
Universitária, 1
disto-, 1
reconstruir, 1
Rei, 1
República, 1
compartilhar, 1
honrar, 1
aval, 1
nomeação, 1
verdadeiramente, 1
democrático, 1
NOUN, 1
perseguir, 1
avisar, 1
Lopes, 1
impedido, 1
eminência, 1
indigitar, 1
vice-reitor, 1
votar, 1
Lúcio, 1
provincial, 1
seéculo, 1
hilariante, 1
vaca, 1
fria, 1
1780, 1
representante, 1
eleitoral, 1
representatividade, 1
alcatruz, 1
abstenção, 1
ocidental, 1
contemplar, 1
obrigatoriedade, 1
soube-me, 1
piar, 1
Pergunta-me, 1
sentença, 1
brinde, 1
acometir, 1
equiparar, 1
Chaves, 1
eminente, 1
tradutora, 1
Mullin, 1
rank, 1
promotora, 1
criadora, 1
diretora, 1
gerir, 1
Shakespeare, 1
Irlandesa, 1
DEINA, 1
falou-me, 1
98, 1
97, 1
proposta, 1
Passou, 1
desiludidíssima, 1
Toulouse, 1
constituir, 1
fileira, 1
unir, 1
fillière, 1
continuár, 1
oportuno, 1
pedagogia, 1
demográfica, 1
anunciado, 1
dito, 1
retornar, 1
contra-puserar, 1
sangria, 1
clandestino, 1
reprodutivo, 1
Complicado, 1
fluência, 1
instabilidade, 1
acrescia, 1
fator, 1
40.000, 1
50.000, 1
contabilizado, 1
paragono, 1
empregabilidade, 1
crédito, 1
estár, 1
reformada, 1
reformei, 1
redução, 1
aprendi, 1
suscitar, 1
Ensinar, 1
inquietação, 1
resolvir, 1
equacionar, 1
informado, 1
gravador, 1
ouver, 1
requisito, 1
EMT, 1
Masters, 1
label, 1
Europeu, 1
Permitir, 1
mais-valia, 1
valência, 1
matriz, 1
inventar, 1
elevado, 1
característico, 1
autodidata, 1
apaixonadíssima, 1
Japão, 1
intercalar, 1
L0inguística, 1
despacho, 1
designar, 1
propiciar, 1
justificar, 1
pedido, 1
àquelas, 1
qoiser, 1
generalidade, 1
perdir, 1
penalizador, 1
asiático, 1
permite-lhes, 1
prepararem, 1
seriamente, 1
lembrar-lhes, 1
falante, 1
glória, 1
economicamente, 1
74-75, 1
reorganizar, 1
autora, 1
paritário, 1
redesenhar, 1
Lembra-se, 1
aconteceu-me, 1
incluir, 1
dá-nos, 1
feito, 1
faça-lhe, 1
11/12, 1
diverti-me, 1
sentado, 1
empoderador, 1
reformei-me, 1
21, 1
Adiei, 1
preparado, 1
penalização, 1
laboral, 1
dissociamento, 1
ponderação, 1
mestrando, 1
oriento, 1
doutoranr, 1
orientor, 1
gradualmente, 1
alhear, 1
agrada, 1
enche-me, 1
