ano, 515
pessoa, 373
professor, 341
coisa, 318
casa, 307
altura, 265
universidade, 256
pai, 243
curso, 218
vez, 209
dia, 195
tempo, 195
trabalho, 186
aula, 182
vida, 181
gente, 170
parte, 141
aluno, 140
mãe, 130
família, 118
facto, 116
colega, 106
problema, 105
maneira, 101
relação, 92
escola, 90
hora, 89
irmão, 88
serviço, 83
exemplo, 82
lado, 81
sala, 80
momento, 80
bocado, 79
cão, 68
cidade, 64
docente, 63
filho, 62
noite, 60
ensino, 60
termos, 59
professora, 59
amigo, 59
mestrado, 59
avó, 56
doutoramento, 56
computador, 56
tipo, 53
mês, 52
modo, 52
manhã, 52
mulher, 51
gabinete, 48
avô, 47
estudo, 46
pé, 45
meio, 44
sítio, 44
formação, 44
fim, 42
colégio, 42
grupo, 42
miúdo, 41
irmã, 41
mundo, 40
lugar, 40
turma, 40
brincadeira, 39
comunicação, 39
carreira, 38
inglês, 37
volta, 37
departamento, 37
sistema, 37
cadeira, 37
país, 36
aldeia, 36
área, 36
instalação, 35
dificuldade, 35
período, 34
bocadinho, 34
nome, 34
assistente, 34
carro, 33
classe, 33
condição, 33
ambiente, 33
livro, 33
cozinha, 33
espaço, 32
nível, 32
caso, 32
licenciatura, 32
reitor, 32
resto, 31
ponto, 31
cima, 30
frente, 30
qualidade, 30
estudante, 30
quarto, 30
história, 30
senhor, 30
tarde, 29
ideia, 29
terra, 29
fase, 29
homem, 29
projecto, 29
episódio, 29
diferença, 28
criança, 28
idade, 28
senhora, 28
tropa, 28
teatro, 28
língua, 28
exame, 27
disciplina, 27
pessoal, 27
princípio, 27
emprego, 26
actividade, 26
máquina, 26
português, 26
aluna, 26
centro, 25
sentido, 25
respeito, 25
mão, 25
rua, 24
edifício, 24
guerra, 24
apoio, 24
filha, 24
situação, 24
rapaz, 24
preocupação, 23
dinheiro, 23
capacidade, 23
almoço, 23
cultura, 23
recordação, 22
nota, 22
interesse, 22
experiência, 22
luz, 22
entrevista, 21
menos, 21
jogo, 21
contacto, 21
questão, 21
zona, 21
porta, 21
director, 21
medo, 21
semana, 20
infância, 20
construção, 20
memória, 20
funcionário, 20
direito, 20
aspecto, 20
estágio, 20
viagem, 19
género, 19
possibilidade, 19
plano, 19
causa, 19
vontade, 19
apartamento, 19
campo, 19
amizade, 19
relacionamento, 19
partir, 19
chefe, 19
barco, 18
piso, 18
pavilhão, 18
mudança, 18
falta, 18
teste, 18
jeito, 17
baixo, 17
andar, 17
sociedade, 17
saída, 17
preparação, 17
hipótese, 17
vela, 17
piscina, 16
geração, 16
quartel, 16
comunidade, 16
processo, 16
tese, 16
profissão, 16
menino, 16
impressão, 16
acesso, 16
peça, 16
conjunto, 15
imagem, 15
população, 15
função, 15
casamento, 15
valor, 15
janela, 15
calhar, 15
parque, 15
acaso, 15
responsabilidade, 15
menina, 15
desenvolvimento, 15
material, 15
saúde, 15
caminho, 15
cabeça, 15
percurso, 15
paz, 15
sonho, 15
ar, 14
férias, 14
época, 14
tio, 14
vista, 14
biblioteca, 14
prova, 14
rapariga, 14
dúvida, 14
papel, 14
loja, 14
engenheiro, 14
avião, 14
literatura, 14
cabo, 14
prédio, 13
entrada, 13
companhia, 13
vantagem, 13
dia-a-dia, 13
perspectiva, 13
escolha, 13
poder, 13
cantina, 13
comigo, 13
conhecimento, 13
facilidade, 13
investigação, 13
programa, 13
instrução, 13
passagem, 13
educação, 13
aventura, 13
secretaria, 13
média, 13
governo, 13
espera, 13
turno, 13
cinema, 12
sequer, 12
local, 12
conta, 12
liceu, 12
mentalidade, 12
ponta, 12
termo, 12
oportunidade, 12
número, 12
sorte, 12
repente, 12
autoridade, 12
posto, 12
empresa, 12
gosto, 12
vocação, 12
especialidade, 12
concelho, 12
obra, 12
tarefa, 12
informação, 12
desporto, 12
horário, 12
pergunta, 12
coordenação, 12
exercício, 12
água, 11
féria, 11
outubro, 11
bar, 11
janeiro, 11
modelo, 11
ligação, 11
origem, 11
movimento, 11
encontro, 11
prática, 11
reunião, 11
jornal, 11
razão, 11
erro, 11
animal, 11
beira, 11
perna, 11
orientador, 11
autor, 11
banco, 11
presidente, 11
transmissão, 11
privilégio, 11
excepção, 10
sábado, 10
noção, 10
metro, 10
espírito, 10
médico, 10
independência, 10
vivência, 10
militar, 10
autocarro, 10
feira, 10
segurança, 10
reforma, 10
canudo, 10
praxe, 10
Universidade, 10
convivência, 10
roupa, 10
namoro, 10
gestão, 10
engenharia, 10
leitura, 10
pena, 10
livraria, 10
dever, 10
mar, 10
projeto, 10
praia, 9
dimensão, 9
sol, 9
africano, 9
característica, 9
empregado, 9
laboratório, 9
dezembro, 9
miúda, 9
terreno, 9
resultado, 9
ajuda, 9
via, 9
desejo, 9
comboio, 9
mestre, 9
texto, 9
início, 9
ordem, 9
contrário, 9
equipa, 9
letra, 9
património, 9
meia-noite, 9
linha, 9
página, 9
marido, 9
reconhecimento, 9
decepção, 9
ministro, 9
contato, 9
norte, 8
bairro, 8
operação, 8
licença, 8
estilo, 8
novembro, 8
transição, 8
frio, 8
decisão, 8
procura, 8
agosto, 8
lembro, 8
jovem, 8
festa, 8
atenção, 8
objectivo, 8
monte, 8
minuto, 8
jantar, 8
juventude, 8
competência, 8
dedicação, 8
corrida, 8
bola, 8
cama, 8
evolução, 8
estação, 8
criação, 8
estado, 8
camioneta, 8
estatuto, 8
bicicleta, 8
certeza, 8
operador, 8
informática, 8
carta, 8
concurso, 8
alegria, 8
árvore, 7
divisão, 7
habitação, 7
jardim, 7
pele, 7
pouco, 7
metade, 7
setembro, 7
currículo, 7
força, 7
espécie, 7
risco, 7
abertura, 7
anfiteatro, 7
massificação, 7
regime, 7
sozinho, 7
região, 7
confusão, 7
opção, 7
café, 7
longo, 7
estrangeiro, 7
agricultor, 7
liberdade, 7
igreja, 7
futebol, 7
desafio, 7
lembrança, 7
unidade, 7
revolução, 7
matéria, 7
expediente, 7
romance, 7
vertente, 7
instituição, 7
televisão, 7
tratamento, 7
circunstância, 7
regulamento, 7
primo, 7
medicina, 7
matemática, 7
funcionamento, 7
apontamento, 7
massa, 7
envolvimento, 7
obrigação, 7
especialização, 7
tia, 7
recruta, 7
escudo, 7
limitação, 7
mais, 7
francês, 7
escuteiro, 7
localidade, 7
burocracia, 7
doutora, 7
bloco, 6
dor, 6
influência, 6
vizinho, 6
choque, 6
linguagem, 6
trato, 6
arredores, 6
casaco, 6
que, 6
fim-de-semana, 6
crescimento, 6
rodovia, 6
inconveniente, 6
japonês, 6
novo, 6
regra, 6
semestre, 6
ritmo, 6
data, 6
fruto, 6
século, 6
documento, 6
futuro, 6
referência, 6
agricultura, 6
dona, 6
ida, 6
convívio, 6
uma, 6
convite, 6
quadro, 6
máximo, 6
responsável, 6
dúzia, 6
acção, 6
artigo, 6
fronteira, 6
produto, 6
palavra, 6
forma, 6
ciclo, 6
primária, 6
gajo, 6
lei, 6
administração, 6
junho, 6
sócio, 6
opinião, 6
tema, 6
rei, 6
obstáculo, 6
buraco, 6
assunto, 6
ambição, 6
cidadela, 6
humanidade, 6
campus, 6
residência, 6
coordenador, 6
diretor, 6
filme, 5
quintal, 5
freira, 5
disposição, 5
conversa, 5
coração, 5
correio, 5
maioria, 5
salário, 5
estrada, 5
preço, 5
metrópole, 5
ministério, 5
consideração, 5
motivo, 5
familiar, 5
filosofia, 5
esforço, 5
expectativa, 5
piada, 5
fins-de-semana, 5
oral, 5
consciência, 5
campismo, 5
sobrinho, 5
estrutura, 5
automóvel, 5
tradição, 5
peão, 5
passo, 5
estabilidade, 5
visita, 5
execução, 5
trabalhador, 5
confiança, 5
cena, 5
carinho, 5
década, 5
presença, 5
empregada, 5
eléctrico, 5
realização, 5
barra, 5
disponibilidade, 5
cerimónia, 5
entusiasmo, 5
freguesia, 5
grande, 5
técnica, 5
esquema, 5
corredor, 5
série, 5
importância, 5
organização, 5
actualidade, 5
programação, 5
paradigma, 5
resposta, 5
revista, 5
música, 5
fundo, 5
indústria, 5
comissão, 5
rádio, 5
vencimento, 5
bolsa, 5
stress, 5
pequenino, 5
cabrito, 5
Medicina, 5
pá, 5
anedota, 5
reestruturação, 5
corpo, 5
baixa, 5
colaboração, 5
computação, 5
admiração, 5
fascínio, 5
calma, 5
traquinice, 5
escritor, 5
domingo, 5
correria, 5
rodinha, 5
tiro, 5
aprendizagem, 5
salto, 5
dado, 5
intalação, 5
firma, 5
quinta-feira, 5
inauguração, 5
posição, 5
papelada, 5
cada, 5
doutorado, 5
belga, 5
faculdade, 5
restaurante, 5
salão, 5
secretário, 5
academia, 5
elevador, 4
vivenda, 4
esquina, 4
natação, 4
palhota, 4
interior, 4
atitude, 4
doença, 4
acompanhamento, 4
associação, 4
emigrante, 4
base, 4
branco, 4
carne, 4
atraso, 4
acto, 4
seguinte, 4
equivalência, 4
Antropologia, 4
indivíduo, 4
chuva, 4
esposo, 4
desemprego, 4
sul, 4
engano, 4
reitoria, 4
concerto, 4
dignidade, 4
moda, 4
manifestação, 4
integração, 4
pela, 4
etapa, 4
fato, 4
sexta, 4
fevereiro, 4
prazer, 4
estrela, 4
banho, 4
pasta, 4
referencial, 4
investimento, 4
conferência, 4
regresso, 4
distância, 4
saudade, 4
quinta, 4
olho, 4
pequeno, 4
capela, 4
companheiro, 4
contrato, 4
orientação, 4
académico, 4
efeito, 4
domínio, 4
congresso, 4
barulho, 4
medida, 4
profissional, 4
saber, 4
comida, 4
passado, 4
milho, 4
ferro, 4
atendimento, 4
administrador, 4
verdade, 4
recurso, 4
certidão, 4
orelha, 4
má, 4
suporte, 4
hospedeira, 4
bordo, 4
leite, 4
explicação, 4
terminal, 4
favor, 4
tronco, 4
participação, 4
sebenta, 4
partida, 4
limite, 4
aborto, 4
MV8000, 4
Centro, 4
disco, 4
arma, 4
alma, 4
consultor, 4
hardware, 4
visão, 4
programador, 4
auto-formação, 4
mal, 4
ordenado, 4
chave, 4
tipografia, 4
oficina, 4
monumento, 4
cargo, 4
ocasião, 4
secundário, 4
admissão, 4
braço, 4
8h, 4
parceiro, 4
abril, 4
código, 4
aparelho, 4
escala, 4
escura, 4
lixo, 4
perdão, 4
espiritualidade, 4
kilómetro, 4
estar, 4
lâmpada, 4
electricidade, 4
advogado, 4
dívida, 4
capital, 4
espanhol, 4
feriado, 4
conto, 4
cozinheiro, 4
raíz, 4
baía, 4
rali, 4
software, 4
parceria, 4
UM, 4
diploma, 4
candidatura, 4
parâmetro, 4
pós-guerra, 3
chão, 3
empréstimo, 3
competição, 3
indiano, 3
velho, 3
recreio, 3
transferência, 3
conceito, 3
compra, 3
preto, 3
sequência, 3
bem, 3
alimentação, 3
completo, 3
seca, 3
campanha, 3
por, 3
tentativa, 3
aceitação, 3
passeio, 3
desgosto, 3
azar, 3
vaga, 3
contas, 3
feitura, 3
anexo, 3
extenção, 3
contabilidade, 3
nº, 3
pauta, 3
truque, 3
separação, 3
compreensão, 3
único, 3
sozinha, 3
agente, 3
adolescência, 3
natureza, 3
incentivo, 3
sensação, 3
pinheiro, 3
trânsito, 3
agrado, 3
quilómetro, 3
hábito, 3
calor, 3
intervalo, 3
lacuna, 3
necessidade, 3
bisavô, 3
ramo, 3
herança, 3
inteligência, 3
perfeição, 3
afectividade, 3
camisa, 3
pijama, 3
refeição, 3
cavalo, 3
bisavó, 3
quotidiano, 3
cuidado, 3
criançada, 3
serão, 3
campeão, 3
civilização, 3
adaptação, 3
sacerdote, 3
catequese, 3
seminário, 3
castanha, 3
pouquinho, 3
então, 3
custo, 3
intelectual, 3
corrente, 3
personalidade, 3
análise, 3
desenho, 3
missão, 3
diálogo, 3
lazer, 3
prestação, 3
sobrevivência, 3
vigor, 3
conexão, 3
desempenho, 3
entanto, 3
individualismo, 3
partido, 3
solidariedade, 3
peripécia, 3
marinha, 3
sector, 3
autonomia, 3
público, 3
credibilidade, 3
categoria, 3
complexo, 3
gozo, 3
sinceridade, 3
hipocrisia, 3
próximo, 3
riqueza, 3
ser, 3
ascendência, 3
gerente, 3
fábrica, 3
jornalista, 3
acidente, 3
atividade, 3
núcleo, 3
paixão, 3
gata, 3
trela, 3
rola, 3
trauma, 3
pânico, 3
rede, 3
método, 3
propedêutico, 3
secretária, 3
beijo, 3
Anatomia, 3
mecanismo, 3
organismo, 3
coisita, 3
senado, 3
canto, 3
algoritmo, 3
negócio, 3
programadora, 3
postura, 3
interregno, 3
mania, 3
especificação, 3
boca, 3
grua, 3
armário, 3
manual, 3
cancro, 3
ovo, 3
àrea, 3
servidor, 3
micro-computador, 3
solução, 3
intervenção, 3
energia, 3
carácter, 3
sacrifício, 3
publicação, 3
encardenação, 3
predisposição, 3
temperamento, 3
feitio, 3
cabritinho, 3
procissão, 3
receio, 3
meia, 3
alemão, 3
povo, 3
9h, 3
joelho, 3
peixe, 3
formatura, 3
metralhadora, 3
madrugada, 3
anúncio, 3
conserva, 3
aeroporto, 3
tamanho, 3
camião, 3
grupinho, 3
centena, 3
defeito, 3
Obra, 3
economia, 3
março, 3
horizonte, 3
frase, 3
sardinha, 3
notícia, 3
lobito, 3
jesuíta, 3
lobo, 3
castelhano, 3
novidade, 3
par, 3
modernidade, 3
licenciado, 3
desgaste, 3
bolo, 3
isolo, 3
aflição, 3
ginástica, 3
prancha, 3
convulção, 3
final, 3
melhoria, 3
efectividade, 3
tampa, 3
bancada, 3
electrónica, 3
banca, 3
lava-louças, 3
progresso, 3
costura, 3
geral, 3
acolhimento, 3
benefício, 3
pós-doutoramento, 3
órgão, 3
relevância, 3
estagiária, 3
vínculo, 3
progressão, 3
poesia, 3
nobreza, 3
toga, 3
expulsão, 3
desígnio, 3
russo, 3
dissertação, 3
fotografia, 2
colo, 2
amoreira, 2
europeu, 2
moradia, 2
manhãs, 2
infra-vermelho, 2
ultra-violeta, 2
associado, 2
betão, 2
cimento, 2
mestiço, 2
ocupação, 2
apara, 2
hóstia, 2
distribuição, 2
comportamento, 2
Informática, 2
chamada, 2
véspera, 2
mercado, 2
colónia, 2
comércio, 2
tendência, 2
lavagem, 2
cérebro, 2
publicidade, 2
terrorismo, 2
osprimeiro, 2
revolta, 2
susto, 2
eincendiado, 2
deslocávamo-nospara, 2
problemassó, 2
maio, 2
clima, 2
aquecimento, 2
cachecol, 2
luva, 2
oportunismo, 2
plenário, 2
casinha, 2
trimestre, 2
continuação, 2
reacção, 2
vício, 2
D.PedroV., 2
rés-do-chão, 2
tanto, 2
irresponsabilidade, 2
degradação, 2
praxes, 2
inserção, 2
espectáculo, 2
dança, 2
bagagem, 2
tejadilho, 2
colchão, 2
comtudo, 2
costa, 2
tenda, 2
perto, 2
quinzena, 2
connosco, 2
socalco, 2
relva, 2
atalho, 2
lago, 2
marginal, 2
começar, 2
6h30, 2
costume, 2
9horas, 2
18hora, 2
legislação, 2
estante, 2
juízo, 2
parcela, 2
feitor, 2
laboração, 2
flor, 2
reputação, 2
afabilidade, 2
preponderância, 2
extremo, 2
ceroula, 2
cueca, 2
calça, 2
provinha, 2
presente, 2
cordialidade, 2
bois, 2
anomalia, 2
pedra, 2
guarda, 2
mensagem, 2
recado, 2
caseiro, 2
representação, 2
realidade, 2
variação, 2
timidez, 2
garantia, 2
camaradagem, 2
entreajuda, 2
mota, 2
escondidas, 2
assalto, 2
distracção, 2
contador, 2
honra, 2
estima, 2
noviciado, 2
duração, 2
violência, 2
evidência, 2
ideal, 2
hesitação, 2
amor, 2
camionagem, 2
cheiro, 2
apelo, 2
temática, 2
conselho, 2
apetência, 2
animação, 2
imposição, 2
psicólogo, 2
estúdio, 2
hotel, 2
total, 2
acetato, 2
deficiência, 2
cave, 2
fotocópia, 2
Comissões, 2
iniciativa, 2
diminuição, 2
trecho, 2
âmbito, 2
antropologia, 2
lançamento, 2
intuito, 2
inversão, 2
desfavor, 2
estrutural, 2
pesquisa, 2
busca, 2
objecto, 2
sombra, 2
documentação, 2
mesa, 2
doutor, 2
instância, 2
tristeza, 2
destino, 2
artista, 2
meio-dia, 2
rigor, 2
escape, 2
missa, 2
feijão, 2
centeio, 2
barro, 2
mercearia, 2
raio, 2
azeite, 2
certinho, 2
defesa, 2
pormenor, 2
aflito, 2
patrulha, 2
exterior, 2
cubano, 2
secção, 2
cripton, 2
mesito, 2
bacharelato, 2
marketing, 2
política, 2
balcão, 2
seguida, 2
conduta, 2
acréscimo, 2
possível, 2
canal, 2
pró-aluno, 2
conjuntura, 2
arranque, 2
coluna, 2
escassez, 2
queme, 2
habilitação, 2
elemento, 2
20horas, 2
honestidade, 2
dente, 2
italiano, 2
umapessoa, 2
arquitecto, 2
autodidacta, 2
redacção, 2
neto, 2
normal, 2
conflito, 2
boneca, 2
cowboy, 2
gato, 2
galinheiro, 2
cordeirinho, 2
Física, 2
Matemática, 2
pouquíssimo, 2
falha, 2
marca, 2
competitividade, 2
catedrático, 2
monitor, 2
alternativa, 2
discípulo, 2
sujeito, 2
Algoritmos, 2
discurso, 2
tapete, 2
demonstração, 2
graça, 2
desistência, 2
pronto, 2
atentado, 2
nascimento, 2
trabalhinho, 2
aplicação, 2
cálculo, 2
vice-presidente, 2
bastidor, 2
visibilidade, 2
serviçoera, 2
besta, 2
caía, 2
retorno, 2
legitimidade, 2
lavra, 2
omolete, 2
opiáceo, 2
incapacitar, 2
articulação, 2
norma, 2
placa, 2
patamar, 2
Clusters, 2
configuração, 2
boxe, 2
sitema, 2
lógico, 2
coerência, 2
resistência, 2
subordinado, 2
transformação, 2
converso, 2
-"Agora, 2
humildade, 2
utente, 2
implementação, 2
prescindi, 2
prateleira, 2
prestígio, 2
Entrevista, 2
porquê, 2
aldeiazinha, 2
sentimento, 2
gravação, 2
incremento, 2
cliente, 2
bastante, 2
escrita, 2
objetivo, 2
Rodovia, 2
frigorífico, 2
chamado, 2
descoberta, 2
papá, 2
fractura, 2
Congregados, 2
condução, 2
custa, 2
carrito, 2
14h, 2
desculpa, 2
empenho, 2
finta, 2
ditado, 2
maravilha, 2
anito, 2
maldade, 2
pão, 2
adiamento, 2
incorporação, 2
visto, 2
madrasta, 2
moldura, 2
casal, 2
6h, 2
3h, 2
bota, 2
farda, 2
prego, 2
22h, 2
kg, 2
tricote, 2
amplitude, 2
comandante, 2
mato, 2
mina, 2
propósito, 2
hierarquia, 2
inimigo, 2
km, 2
cidadezinha, 2
libertação, 2
subsistência, 2
machamba, 2
penteado, 2
legume, 2
21h30, 2
paralelo, 2
ração, 2
combate, 2
ferida, 2
computadorzinho, 2
utilização, 2
15h, 2
4h, 2
postos, 2
coitadinho, 2
compilação, 2
linkagem, 2
sintaxe, 2
palmo, 2
universo, 2
velocidade, 2
programita, 2
doação, 2
justiça, 2
semáforo, 2
fulano, 2
necessário, 2
lucro, 2
membro, 2
Cristandade, 2
palestra, 2
interruptor, 2
fusível, 2
electricista, 2
dinheirão, 2
sogro, 2
brasa, 2
harmonia, 2
rico, 2
pobre, 2
imigração, 2
petróleo, 2
correiro, 2
comerciante, 2
bofetado, 2
tábua, 2
sucesso, 2
distrito, 2
discussão, 2
perigo, 2
10h, 2
16h, 2
vesícula, 2
mala, 2
golo, 2
cara, 2
quintas-feira, 2
voz, 2
oficial, 2
preconceito, 2
Economia, 2
título, 2
pisada, 2
atractivo, 2
autorização, 2
hotelaria, 2
surpresa, 2
ajudante, 2
longe, 2
asneira, 2
intenção, 2
corte, 2
filhinha, 2
alto, 2
Falcão, 2
prisão, 2
camisola, 2
funcionária, 2
gerência, 2
bebida, 2
bom, 2
faladeiro, 2
tromba, 2
reflito, 2
contratação, 2
paciência, 2
deslocação, 2
frequência, 2
flexibilidade, 2
sogra, 2
regata, 2
raide, 2
bolso, 2
docência, 2
equipamento, 2
tesouraria, 2
eco, 2
casa-banho, 2
avaliação, 2
mesmo, 2
manufatura, 2
liderança, 2
industrialização, 2
background, 2
quilo, 2
socialização, 2
motivação, 2
internato, 2
amiga, 2
ilha, 2
ciência, 2
primavera, 2
estímulo, 2
canção, 2
candidato, 2
dilema, 2
verba, 2
chefia, 2
pauzinho, 2
irlandês, 2
abordagem, 2
ator, 2
prático, 2
palco, 2
tradução, 2
synge, 2
lista, 2
eleição, 2
voto, 2
implosão, 2
êxito, 2
Tradução, 2
etiqueta, 2
critério, 2
subsídio, 2
assiduidade, 2
proveito, 2
milagre, 2
mira, 1
cine-teatro, 1
colecção, 1
pico, 1
amora, 1
fartura, 1
galinha, 1
papeira, 1
coqueiro, 1
flôr, 1
pré-primária, 1
tempos-livr, 1
pátio, 1
equivalente, 1
carteira, 1
ídolo, 1
liga, 1
segmentação, 1
distanciamento, 1
puto, 1
quarta, 1
estômago, 1
trombose, 1
Fuialuno, 1
boleia, 1
ex-colónia, 1
junto, 1
habitat, 1
modus, 1
círculo, 1
semelhança, 1
argelino, 1
turco, 1
habitante, 1
desvantagem, 1
barreira, 1
condicionalismo, 1
ouajuntamento, 1
mesquinha, 1
laço, 1
dosbairro, 1
temperatura, 1
namorardescontraída, 1
vento, 1
mini-apartamento, 1
vidinha, 1
acidade, 1
charco, 1
julho, 1
inflação, 1
electrodoméstico, 1
tostão, 1
móvel, 1
mobília, 1
candeeiro, 1
sofá, 1
improvisávamos, 1
retracção, 1
sim, 1
ex-departamento, 1
colocação, 1
prazo, 1
pós-25, 1
prepotência, 1
Inglês, 1
renda, 1
certo, 1
pós-graduação, 1
agenda, 1
turismo, 1
segunda, 1
capítulo, 1
meado, 1
tralha, 1
carrinho, 1
meuFiat, 1
alcatifaenrolada, 1
tanque, 1
umcanhão, 1
rebeldia, 1
mochila, 1
prece, 1
reviravolta, 1
caravana, 1
otite, 1
àgua, 1
parto, 1
maré, 1
diversão, 1
Baracas, 1
pequeninho, 1
Vivo, 1
Divisão, 1
soalho, 1
castanho, 1
fruta, 1
carvalho, 1
castanheiro, 1
vale, 1
morada, 1
encosta, 1
Monte, 1
paródia, 1
minhoto, 1
viver, 1
interessamo, 1
discoteca, 1
recanto, 1
sobe, 1
compacto, 1
palmeira, 1
Esposende, 1
recta, 1
bugs, 1
8h30/, 1
paper, 1
sanduíche, 1
consigo, 1
faca, 1
garfo, 1
culpado, 1
concreto, 1
excesso, 1
Custou-nos, 1
pêlo, 1
restauro, 1
critica, 1
orientado, 1
argentino, 1
respeitinho, 1
célula, 1
@corpus\AnibalAlves.md, 1
autóctone, 1
proveniência, 1
emigração, 1
judeu, 1
cristão, 1
oração, 1
coelho, 1
perdiz, 1
duplo, 1
modalidade, 1
adolescente, 1
patrocínio, 1
jumento, 1
uso, 1
madeira, 1
compartimento, 1
saleta, 1
dispersamo, 1
pregnante, 1
comodidade, 1
propriedade, 1
merenda, 1
meninice, 1
isolamento, 1
constituição, 1
pau, 1
burguesia, 1
provincianismo, 1
desaparecimento, 1
Invernos, 1
sacola, 1
serapilheira, 1
refeitório, 1
dormitório, 1
utensilagem, 1
impossibilidade, 1
sacerdócio, 1
veleidade, 1
atracção, 1
missionário, 1
consistência, 1
declarar-no, 1
aproximação, 1
conversão, 1
compromisso, 1
casámo-no, 1
vidência, 1
gasóleo, 1
berça, 1
transmontana, 1
alojamento, 1
prefeito, 1
Jesuíta, 1
brilho, 1
fenomenologia, 1
existencialismo, 1
arte, 1
aprovação, 1
Análise, 1
postar, 1
inclinação, 1
superior, 1
preferência, 1
lição, 1
kitchinette, 1
60A, 1
60B, 1
60C, 1
larga, 1
rosto, 1
didáctico, 1
policópia, 1
pujança, 1
fonte, 1
intimidade, 1
contrapartida, 1
ombro, 1
aperto, 1
desastre, 1
debate, 1
testemunho, 1
dominante, 1
marcação, 1
entrega, 1
pergunta-me:-, 1
desacerto, 1
aviso, 1
remédio, 1
8h20, 1
sina, 1
Curso, 1
Unidade, 1
conjugo, 1
assistência, 1
começo, 1
1hora, 1
paragem, 1
3hora, 1
afazer, 1
acta, 1
interesso, 1
ética, 1
concentração, 1
procuro, 1
tempo-livre, 1
furtar, 1
índoles, 1
dupla, 1
dispersão, 1
tutela, 1
complexidade, 1
agilidade, 1
despedida, 1
convicção, 1
aprofundamento, 1
maturação, 1
alambique, 1
dióspireiro, 1
dióspiro, 1
desenrasca, 1
subordinação, 1
disputa, 1
frieza, 1
miséria, 1
comparação, 1
protecção, 1
culinária, 1
mandado, 1
folhada, 1
travesseiro, 1
gás, 1
grão, 1
quartilho, 1
bacalhau, 1
vinhinho, 1
porco, 1
presuntozinho, 1
reminiscênciazinha, 1
queguardo, 1
luzinha, 1
umacriança, 1
corrermosà, 1
amim, 1
pequenitoe, 1
emrelação, 1
Eusaí, 1
umcigano, 1
voluntário, 1
nivel, 1
serviçomilitar, 1
artilharia, 1
factor, 1
réclame, 1
lápróximo, 1
---(faixa2, 1
comandoda, 1
comando, 1
exército, 1
porqueestávamos, 1
acontra-informação, 1
empastelamento, 1
directo, 1
apopulação, 1
as"tabanca, 1
búzio, 1
bote, 1
lancha, 1
largo, 1
tornado, 1
mata, 1
reduto, 1
contigente, 1
anti-aérea, 1
imediaçõese, 1
libanese, 1
legiãoestrangeira, 1
asoperação, 1
transbordo, 1
decomunicação, 1
seserá, 1
navio, 1
eupróprio, 1
especial, 1
umarealidade, 1
paisagem, 1
vinha, 1
novato, 1
criptografia, 1
ofício, 1
pastinha, 1
folha, 1
atribuição, 1
segredo, 1
insegurança, 1
rapariga?, 1
pára-quedas, 1
segundo, 1
mentira, 1
precaulço, 1
anti-alunos, 1
Emigração, 1
estrato, 1
espalhado, 1
umerro, 1
postal, 1
maravilhas, 1
muitosdesse, 1
coisaestá, 1
grandeza, 1
caça, 1
repartição, 1
excedente, 1
terresolução, 1
sentimo-nosperdido, 1
ter, 1
darinformação, 1
algunscorredor, 1
autogestão, 1
umafricano, 1
umacertidão, 1
alipróximo, 1
minuta, 1
acolega, 1
certidãoJosé, 1
Mané, 1
nobalcão, 1
jeitinho, 1
elá, 1
JoséMané, 1
auniversidade, 1
comum, 1
perguntou-me:-"E, 1
cursocomo, 1
muitobem, 1
osmeu, 1
odia-a-dia, 1
dadoânimo, 1
bicharada, 1
adedicação, 1
melhorpossível, 1
estareipor, 1
maleca, 1
enxerto, 1
fruteirazinha, 1
telenovela, 1
Artigozinhos, 1
higiene, 1
clientela, 1
escolase, 1
eentão, 1
hobbiezinho, 1
garoto, 1
canalha, 1
integridade, 1
aliança, 1
jumbo, 1
submarino, 1
fragata, 1
dragamina, 1
bando, 1
religião, 1
smilai, 1
doutrina, 1
meupai, 1
emBraga, 1
piano, 1
indicador, 1
dosCottinelli, 1
quemfugiu, 1
figura, 1
pintor, 1
músico, 1
progenitor, 1
bisavós, 1
trisavós, 1
sindicalista, 1
revisão, 1
Recordações, 1
boa, 1
esquerda, 1
7h, 1
maria-rapaz, 1
índio, 1
cross, 1
proibição, 1
varanda, 1
leviandade, 1
piriquito, 1
pescoço, 1
infelicidade, 1
porque, 1
gaiola, 1
cativeiro, 1
obcesão, 1
bruxa, 1
puxão, 1
selecção, 1
alfabeto, 1
monstro, 1
disparidade, 1
mãezinha, 1
distinção, 1
insulto, 1
negativa, 1
cabeleireira, 1
útil, 1
agradável, 1
marrona, 1
Escola, 1
auto-defesa, 1
síntese, 1
obecesão, 1
vírgula, 1
desprezo, 1
preferidinha, 1
luxo, 1
cabolona, 1
antecedência, 1
fisiologia, 1
sumar, 1
pressão, 1
És, 1
lorpa, 1
barraco, 1
vivênca, 1
cadeia, 1
mínimo, 1
bestalidade, 1
hospício, 1
péssima, 1
tunel, 1
pneu, 1
maluco, 1
tique, 1
excelência, 1
cordão, 1
importante, 1
infra-estrutura, 1
osso, 1
coincidência, 1
Tornámo-nos, 1
furo, 1
intriga, 1
caladinho, 1
rato, 1
irreverência, 1
disparate, 1
privilegiado, 1
mito, 1
guia, 1
irreverente, 1
pretexto, 1
agressão, 1
liberalização, 1
galhofa, 1
polícia, 1
prender, 1
frade, 1
pequenina, 1
monitora, 1
Tecnologia, 1
biscate, 1
preta, 1
Convivi, 1
amadurecimento, 1
desperdício, 1
metodologia, 1
mérito, 1
dobro, 1
satisfação, 1
balanço, 1
@corpus\JoseMoreira.md, 1
S.Vitor, 1
realizador, 1
apelido, 1
solta, 1
-"Olha, 1
contribuia, 1
aústero, 1
irmandade, 1
part-time, 1
Guerra, 1
crónica, 1
agência, 1
composição, 1
papelaria, 1
editora, 1
existência, 1
falência, 1
posse, 1
encadernação, 1
operário, 1
resolução, 1
acordo, 1
maquinaria, 1
venda, 1
desbarato, 1
sucata, 1
colaboradore, 1
fundação, 1
preservação, 1
segunda-feira, 1
barriga, 1
mosqueteiro, 1
", 1
rebate, 1
Turismo, 1
eléctrio, 1
doterceiro, 1
previdência, 1
becozinho, 1
traseira, 1
rapa-tacho, 1
choradeira, 1
reportagem, 1
mete, 1
chupeta, 1
malandrice, 1
marutice, 1
miudagem, 1
tratávamo-no, 1
tropelia, 1
avenida, 1
areal, 1
Aventurazinhas, 1
12h30, 1
dístico, 1
2ª, 1
3ª, 1
drible, 1
rasteira, 1
terraço, 1
chuto, 1
palmada, 1
coitado, 1
mistura, 1
prima, 1
chatice, 1
Ensino, 1
cláusula, 1
oposição, 1
luta, 1
despique, 1
eleitoria, 1
clareza, 1
reguila, 1
empenado, 1
lar, 1
transporte, 1
avozinha, 1
campainha, 1
anel, 1
noivado, 1
Meninos, 1
Bom, 1
divã, 1
passa, 1
complemento, 1
àespera, 1
cedência, 1
comodismo, 1
egoísmo, 1
pata, 1
entendimento, 1
saber-perder, 1
prejudicado, 1
calçar, 1
cabeleireiro, 1
micronda, 1
crânio, 1
factura, 1
parao, 1
dedo, 1
alvorada, 1
ai, 1
parada, 1
aulita, 1
ordenar, 1
barbinha, 1
madrinha, 1
rendição, 1
atirador, 1
elite, 1
interferência, 1
acontecimento, 1
quartozinho, 1
beliches, 1
rapazinho, 1
louça, 1
prato, 1
alumínio, 1
cãezinho, 1
cordenávamor, 1
alferes, 1
intercepção, 1
morse, 1
rotatividade, 1
folga, 1
Convivíamos, 1
0h, 1
desconfiança, 1
parta, 1
dialecto, 1
campinho, 1
pandemónio, 1
punho, 1
fomiona, 1
Saí, 1
4h30, 1
infecção, 1
vitamina, 1
fominha, 1
valente, 1
ataque, 1
sapato, 1
banda, 1
impressora, 1
disquete, 1
potencialidade, 1
3h30, 1
Aventuras, 1
trabalheira, 1
constantemento, 1
restrição, 1
cortejo, 1
proliferação, 1
estaleiro, 1
escada, 1
Veio, 1
sede, 1
lavandaria, 1
limpeza, 1
conteúdo, 1
sustenção, 1
probleminha, 1
digitalização, 1
scanner, 1
scanners, 1
PLOTTER, 1
próteses, 1
3/3h30, 1
duro, 1
investigador, 1
cedinho, 1
emissora, 1
circuito, 1
persiana, 1
definição, 1
errada, 1
ficheiro, 1
stock, 1
barba, 1
mulherpara, 1
evidente, 1
humilha, 1
rancor, 1
ofensa, 1
defeitos, 1
varredor, 1
câmara, 1
primeiro-ministro, 1
convição, 1
fé, 1
aquecedor, 1
cobertor, 1
presto, 1
paróquia, 1
aconstrução, 1
entregar, 1
deprestação, 1
mandamento, 1
pólo, 1
comunhão, 1
supérfluo, 1
face, 1
aderente, 1
feio, 1
simpático, 1
antipático, 1
breve, 1
fundadora, 1
pensão, 1
viúva, 1
cheque, 1
desconto, 1
direita, 1
obreiro, 1
bandeira, 1
problemazinho, 1
mesquinhice, 1
tua, 1
come-a, 1
discernimento, 1
iate, 1
um, 1
recompensa, 1
aberto, 1
fortuna, 1
felicidade, 1
percalço, 1
chumbei, 1
sorriso, 1
superioridade, 1
ucraniano, 1
exploração, 1
americano, 1
gasolina, 1
toa, 1
consenso, 1
hospital, 1
desenvolver, 1
simpatia, 1
pedaço, 1
galera, 1
séc, 1
., 1
Velhinho, 1
émal, 1
édoméstico, 1
pianola, 1
violino, 1
instrumento, 1
anoite, 1
fracasso, 1
lutador, 1
fogo, 1
oscolega, 1
telefone, 1
elaporque, 1
vidacatólica, 1
troca, 1
povoação, 1
Amoreira, 1
esburacada, 1
9h30, 1
ardor, 1
pulso, 1
ditador, 1
delicadeza, 1
empurrão, 1
união, 1
acampamento, 1
juramento, 1
cumprimento, 1
palmatória, 1
reprovação, 1
fundamento, 1
Filosofia, 1
resumo, 1
cansaço, 1
esgotamento, 1
desencanto, 1
doutoramente, 1
Caí, 1
basco, 1
vasco, 1
trampolho, 1
cauda, 1
incapacidade, 1
amargura, 1
nação, 1
primeiro, 1
mobilidade, 1
parede, 1
pintada, 1
edifíciono, 1
sinal, 1
-"Um, 1
consular, 1
peseta, 1
congressista, 1
constui, 1
Êxitos, 1
instituto, 1
Engenharia, 1
prof, 1
conservatório, 1
instaladora, 1
desilusão, 1
definitivo, 1
Instalação, 1
arquivo, 1
animador, 1
Línguas, 1
bacharelato-licenciatura, 1
pavilão, 1
habitar, 1
meste, 1
pré-escolar, 1
cantinho, 1
eu, 1
papo, 1
ficha, 1
inclusivé, 1
voltinha, 1
acolá, 1
decente, 1
fixada, 1
à, 1
passar, 1
7h45, 1
janto, 1
direitinho, 1
Famíia, 1
continuidade, 1
trajecto, 1
despesa, 1
@corpus\PaulaAnjo.md, 1
Sentímo-, 1
viu-no, 1
frigideira, 1
celeste, 1
corda, 1
retirada, 1
doce, 1
tempinho, 1
coviço, 1
ginasta, 1
solo, 1
acidentado, 1
coragem, 1
trapo, 1
noiva, 1
case, 1
casada, 1
solteiro, 1
orçamento, 1
solteira, 1
audição, 1
coisinha, 1
corridinha, 1
escadório, 1
Ler, 1
faz-nos, 1
molhar, 1
pequeno-almoço, 1
9h45, 1
chegada, 1
sande, 1
bucar, 1
extras, 1
mini, 1
ceú, 1
culpa, 1
batedela, 1
piroleta, 1
troquinho, 1
giro, 1
geologia, 1
mães, 1
Juventude, 1
vizinhança, 1
barquinho, 1
defensor, 1
windsurf, 1
barquito, 1
descida, 1
rio, 1
tempestade, 1
alimento, 1
logística, 1
control, 1
paquete, 1
naturalidade, 1
província, 1
mini-mercado, 1
carreiro, 1
milha, 1
de1976, 1
relatório, 1
telecomunicação, 1
vinda, 1
quantidade, 1
aquisição, 1
expansão, 1
negociação, 1
foro, 1
saltinho, 1
Ciências, 1
reverso, 1
planeamento, 1
direcção, 1
usado, 1
inocente, 1
livrinho, 1
mapa, 1
biografia, 1
preocupaçãoo, 1
veterinária, 1
formalismo, 1
fenda, 1
nade, 1
nada, 1
motor, 1
precaução, 1
Costa, 1
travessia, 1
ex-aluna, 1
conclusão, 1
registro, 1
extração, 1
visualização, 1
engenheira, 1
trabalhar, 1
equipe, 1
tranquilidade, 1
tópico, 1
ponte, 1
produção, 1
renome, 1
acolhida, 1
hospitalidade, 1
evento, 1
sessão, 1
claro, 1
interação, 1
quadrado, 1
bedelho, 1
gestor, 1
gênero, 1
popular, 1
close, 1
favorita, 1
meta, 1
controlador, 1
tormento, 1
diversidade, 1
composto, 1
polímero, 1
metal, 1
ilustr, 1
notoriedade, 1
sapatilha, 1
aliás, 1
carga, 1
pegada, 1
super, 1
ensaio, 1
mexicano, 1
nacionalidade, 1
brasileiro, 1
doutorar, 1
pandemia, 1
algum, 1
exclusividade, 1
assinatura, 1
protocolo, 1
Norma, 1
Mestrado, 1
@corpus\mauricio_entrevista.md, 1
Pronto, 1
áudio, 1
candidata, 1
lavrador, 1
perfil, 1
alínea, 1
sopa, 1
legião, 1
Ilha, 1
amiguinha, 1
insucesso, 1
invés, 1
cor, 1
tensão, 1
repressão, 1
apêndice, 1
proselitismo, 1
divulgação, 1
pensamento, 1
/77, 1
profissionalizado, 1
ameaça, 1
telefonema, 1
mini-concursos, 1
recorte, 1
ranchinho, 1
boom, 1
efetiva, 1
suficiente, 1
sinergia, 1
imersão, 1
non, 1
formato, 1
regularidade, 1
verão, 1
financiamento, 1
bolseiro, 1
específico, 1
tramitação, 1
selecionado, 1
raia, 1
linguística, 1
coleção, 1
clássico, 1
democratização, 1
universade, 1
objeto, 1
matrícula, 1
edição, 1
mitologia, 1
posicionamento, 1
controvérsia, 1
autobiografia, 1
afinidade, 1
caos, 1
shit, 1
coordenei, 1
descrédito, 1
premissa, 1
equação, 1
escolaridade, 1
licenciando, 1
oferta, 1
tarefazinha, 1
retração, 1
estrado, 1
Anfiteatro, 1
operária, 1
antena, 1
acessível, 1
prioridade, 1
jurista, 1
nobre, 1
dono, 1
rainha, 1
rel, 1
benesse, 1
traje, 1
ascensão, 1
grau, 1
paridade, 1
igualdade, 1
diferenciação, 1
personagem, 1
enredo, 1
diferenciador, 1
trâmite, 1
montagem, 1
antídoto, 1
marasmo, 1
colecionador, 1
anime, 1
pacote, 1
cereja, 1
injustiça, 1
silêncio, 1
reflexão, 1
disto-, 1
aval, 1
nomeação, 1
eminência, 1
vice-reitor, 1
provincial, 1
vaca, 1
representante, 1
representatividade, 1
alcatruz, 1
abstenção, 1
obrigatoriedade, 1
piar, 1
Literatura, 1
sentença, 1
brinde, 1
tradutora, 1
rank, 1
promotora, 1
diretora, 1
proposta, 1
universitário, 1
fileira, 1
fillière, 1
não, 1
pedagogia, 1
dito, 1
sangria, 1
fluência, 1
Alemão, 1
instabilidade, 1
fator, 1
paragono, 1
desempregado, 1
empregabilidade, 1
crédito, 1
reformada, 1
vazio, 1
redução, 1
inquietação, 1
gravador, 1
requisito, 1
mais-valia, 1
valência, 1
matriz, 1
despacho, 1
pedido, 1
generalidade, 1
falante, 1
glória, 1
autora, 1
penalização, 1
dissociamento, 1
ponderação, 1
mestrando, 1
