Universidade do Minho, 1865
AAUM, 871
SASUM, 359
Departamentos dos SASUM, 275
FADU, 175
Conselho Geral, 99
Ensino Superior, 84
Governo, 78
DAF, 51
Tuna, 47
CG, 44
RUM, 44
ISO, 43
Taekwondo, 39
Ordem, 38
Coro Académico da Universidade do Minho, 38
Conselho Cultural, 37
Bomboémia, 37
Administrador, 36
GSI, 35
TUM, 34
EUSA, 33
Direito, 32
Instituição, 31
Universidade, 31
Associação, 31
Andebol, 30
Provedor do Estudante, 30
Conselho, 30
FCT, 29
Reitoria, 28
Bosch, 28
ICS, 28
Escola de Engenharia, 26
Grupo, 26
Escola, 26
ECS, 26
FISU, 25
GMP, 25
SDUM, 25
ILCH, 24
Augustuna, 24
Azeituna, 23
Desporto Universitário, 23
*Restaurante?, 23
Claro, 23
Comunidade Académica, 23
União Europeia, 22
A3ES, 20
Escola de Ciências da Saúde, 20
OE, 18
*Clube do coração?, 18
GRI, 18
Europeu, 17
ABC, 17
Campeonatos Nacionais Universitários, 17
Departamento Administrativo dos SASUM, 17
Fundo Social de Emergência, 17
Escola de Economia e Gestão, 17
Provedor, 17
Juventude, 17
Ordem Profética, 17
RJIES, 16
Tuna Universitária do Minho, 16
LCC, 16
Alumni, 16
Estatutos, 16
DGES, 15
Empresa, 14
Departamentos, 14
Grupo de Música Popular, 14
Comité Organizador, 13
Financeiro, 13
ESA, 13
Setor?, 13
CPC, 13
Escola de Medicina, 13
Ética, 13
IC, 13
Braga, 12
Escola de Ciências, 12
Mestrado Integrado, 12
Betweien, 12
ESI, 12
Consórcio, 12
OPUM DEI, 12
Serviços de Documentação, 12
P, 12
Europeu Universitário, 11
Engenharia, 11
Gestão, 11
Federação Portuguesa de Futebol, 11
Setor, 11
CRUP, 11
GFUM, 11
Escola de Psicologia, 11
Escola de Direito, 11
CI, 11
FADU?, 10
Eng, 10
Instituições de Ensino Superior, 10
INL, 10
FEUP, 10
CNU, 10
DAS, 10
CC, 10
Comissões Especializadas, 10
AF, 10
CNO, 10
ESE, 10
Unidades Orgânicas, 9
Federação Académica do Desporto Universitário, 9
Relações Internacionais, 9
Departamento de Informática, 9
UE, 9
Mestrado Integrado em, 9
Universiadas, 9
Grupo de Poesia, 9
Grupos Culturais, 9
Serviços Académicos, 9
RR, 9
Namge, 9
NITERUM, 9
Escolas e Institutos, 8
Estudantes, 8
Lloyd Braga, 8
Ação Social Escolar, 8
Conselho Geral da UMinho, 8
Associação?, 8
Setor de Recursos Humanos, 8
Gestão Industrial, 8
Gatuna, 8
EEUM, 8
FUMP, 8
Basquetebol, 8
Câmara, 8
Gabinete do Administrador, 8
Reitoria?, 8
FPF, 8
Universidade de Yôga, 8
AR, 8
Selecção, 8
R.G-, 8
UMIC, 8
BG, 8
Capital Europeia da Cultura, 7
Agência de Avaliação e Acreditação do Ensino Superior, 7
Gabinete do Empreendedor, 7
Conselho de Gestão, 7
Aprovisionamento, 7
Alojamento, 7
Escola de Arquitetura, 7
Tuna de Medicina da Universidade do Minho, 7
MIT, 7
Administrador dos Serviços de Acção Social da Universidade do Minho, 7
Conselho Cultural da Universidade do Minho, 7
UM, 7
Conselho Geral da Universidade, 7
Ordem Profética da Universidade do Minho, 7
FITU, 7
Importa, 7
Conselho de Ética, 7
Presidente do Conselho Geral, 7
Provedora do Estudante, 7
Serviços de Ação Social da Universidade do Minho, 7
Unidade, 7
Dep, 7
TA, 7
Presidente de Escola?, 7
IBM, 6
Empreendedorismo, 6
Gabinete de Apoio, 6
Federação Académica de Desporto Universitário, 6
Gabinete de Sistemas de Informação, 6
Administração, 6
Cruz Vermelha, 6
DMA, 6
Marketing, 6
Sociedade Martins Sarmento, 6
Comissão Europeia, 6
Consórcio UNorte.pt, 6
Comissão, 6
CG?, 6
Associação Recreativa e Cultural Universitária do Minho, 6
UBI, 6
Administrador dos Serviços de Acção Social, 6
Amazon, 6
Google, 6
Departamento de Desporto e Cultura, 6
Grupo de Fados e Serenatas da Universidade do Minho, 6
Escola Superior de Enfermagem, 6
Tutorum?, 6
Comissão de Residentes, 6
LUF, 6
Assembleia Estatutária, 6
Grill, 6
Instituto de Design, 5
Assembleia da República, 5
Capital Europeia da Juventude, 5
Comité Olímpico de Portugal, 5
Sénior, 5
CNU’s, 5
Serviços?, 5
GAP, 5
LESI, 5
Sistemas de Informação, 5
Administrador dos Serviços de Ação Social da Universidade do Minho, 5
POCI, 5
Tribunal de Contas, 5
Liga Portuguesa de Futebol Profissional, 5
Sporting Clube de Braga, 5
Serviços de Documentação da Universidade do Minho, 5
Comissão de Curso, 5
Departamento de Matemática e Aplicações, 5
Judo, 5
desportiva, 5
Engenharia de Sistemas e Informática, 5
Rolls-Royce, 5
3B’s, 5
Centros, 5
Pinto & Costa, 5
DISPLR, 5
Associação de Andebol de Braga, 5
Associação de Estudantes, 5
Educação Física, 5
Estatutos da Universidade do Minho, 5
Engenharia e Gestão Industrial, 5
Microsoft, 5
Estatutos da Universidade, 5
Núcleos, 5
Fundo de Apoio Social, 5
Fundação para a Ciência, 5
PRR, 5
Tuna Feminina, 5
Momentmum, 5
ELACH, 5
AAUMinho?, 5
Fórum de Ética UMinho, 5
Comité Executivo da FISU, 5
Gabinete de Relações Internacionais, 5
Comissões de Praxe, 5
Conselho Estratégico, 5
Abril, 5
Direcção Geral do Ensino Superior, 5
NECLUM?, 5
HACCP, 5
Liga, 5
European University Association, 5
Escola de Enfermagem, 5
Sistema de Gestão da Qualidade, 5
Instituto, 5
Bar?, 5
Responsável da Unidade, 5
AUMEA, 4
Azeituna?, 4
Federação Portuguesa de Taekwondo, 4
FCPorto, 4
Seleção Nacional Universitária, 4
Comité, 4
Recursos Humanos, 4
Segurança Alimentar, 4
nossa academia, 4
Administração Pública, 4
ECAP, 4
Presidente do Conselho Geral da Universidade do Minho, 4
Missão, 4
ONU, 4
Vivo, 4
Gabinete de Inserção Profissional, 4
Associação Académica?, 4
TMUM?, 4
Equipa de Segurança Alimentar, 4
Fundo, 4
Wannabe, 4
CIBE, 4
Setor de Alojamento, 4
SHSA, 4
Equipa, 4
Sistema Interno de Garantia da Qualidade, 4
Fundação para a Ciência e Tecnologia, 4
Comissão Permanente, 4
AAEUM?, 4
Taekwondo?, 4
Tuna Académica Feminina da Universidade do Minho, 4
Tun’ao Minho, 4
Nike, 4
Educação Empreendedora, 4
Grupo Folclórico da Universidade do Minho, 4
Instituto Europeu de Excelência em Engenharia de Tecidos e Medicina Regenerativa, 4
Gabinete de Apoio ao Empreendedorismo, 4
FAP, 4
Governo?, 4
Lions Clube de Braga, 4
Academia Minhota?, 4
UNorte.pt, 4
CCDR-Norte, 4
Fundação?, 4
Capital Verde Europeia, 4
APOGESD, 4
Regime Jurídico das Instituições de Ensino Superior, 4
Gabinete do Provedor do Estudante, 4
Sociedade Portuguesa de Biomecânica, 4
Engenharia Mecânica, 4
COAR, 4
UC’s, 4
Futsal e Futebol de Praia, 4
APCER, 4
MBA, 4
Universidade Mais Ativa da Europa, 4
Conselho Geral da Universidade do Minho, 4
Reitoria da Universidade do Minho, 4
Unidades de Serviço, 4
Plano, 4
Divisão, 4
AAUBI, 4
Divisão de Apoio ao Bem-Estar do Estudante, 4
Comissões, 4
CT, 4
DAA, 4
EMUM, 4
Grupo de Música Popular da Universidade do Minho, 4
Rádio, 4
Núcleo de Estudos de Engenharia Biológica, 4
Núcleo, 4
IEC, 4
Gabinete de Comunicação Informação e Imagem, 4
inter, 4
estudantes de Direito, 4
Caixa Geral de Aposentações, 4
Gestão Estratégica, 4
FISEC, 4
Directora, 4
Associação de Estudantes da Escola Superior de Enfermagem Calouste Gulbenkian, 4
Escola de enfermagem, 4
AEESECG?, 4
SA, 4
Unidades Alimentares, 4
Europeu Universitário de Taekwondo, 4
GF, 4
Organizar, 4
UEFA, 4
Relações Internacionais?, 3
Instituição?, 3
Campeão Nacional Sénior, 3
Departamento de Engenharia Civil, 3
Ambiente, 3
Sporting de Braga, 3
Seleção Nacional, 3
Futebol, 3
Regulamento, 3
Serviços!, 3
Setor Alimentar, 3
Gestão Desportiva, 3
Consideras, 3
CNU´s, 3
Espirito, 3
Regime Jurídico das Instituições do Ensino Superior, 3
Constituição, 3
OMC, 3
Magister, 3
Europeu de Andebol, 3
Conselho Pedagógico, 3
Economia, 3
SRH, 3
Medicina do Trabalho, 3
LMCC, 3
Portaria, 3
Departamento de Engenharia Biológica, 3
*Clube do Coração?, 3
ISCTE, 3
Nacional e Europeu, 3
SICABE, 3
Conselho de Reitores das Universidades Portuguesas, 3
SGQ, 3
Óquei Clube de Barcelos, 3
Conselho Cultural da UMinho, 3
Centro de Estudos Lusíadas, 3
Conselho da Cultura Galega, 3
Basta, 3
Europeu de Sub-21, 3
Coordenadora Técnica, 3
Digital Brand Manager, 3
Rugby, 3
Gestão de Sistemas de Informação, 3
Contabilidade, 3
Grupo Folclórico da UMinho, 3
Atividades Desportivas, 3
ALUMNI, 3
European Research Council, 3
Instituto?, 3
EUSA Games, 3
Gabinete de Apoio ao Ensino, 3
Internacional, 3
Assistente, 3
Materiais, 3
Sporting Clube de Portugal, 3
Universidade de Reading, 3
EPsi, 3
Inovação, 3
Carta Desportiva, 3
Plano de Investimentos, 3
Organização, 3
Grupo de Poesia da Universidade do Minho, 3
Grupo Folclórico, 3
Mestrado, 3
ACADEMIA, 3
Opum Dei, 3
Lions, 3
Licenciatura em Arqueologia, 3
Licenciatura em Arqueologia da UM, 3
Unidade de Arqueologia, 3
Justiça, 3
Unidade Orgânica, 3
Mestrado Integrado em Medicina, 3
Conselho da Europa, 3
Conselho de Escola, 3
Associação Portuguesa de Gestão de Desporto, 3
Provedora do Estudante da Universidade do Minho, 3
Gabinete do Provedor, 3
MIEBIOM, 3
Associação de Percussão Universitária do Minho, 3
Comissão de Ética, 3
Conselho de Reitores, 3
RTP, 3
Atividade Física, 3
Futebol Clube de Gaia, 3
Fundação, 3
Conselho de Acção Social, 3
Unidade de Serviços da Universidade do Minho, 3
Conselhos Pedagógicos, 3
European University Sports Association, 3
Bar Académico, 3
Escola Doutoral, 3
Biotecnologia, 3
Congregados, 3
DGS, 3
Serviços de Acção Social da UMinho, 3
Ética Académica, 3
PT, 3
Etica, 3
Fórum Ética, 3
Fórum Ética UMinho, 3
Estado Novo, 3
Universidade aberta, 3
Cruz Vermelha Portuguesa, 3
Rádio Universitária, 3
PortoEventos, 3
CNU's, 3
Tradição Académica, 3
Braga Digital, 3
Acção Social, 3
Vitória de Guimarães, 3
Direito da Universidade do Minho, 3
Grupos, 3
Selecção Nacional, 3
Director de Serviços, 3
ELSA Internacional, 3
Departamento de Psicologia, 3
Bolsa de Emprego, 3
Festival Internacional de Coros de S. Lourenço, 3
Residência dos Combatentes, 3
CGD, 3
RIAPA, 3
Departamento Pedagógico?, 3
Orienta-te, 3
Alumni Medicina, 3
Gabinete de Sistemas de Informação da Universidade do Minho, 3
Centros com Excelente, 3
Economia e Gestão, 3
Conselho Directivo, 3
Secretário Executivo, 3
Licenciatura em Línguas e Culturas Orientais, 3
Desportivo, 3
Bolsas de Estudo, 3
Vice-Presidente do Departamento Desportivo da AAUMinho, 3
Certificação de Qualidade, 3
Campi?, 3
Agência, 3
SB, 3
Programa de Acção, 3
Médicos, 3
Assessoria Jurídica, 3
Centro Clínico Académico, 2
Troika, 2
Instituto Superior Técnico de Lisboa, 2
CNJ, 2
Conselho Nacional do Desporto, 2
Infraestrutura, 2
SRI, 2
Agência UM, 2
Negócios Internacionais, 2
Economia e da, 2
Diretor do Departamento, 2
Futebol Clube do Porto, 2
Federação Internacional de Desporto Universitário, 2
Coordenador Técnico Desportivo, 2
CGS, 2
Inovação permanente;, 2
Presidente do Conselho Geral da UMinho, 2
sadia, 2
R.I, 2
Agência Canadiana, 2
Universitário, 2
Nações Unidas, 2
CPLP, 2
Direção da AAUM?, 2
Campeonatos Nacionais Universitários Individuais Concentrados, 2
Gabinete do Voluntário, 2
Spin-Off Académico da Universidade do Minho, 2
Agência para a Sociedade do Conhecimento, 2
Sociedade da Informação, 2
Certificação da Qualidade, 2
ASE, 2
Licenciatura em Ciências da Computação, 2
Comissões de Curso, 2
Património?, 2
Cadastro e Inventário dos Bens do Estado, 2
Conselho de Gestão da Universidade, 2
Setor de Apoio, 2
Setor de Apoio Clínico, 2
Escola de Engenharia da Universidade do Minho, 2
Departamento de Engenharia Têxtil, 2
Departamento de Engenharia de Polímeros, 2
Engenharia Têxtil, 2
Seleção, 2
MIT Portugal, 2
Podia, 2
OCV, 2
Diretora, 2
Departamento de Física, 2
Setores de Tesouraria, 2
Europeu de Voleibol Universitário, 2
Institutos Politécnicos, 2
Provedores, 2
LEB, 2
UA, 2
Benfica, 2
IPSS’s de Braga, 2
Licenciatura em Economia?, 2
Tecnologia, 2
Óquei, 2
Optei, 2
Conselho Cultural?, 2
Orquestra da Universidade do Minho, 2
Academia de Música de Viana do Castelo, 2
Serviço, 2
Jethro Tull, 2
start ups, 2
SpinPark, 2
Direção?, 2
B.A., 2
Junta de Freguesia de S.Vitor, 2
Campeão Europeu Universitário, 2
CTT, 2
Nike Football, 2
Europeus Universitários, 2
SIC, 2
Conselho de Ministros, 2
Empregabilidade, 2
BETWEIEN, 2
Grupo?, 2
INEF, 2
Gestão Técnica e Desportiva, 2
Residência do Bloco E, 2
CCP, 2
Sector, 2
Ensino e Investigação, 2
Departamento de Eng, 2
IPC, 2
I3N, 2
CF, 2
Universidade Lusíada, 2
CADAP, 2
DGO, 2
Direcção Geral do Orçamento, 2
ANCP, 2
Comissão Diretiva do Curso, 2
UC, 2
Europeu de Taekwondo, 2
Atividades Económicas e Cooperação, 2
Cidade?, 2
UNESCO, 2
Fábrica Confiança, 2
Equipa de Qualidade, 2
NP EN ISO, 2
Biotério, 2
UNorte?, 2
Gestão de Empresas, 2
Secretariado do DA, 2
Times Higher Education, 2
Licenciatura em Economia da UMinho, 2
Associação Recreativa e Cultural da Universidade do Minho, 2
Queen, 2
Clube, 2
Ingressei, 2
Campeão Nacional Universitário, 2
Academia de Ginástica, 2
Unesco, 2
Universidade das Nações Unidas, 2
Licenciatura em Gestão, 2
Mestrado Integrado em Arquitetura, 2
Licenciatura em Relações Internacionais?, 2
Vitória, 2
Europeu Universitário de Basquetebol, 2
Federação Internacional de Pentatlo Moderno, 2
Mestrado Integrado em Medicina?, 2
EEGUMinho, 2
Plano Estratégico, 2
Plano Estratégico da UMinho, 2
Proteção Civil, 2
Academia de Ginástica Desportiva, 2
Autarquia?, 2
Provedora, 2
Engenharia de Telecomunicações e Informática, 2
Casas do Conhecimento, 2
Tuna de Medicina do Porto, 2
Saúde e Bem-estar, 2
Carta Desportiva de Braga, 2
CMB, 2
Departamento de Engenharia Mecânica, 2
Comunidade Académica?, 2
América Latina, 2
NEEUM, 2
Licenciatura em Estatística Aplicada?, 2
Eventos, 2
FC de Gaia, 2
Escola como âncora, 2
FC Gaia, 2
Comité Executivo da Federação Internacional de Desporto Universitário, 2
Comité Executivo da UEFA, 2
Comité de Futsal, 2
Europeia, 2
Gorkas, 2
Informática de Gestão, 2
Reitores, 2
PREVPAP, 2
Unidades Orgânicas de Ensino e de Investigação, 2
Parlamento Europeu, 2
Departamento de Filosofia, 2
N.E.F.I.L.U.M., 2
Associação Europeia do Desporto Universitário, 2
Instituição de Ensino Superior, 2
SNS, 2
Transferência de Tecnologia, 2
pós-futsal, 2
Conselho Nacional da Juventude, 2
Plano de Atividades, 2
I3B’s, 2
Casa Sarmento, 2
Unidades de Serviços, 2
Europeu Universitário de Futsal, 2
CCG, 2
Academia Bosch-UMinho, 2
ODS, 2
Plano Estratégico de Sustentabilidade, 2
Escola de Medicina da Universidade do Minho, 2
Academia do Minho, 2
Departamento de Engenharia Têxtil da Escola de Engenharia da UMinho, 2
COVID, 2
Assembleias de Delegados, 2
Comissão Pedagógica do Senado, 2
Comissão Externa de Acompanhamento, 2
Gatuna?, 2
COVI-19, 2
Departamento de Ciências da Comunicação do Instituto de Ciências Sociais da Universidade do Minho, 2
Casa Museu de Monção, 2
Tuna de Engenharia da Universidade do Minho, 2
Serviços de Acção Social?, 2
Alimentação, 2
Setor da Tesouraria, 2
Juniores, 2
Federação Internacional do Desporto Universitário, 2
Literatuna, 2
Escola de Letras, 2
Artes e Ciências Humanas, 2
Conselho de Ética da Universidade do Minho, 2
Comissão de Ética da UMinho, 2
Comissões de Ética, 2
Bandeira da Ética, 2
Conselho de Ética?, 2
Provedor do Estudante?, 2
Provedoria do Estudante, 2
Provedoria, 2
Aliança, 2
Comissão Organizadora, 2
Comissão Executiva, 2
@uminhosports, 2
Divisão Alimentar, 2
CVP, 2
Delegação de Braga da Cruz Vermelha Portuguesa, 2
Creche, 2
Órgãos de Representação Estudantil da Academia, 2
SIS, 2
OPUM DEI?, 2
Divisão de Fiscalização, 2
Manutenção e Segurança, 2
Conselho de Ética da UMinho, 2
Grupo de Fados, 2
Orquestra de Cordofones Tradicionais de Braga, 2
VSC, 2
Complexo Desportivo Universitário, 2
Presidente da Comissão Comemorativa, 2
Grupo de Música Popular!, 2
Católicas, 2
Swásthya, 2
RUM?, 2
Comité Executivo, 2
Label, 2
Conselho de Ansiãos, 2
Estudantes?, 2
Sistema de Informação, 2
Universidade portuguesa, 2
Universidades Portuguesas, 2
Investigação?, 2
Clusters, 2
Avaliação e Qualidade do Ensino, 2
Química, 2
Conselhos de Cursos, 2
Assembleia, 2
Hóquei, 2
Quinas, 2
Associação de Estudantes de Direito da Universidade do Minho, 2
Universidades?, 2
Tuna?, 2
1º de Dezembro, 2
Licenciatura em Engenharia, 2
Residência Universitária*, 2
European Law Students Association, 2
Actividades Académicas, 2
Académicas, 2
Comissão de Residentes?, 2
Blocos, 2
Unidade de Psicologia do Desporto, 2
Psicologia do Desporto, 2
Área de Psicologia do Desporto, 2
Núcleo de Estudantes de Medicina da Universidade do Minho, 2
Medicina da Universidade do Minho, 2
TUBRA, 2
Grupo dos, 2
Direcção, 2
Electrónica, 2
Rede, 2
Fête des Nations, 2
RTP1, 2
Chefia de Missão, 2
Comunidade, 2
Direcção Geral de Ensino Superior, 2
UMD, 2
IPP, 2
FDO e Feliz, 2
Federação Portuguesa de Badminton, 2
FPB, 2
Vitoria S.C., 2
Universidade sem Muros, 2
Conselho Académico, 2
Mestrado de Sistemas de Informação da UMinho, 2
IEP, 2
Reitoria da UM, 2
Pavilhão Desportivo, 2
European Universities Association, 2
Gabinete de Apoio a Projectos, 2
Times, 2
Núcleos de Estudantes, 2
Universitat Autònoma de Barcelona, 2
Instituto de Estudos da Criança, 2
Qualidade e Segurança Alimentar, 2
Unidades de I&D, 2
RVCC, 2
Gestão Estratégica da Universidade do Minho, 2
Desporto, 2
Conselho de Acompanhamento, 2
Directora do Instituto Confúcio, 2
Fundação para a Computação Científica Nacional, 2
Universidade Aberta, 2
Webometrics Ranking of World Universities, 2
Google Scholar, 2
Associação de Estudantes?, 2
Associação de Estudantes da Escola Superior de Enfermagem Calouste Gulbenkian?, 2
Taekwondo nacional, 2
Psicologia Desportiva, 2
LPFP, 2
CNU de Ar Livre, 2
CNU de Pista Coberta, 2
Norma ISO, 2
Apoio Médico e Psicológico, 2
Actividades Desportivas e Culturais, 2
Departamento de Saídas Profissionais?, 2
Fundação para Ciência e Tecnologia, 2
Alojamento?, 2
Grupo de Poesia e, 2
ARCUM?, 2
Associação Europeia de Estudantes de Direito, 2
Sector de Bolsas, 2
ED, 2
Departamento Recreativo, 2
Campi, 2
Escola de Arquitectura, 2
Escola de Arquitectura?, 2
Departamento de Saídas Profissionais e Empreendedorismo, 2
Actividades Desportivas, 2
Unidades Orgânicas de Ensino e Investigação, 2
Fórum, 2
CEHUM, 2
Escolas, 2
Serviços para a Garantia da Qualidade, 2
Comissão de Acompanhamento, 2
l iaç, 2
Guimarães Capital Europeia da Cultura 2012, 2
FMI, 2
Sistema de Gestão de Segurança Alimentar, 2
Programa, 2
SEG, 2
IPCA, 2
Licenciatura em Estudos Portugueses, 2
S.C.BRAGA, 2
Andebol Masculino, 2
Restaurante Panorâmico?, 2
Provedor de Estudante, 2
BBC, 2
Gestão de Desporto, 2
*Clube?, 2
Departamento Comercial da Companhia de Eletricidade de Macau, 2
Mestrado Integrado Engenharia, 2
Microsoft Portugal, 2
EMPREGO, 2
Grupo Aventura da UM, 2
Managing Director, 1
Programa de Informação Harvard Medical School Portugal, 1
BES Inovação, 1
CCR-Norte, 1
Casa da Memória, 1
Capital Europeia, 1
Plano Estratégico da UMinho?, 1
Saci-Pô, 1
Segurança, 1
Técnico Superior de Segurança e Higiene no Trabalho Nível V e Responsável Operacional, 1
Conselho Nacional de Juventude, 1
Juventude Portuguesa, 1
Jovens Portugueses, 1
Conselho Consultivo de Juventude, 1
Comité Executivo da EUSA, 1
Licenciatura em Línguas e Literaturas Europeias, 1
Nacional Universitário, 1
Futebol de 5, 1
Serviços de Comunicações, 1
Conselho Geral da UM, 1
Gabinete de Apoio a Projetos, 1
Instituto Universitário Europeu, 1
Florença-Itália, 1
p.ex.º, 1
Negócios Internacionais?, 1
Licenciatura em Negócios Internacionais, 1
AIECEP, 1
Agência para o Investimento e Comércio Externo de Portugal, 1
Negócios Internacionais pela UM, 1
BWV, 1
Engenharia Informática da UMinho, 1
Licenciatura em Engenharia Informática, 1
Xadrez, 1
Capitais Europeias, 1
Associação de Futebol de Braga, 1
Federações Nacionais Universitárias, 1
Europeu de Voleibol, 1
Europeu de Basquetebol, 1
Europeus de Taekwondo, 1
SAP, 1
QUAR2013, 1
Renovar, 1
Combatentes, 1
TOP3 nacional, 1
TOP3, 1
Serviços em Portugal, 1
Regulamentos, 1
Assembleia da Republica, 1
Setor Alimentar?, 1
Secretariado, 1
Coordenação Técnica Desportiva, 1
Coaching, 1
**Opinião, 1
Engenharia Civil, 1
Assembleia da UMinho, 1
Ajudam, 1
Estudantes Minhotos, 1
Estudantil, 1
Acção Social Escolar, 1
Educação e Investigação, 1
Fundação AAUM, 1
Jovens, 1
Estudantes da Universidade do Minho, 1
Conselho de Gestão dos Serviços de Acção Social da Universidade do Minho, 1
Estatutos dos Serviços de Social, 1
Contabilidade e Gestão de Stocks, 1
OC, 1
PAT, 1
universidade?, 1
Conselho Geral?, 1
Sistema de Gestão de Qualidade, 1
Seguro Escolar;, 1
Secretariado do Apoio Social e Segurança, 1
Apoio Psicológico, 1
Diretor de Serviços, 1
Bloco E da Residência Universitária de Santa Tecla, 1
Núcleo de Estudantes de R.I, 1
Desenvolvimento Internacional, 1
CIF, 1
Cushman & Wakefield, 1
Vonlanthen Consulting SA, 1
Caritas Suisse, 1
OIM, 1
Organização Internacional das Migrações, 1
Delegação Permanente, 1
SwissAid, 1
Agência Suíça para o Desenvolvimento Internacional, 1
EEAS, 1
Organização Mundial do Comércio, 1
Delegação permanente da UE, 1
Delegação UE-ONU, 1
ONG’s, 1
Centro de Estudos do Curso de Relações Internacionais, 1
Departamento de Saídas Profissionais & Empreendedorismo, 1
Conselho Consultivo do Departamento de Pós Graduação, 1
Mestrado Integrado em Engenharia de Polímeros?, 1
Braguinha, 1
SOLUTIONS?, 1
Marinha, 1
Exército, 1
FNAA, 1
SCAPE, 1
Microsoft Research, 1
INESC, 1
Arquivo Nacional da Dinamarca, 1
Digital Preservation Coalition, 1
Comunicação da Universidade do Minho, 1
Secretária, 1
Tuna Mista da nossa Academia, 1
Setor de Economato, 1
Fundo de Maneio, 1
Avaliação da Satisfação, 1
Relatório de Sustentabilidade, 1
STOP, 1
Conselho de Ação Social, 1
Universidades Fundação para Universidades de “Autonomia Reforçada, 1
Sistema Interno de Garantia da Qualidade da Universidade do Minho, 1
Université Catholique de Louvain, 1
Universidade de Lille, 1
Comissão de Curso da Licenciatura em Matemática, 1
Mestrado em Estatística, 1
Setor de Recursos Humanos?, 1
Ramo de Especialização em Recursos Humanos e Gestão da Formação pela Universidade do Minho, 1
Responsabilização dos Serviços, 1
Medicina de Trabalho, 1
Relatório de Satisfação dos Serviços, 1
Tex, 1
Ramo de Matemática Pura, 1
Departamento de Matemática da Universidade do Minho, 1
LCC?, 1
Mestrado de Informática e o Mestrado, 1
LCC são a Matemática as Ciências da Computação e as Tecnologias da Computação, 1
Estudantes/Acesso/Genericos, 1
Unidades de Crédito, 1
Académica, 1
Serviços tenho, 1
Administrador da Universidade do Minho, 1
Administração e Políticas Públicas, 1
Núcleo de Estudos em Administração e Políticas Públicas, 1
OTOC, 1
Contabilidade Analítica, 1
Sistema de Apoio, 1
Serviços da Universidade do Minho, 1
Universidade Católica Portuguesa do Porto, 1
Tecnologia Química, 1
Alimentar e Tecnologia do Ambiente, 1
Instituto de Emprego, 1
U2, 1
Escola de Engenharia da UMinho, 1
WeaRx, 1
INC, 1
Brigham Women’s Hospital, 1
University of Texas, 1
Cornel University, 1
FDA, 1
IAPMEI, 1
Segurança Alimentar?, 1
Bloco E de Sta, 1
Enfermagem Psicologia e Medicina do Trabalho, 1
Escola de Ciências da Universidade de Minho, 1
Comissão do Curso de Optometria e Ciências da Visão, 1
Comissão Diretiva do Mestrado, 1
Centro de Física, 1
Congresso Internacional de Optometria e Ciências da Visão, 1
Departamento de Fisica, 1
Conselho Pedagógico da Escola de Ciências, 1
afetuar, 1
Engenharia Electrónica, 1
CNU de Judo, 1
SELL Games, 1
Jugoslávia, 1
Electrónica Industrial da UM, 1
Helvar, 1
LinkedIn, 1
Provedor do Estudante da Universidade do Minho, 1
Académicos, 1
Provedor do Estudante da UMinho, 1
Provedores do Estudante, 1
Conselho Nacional de Provedores do Estudante do Ensino Superior, 1
Comissão Diretiva da LEB, 1
Natureza, 1
Educação Pré-escolar, 1
EB, 1
Núcleo de Estudantes em Educação Básica, 1
Licenciatura em Educação Básica, 1
Casa de Camilo, 1
Cultura Portuguesa, 1
The Coors, 1
Sporting, 1
Brincador, 1
Basketball, 1
Movimento “, 1
IPSS’s, 1
ICS da UM, 1
Seleção Universitária, 1
Seleção?, 1
Optei pela Engenharia Biomédica na UMinho, 1
Recordo, 1
Departamento de Informática da UMinho, 1
Unidades de Arqueologia, 1
Instituto Confúcio, 1
Embaixada Lomografica Portuguesa, 1
Grupo de Teatro Thiasos, 1
Tuna Académica da Universidade do Minho, 1
Finanças, 1
Serviços da própria instituição, 1
Equipa do Setor de Bolsas, 1
Empresário, 1
Software, 1
Direção da AAEUM, 1
Seguradora Generalli, 1
Generalli, 1
PALOP’s, 1
SPINUM, 1
Engenharia Eletrotécnica, 1
City Lights, 1
SilicoLife - Computational Biology Solutions for the Life Sciences, 1
SilicoLife?, 1
Invista, 1
Direção de Tecnologias e Sistemas de Informação da Universidade do Minho, 1
Setor de Informática, 1
Cabe-, 1
Bosch Car Multimedia Portugal S.A., 1
Fundação da Associação Académica da Universidade do Minho, 1
Fundação Associação Académica da UMinho, 1
Fundação da Associação Académica, 1
Assembleias de Núcleos, 1
Fundo Social de Emergência da UMinho, 1
Fundo Social, 1
comité organizador do campeonato, 1
Assembleia Geral da EUSA, 1
Associação forte, 1
Licenciatura em Sociologia?, 1
Licenciatura em Sociologia, 1
Clube do Ginásio Koryo, 1
Setor de Secretariado, 1
Associação Desportiva de Esposende, 1
Seleção Nacional?, 1
Nigran, 1
*Engenharia Mecânica, 1
Diogo?, 1
Sucesso Desportivo, 1
S.C.R.U.M., 1
Clube de Rugby do Técnico, 1
Media, 1
Sic, 1
Nike?, 1
Estatutos Universidade, 1
Lions Club de Braga, 1
Diretoras Adjuntas do Curso, 1
Mestrado Integrado em Engenharia, 1
Gestão de Sistemas de Informação?, 1
Gestão e Sistemas de Informação, 1
Gestão do DSI, 1
BETWEIEN?, 1
Grupo de Folclore da UMinho?, 1
Grupos de Folclore, 1
GFUM vale, 1
Setor de Gestão Técnica e Desportiva, 1
FCDEF UP, 1
Técnico de Desporto, 1
Competição Desportiva, 1
ACD, 1
Secretariado/, 1
Gestão de Atividades, 1
Fisioterapia, 1
Coordenador Técnico, 1
Gestor de Projetos Internacionais, 1
Gestor Desportivo, 1
Técnicos de Atividades, 1
Low Cost, 1
Departamento de Engª de Polímeros, 1
Cientista, 1
Instituto de Nanotecnologia, 1
POLARIS, 1
Nano medicina, 1
UN): UN Serviços, 1
UN Laboratório, 1
UN Produtos, 1
Qualidade Total, 1
Start, 1
Equipa da Qualidade, 1
EQ, 1
Desportivas, 1
FF, 1
Basquetebol masculino, 1
Voleibol feminino, 1
Rugby de 7, 1
Federação Mais Activa da Europa, 1
Café “O Farol, 1
Staff, 1
Escolas Secundárias, 1
Universidade às Escolas, 1
Universidade Portuguesa, 1
Licenciatura em Engenharia de Polímeros, 1
Assistente Estagiária, 1
Departamentos de Engenharia de Polímeros e Mecânica da Escola de Engenharia, 1
Diretor de Curso, 1
Comissão Diretiva, 1
Diretor de Departamento de Engenharia de Polímeros, 1
Ordem dos Engenheiros, 1
Engenharia de Materiais, 1
FCT-UNL, 1
Departamento de Engenharia Metalúrgica, 1
UA - Departamento de Engenharia de Materiais e Cerâmica, 1
FCT-UNL - Departamento de Ciência dos Materiais, 1
Engenharia de Materiais da UMinho, 1
WESP, 1
JUXTALEARN, 1
FP7 da Comissão Europeia, 1
International Symposium, 1
Centro ALGORITMI, 1
Displr, 1
Graduação em Contabilidade Pública, 1
Agencia Nacional de Compras Públicas, 1
Sector de Contabilidade e Gestão de Stocks?, 1
Concursos Públicos, 1
Gatewit, 1
Autoridade Tributaria, 1
Departamento de Psicologia do Instituto de Educação e Psicologia, 1
Universidade de Leiden, 1
The Times, 1
Secretariado da Escola, 1
Mestrado Integrado em Psicologia?, 1
Mestrado Integrado em Psicologia, 1
Estatística, 1
Soluções e Inovação, 1
ESI - Engenharia, 1
Soluções e Inovação?, 1
GRUPO-ESI, 1
Grupo Amorim, 1
Polisport, 1
IKEA|Swedwood, 1
Portuguesas ou Multinacionais, 1
Empresas Portuguesas, 1
Eurosport, 1
Federação de Andebol de Portugal, 1
CO, 1
Seleção Nacional Universitária de Andebol, 1
Representante da, 1
Xico Andebol, 1
CCR Fermentões, 1
CIPRL, 1
Técnico- Desportiva, 1
Voluntariado Desportivo, 1
Banco Local de Voluntariado da CMguimarães, 1
Guias das equipas, 1
Estatutos da Universidade de Minho, 1
Europeu de Basquetebol 2006, 1
Europeia de Desporto Universitário, 1
Associação Cultural e Desportiva Jardim da Serra, 1
Câmara Municipal de Braga, 1
APD, 1
Gabinete de Ação Social, 1
Diretora DAF, 1
MCI, 1
Prazo Médio de Pagamentos;, 1
Celeste Pereira, 1
Associação Internacional de Clubes Lions, 1
Setor do Alojamento, 1
BAL, 1
PME, 1
Sistema de Normalização Contabilística da Administração Pública, 1
Licenciatura?, 1
PLI, 1
Comissão Pedagógica do Senado Académico, 1
Departamento de Estudos Curriculares e Tecnologia Educativa na Comissão Diretiva, 1
Conselho de Cursos, 1
Licenciatura em Educação?, 1
IPSS, 1
Relatório-Síntese Global, 1
Comissão de Avaliação Externa, 1
CAE, 1
Inocentes, 1
We are the World, 1
USA for Africa, 1
Escola por Medida, 1
Departamento de Economia da UMinho, 1
Tinbergen Institute, 1
Conselho Pedagógico da EEG, 1
Económica, 1
Microeconomia e Macroeconomia, 1
Economia Aplicada, 1
Grupo de Folclore da Universidade do Minho, 1
Escola de Música, 1
Braga-Capital Europeia da Juventude, 1
Grupo Folclórico?, 1
XXV FITU, 1
Grupo de Folclore, 1
Área de Estudos Espanhóis do Instituto de Letras e Ciências Humanas, 1
Área de Estudos Espanhóis da UMinho, 1
USC, 1
Barça, 1
Associação de Antigos Estudantes da Universidade do Minho, 1
Emprego dos “Pioneiros, 1
Linkedin, 1
Alumni do país, 1
Alumni UMinho, 1
Conselho Alumni, 1
Alumni da UMinho, 1
PIONEIROS, 1
João Coutinhas*, 1
Departamento de Formação da AAEUM, 1
AAEUM Academia, 1
Tolinhos, 1
Europeu Universitário de Andebol, 1
Comité Organizador do Europeu Universitário de Andebol, 1
Federação de Andebol, 1
Arbitragem, 1
Direção da Associação de Andebol de Braga, 1
Clubes e Agentes da Modalidade, 1
Serviços Sociais da Universidade do Minho, 1
Arsenal da Devesa, 1
CO?, 1
Andebol Universitário, 1
Tetra, 1
União!, 1
FSE, 1
SAS do Norte, 1
Fundações, 1
Variante Arqueologia, 1
Comissão Externa de Avaliação, 1
Conselho Pedagógico do ICS, 1
Licenciatura em Arqueologia?, 1
Informática, 1
Unidade de Arqueologia da Universidade, 1
UAUM, 1
MADDS, 1
Serviço da Seleção Sub-21, 1
Andebol da Uminho, 1
Escola de Música Artes Performativas e Artes Plásticas, 1
Câmara de Guimarães, 1
ECUM, 1
Licenciatura em Biologia Aplicada?, 1
Licenciatura em Biologia Aplicada, 1
Velvet Underground, 1
Sonic Youth, 1
Presidente do Conselho Cultural da UMinho, 1
Arquitetura à, 1
Departamento de Música, 1
VianaVocale, 1
Academia de Música de Viana, 1
Bomboémia?, 1
Grupo de Cabeçudos, 1
Associação Recreativa e Cultural Universitário do Minho, 1
Clube de Taekwondo Lobos Negros, 1
Campeã Nacional Sénior, 1
Vice-Campeã Europeia Universitária, 1
convocarem-me, 1
Portuguesa, 1
Apuramento Europeu, 1
Juiz Conselheiro Jubilado do Supremo Tribunal de Justiça, 1
pronunciar‑me, 1
Regime de Direito Privado, 1
Reitores das Universidades Portuguesas, 1
Universidade Completa, 1
Escola de Belas Artes do Porto, 1
Faculdade de Arquitetura da Universidade do Porto, 1
FAUP, 1
Mestrado Integrado em Arquitetura?, 1
Adagietto da 5ª Sinfonia de Mahler, 1
Licenciatura em Relações Internacionais, 1
Boussole, 1
Grupo de Poesia?, 1
Alta Competição?, 1
Medicina?, 1
Ortopedia ou Anestesiologia, 1
Ortopedia, 1
SE CHEGA, 1
Comité Organizador do Mundial Universitário de Badminton, 1
Universidade da Beira-Interior, 1
Marketing e Imagem, 1
Administração das Pastelarias e, 1
Administrador dos Serviços de Ação Social da Universidade da Beira Interior, 1
FACTO DE TER TIDO, 1
XVIII Governo Constitucional de Portugal, 1
ESPÍRITO DE MISSÃO E DE PROCURA PELO, 1
Federação Internacional de Pentatlo Moderno?, 1
UIPM, 1
Federação Internacional, 1
bold, 1
Biologia as Ciências de Computação, 1
Il Postino, 1
Presidente da Escola, 1
EEGoingPro, 1
Escola de Formação de Executivos, 1
UMinho Exec, 1
Quadro Europeu Comum de Referência, 1
Administrador dos Serviços?, 1
Serviços de Acção Social do Porto, 1
Associativismo Estudantil, 1
Proteção Civil Desporto e Turismo, 1
Partido Socialista, 1
APOGESD?, 1
Liga de Futebol Profissional, 1
Moreirense, 1
Capital Europeia do Desporto, 1
ACES Europe, 1
Academia de Artes Marciais e Desportos de Combate, 1
AEC’s, 1
Centro Ciência Viva, 1
Departamento de Psicologia Aplicada, 1
Provedora do Estudante da UMinho, 1
Engenharia Electrónica Industrial, 1
Mestrado Integrado em Engenharia Biomédica?, 1
Engenharia Clínica, 1
Eletrónica Médica, 1
Informática Médica, 1
CSIC Madrid, 1
Katholieke Universiteit Leuven, 1
University of Twente, 1
Massachusetts Institute of Technology, 1
Nacional de Saúde, 1
INEB, 1
BIAL, 1
Grupo de Comunicações, 1
Departamento específicos, 1
Eletrónica Industrial Sistemas de Informação e Informática, 1
DSI, 1
Licenciatura de Comunicações, 1
Núcleo de Estudantes de Engenharia de Telecomunicações e Informática, 1
Engenharia de Telecomunicações e Informática?, 1
Engenheiros de Telecomunicações e Informática, 1
Telecomunicações e Informática e Eletrónica, 1
Telecomunicações, 1
Departamento de Eletrónica Industrial, 1
Sistemas de Telecomunicações, 1
Restaurante Universitário, 1
Junta de São Victor, 1
Rufar, 1
The Budapest International Wine Festival, 1
Instituto para a Bio-Sustentabilidade, 1
Autarquia de Guimarães, 1
Projeto Bosch, 1
Unidade Operacional da Universidade das Nações Unidas, 1
Agência Nacional de Proteção Civil, 1
Fundo de Emergência Social, 1
Relatórios de Sustentabilidade, 1
Conselho de Curadores, 1
Pub John Lennon, 1
Tuna Académica da Universidade Fernando Pessoa, 1
Tuna Académica do Externato Infante D. Henrique, 1
FITU Bracara Avgvsta, 1
Associativismo Saúde e Bem-estar, 1
Parlamento Concelhio, 1
ACES Braga, 1
Capital IberoAmericana da Juventude, 1
Área Desportiva Útil, 1
Eixo Desportivo da Rodovia, 1
StartUp Braga, 1
Saúde e Economia, 1
Bem-estar, 1
Departamento de Engenharia Mecânica da, 1
SPB?, 1
SPB, 1
Clínica do Dragão - Espregueira Mendes, 1
FIFA Medical Centre of Excellence, 1
CNN, 1
Engenharia Biomédica, 1
Engenharia Mecânica da UMinho, 1
CE, 1
Ciência Aberta, 1
comissão europeia, 1
FOSTER, 1
Responsible Research and Innovation, 1
RRI, 1
Instituto Politécnico de Viana do Castelo, 1
Licenciatura em Estatística Aplicada, 1
Núcleo de Estudantes de Estatística da Universidade do Minho, 1
Formação de quadros técnicos, 1
Técnico Superior dos Serviços de Acção Social da Universidade do Minho, 1
FPF?, 1
Futsal, 1
Futebol e Futebol de Praia, 1
Futebol de Praia português, 1
Futebol de Praia?, 1
Portugal Football School, 1
anac@sas.uminho.pt, 1
Licenciatura em Design e Marketing de Moda?, 1
Mestrado em Design de Comunicação de Moda, 1
Jograis?, 1
3ª Entrevista, 1
Cosmos, 1
NinaDesentope, 1
Grupo de Jograis, 1
Jerónimo, 1
Divertimento, 1
Tuna Feminina de Engenharia da Universidade do Minho, 1
Gabinete de Sistemas de Informação da UMinho, 1
Administrador da Ação Social, 1
Universidade para Fundação, 1
Universidade em Guimarães, 1
LCB, 1
Administradora do IPCA, 1
Certificação da Qualidade ISO 9001, 1
INA, 1
Engenharia Económica, 1
Assistente Direção Financeira, 1
manternos-, 1
Relações Internacionais e Mestrando em Direitos Humanos, 1
Eurodeputado, 1
Marília, 1
PPE, 1
Partido Popular Europeu, 1
Fundo Europeu para Investimentos Estratégicos, 1
Telecom Portugal, 1
Parlamento, 1
AG, 1
academia desportiva, 1
Direção da AAUM, 1
Departamento de Gestão de Associados & Marketing, 1
Estudantes do Ensino Superior, 1
Serviços de Ação Social das Instituições de Ensino Superior, 1
OCDE, 1
Ciência Tecnologia e Ensino Superior, 1
Instituições de Ensino, 1
Amazon?, 1
Apple, 1
Engenharia Civil pela, 1
Instituto de Estudos Sociais de Haia, 1
II-3B, 1
pos, 1
G.A.E. etc, 1
Unidade Curricular de Filosofia em Portugal I, 1
Licenciatura em Filosofia?, 1
NEFILUM, 1
Jornadas ILCH, 1
Comunidade de Leitores de Filosofia Jantar de Finalistas, 1
UC de Filosofia da Tecnologia, 1
Comunidade de Leitores de Filosofia, 1
Núcleo de Estudantes de Filosofia da Universidade do Minho, 1
Licenciatura em Filosofia, 1
IPDJ, 1
Associação Académica da Universidade de Aveiro, 1
Federação Desportiva, 1
Ativa da Europa, 1
Campeonatos Nacionais Universitários de 2019, 1
Gabinete de Promoção do Sucesso Académico, 1
Comissão Bipartida, 1
Comissão de Trabalhadores da UMinho, 1
Emprego Científico - Modalidade Institucional, 1
ISEE, 1
Advanced Management Programme, 1
Diretor de Sistemas de Informação da Sonae Distribuição, 1
MobiComp, 1
IT Peers, 1
Profimetrics, 1
Cardmobili, 1
COTEC Portugal, 1
Membro, 1
CNEI, 1
Conselho Nacional para o Empreendedorismo e Inovação, 1
Sistemas, 1
Cultura Árabe, 1
Sociedade Portuguesa, 1
Sindicatos, 1
Empresas, 1
Unidades de Negócio de Conhecimento, 1
Universidade Portuguesa em Investigação Aplicada, 1
Educação Contínua, 1
Grupo Socio Cultural Novos Talentos, 1
Sub 21, 1
Presidente do Conselho Nacional da Juventude, 1
Associação de Estudantes da Faculdade de Engenharia da Universidade do Porto, 1
Ordem dos Advogados, 1
Estados Membros, 1
Organização das Nações Unidas, 1
Movimento Associativo Nacional, 1
Constituição da República Portuguesa, 1
CNU’s 2019, 1
Altice Forum Braga, 1
GFUM?, 1
Conselho de Presidentes das Unidades Orgânicas, 1
Departamento de Geografia, 1
CCDR, 1
UNorte PT, 1
Editora UMinho, 1
Editora, 1
Serviços [de Ação Social, 1
Escola da Engenharia, 1
Escola de] Psicologia, 1
Igreja, 1
Universidade-Indústria, 1
Bosch Car Multimédia?, 1
Bosch Car Multimédia Portugal, 1
Human Machine Interface Excellence, 1
Universidade e Indústria, 1
Bosch?, 1
Bosch Car Multimedia, 1
Projetos INNOVCAR, 1
Laboratório de Manufatura Avançada de Produtos e Ferramentas, 1
UMinho-Bosch, 1
CVR, 1
Compete, 1
Sensible Car, 1
Smart Manufacturing, 1
universidadeindústria, 1
Clube de Fornecedores, 1
Pacto Global das Nações Unidas, 1
THE University Impact Rankings, 1
Advisory Committee, 1
International Sustainable Campus Network, 1
Steering Committee Meeting, 1
Conselho Diretivo do Laboratório da Paisagem, 1
Risk AquaSoil, 1
Sustentabilidade Ambiental no, 1
Biologia ou Biologia Aplicada, 1
Administrador dos Serviços de Acão Social da, 1
Plano de Atividades dos Serviços, 1
Campi Universitários, 1
Sistema de Gestão Ambiental, 1
Serviços de Acção Social de Trás-os-Montes e Alto Douro, 1
Altice Forum, 1
instituição reguladora europeia, 1
Agência de Modernização Administrativa, 1
Fundo Ambiental, 1
Conselho de Ministros o Roteiro da Neutralidade Carbónica, 1
Programa Operacional para a Sustentabilidade e Eficiência na Utilização de Recursos, 1
Pró-reitoria, 1
Gabinete para a Inclusão da Universidade, 1
Institutos da Universidade, 1
Escola de Medicina da UMinho, 1
Unidade de Educação Médica, 1
Campeonatos Nacionais Universitários de doze para oito, 1
Conselho pedagógico da Escola de Engenharia, 1
Universidade me, 1
Provedor Estudante, 1
CCDR-N, 1
Mérito Desportivo, 1
Melhor Universidade Europeia da Década, 1
European Universities Sports Association, 1
Direção-Geral de Saúde, 1
Serviços são Serviços de Acção Social da Universidade do Minho, 1
Covid-19?, 1
CEiiA, 1
STAYAWAY, 1
POINT Summit, 1
Pandemia, 1
Programa de Apoio Informático, 1
PAIE, 1
Comissão de Elaboração e Gestão do Plano de Contingência Interno COVID-19, 1
Tecnologia de Fachadas e Envolventes de Edifícios, 1
Escolas de Engenharia e Arquitetura, 1
Direção-Geral da Saúde, 1
USAAE, 1
Pró-Reitor para Especiais, 1
Assuntos Estudantis e Inovação Pedagógica, 1
Conselho!, 1
Comissão Especializada de Governação Assuntos Institucionais e Assuntos Financeiros, 1
Ex-político, 1
CELTA, 1
SAS do Ensino Superior, 1
Desert Rose, 1
CEB, 1
Diretora de Comunicação, 1
Formação e Gestão de Recursos Humanos;, 1
Intervenção Comunitária, 1
Recursos Humanos…, 1
Secretariado do Conselho Geral, 1
Conselho de Curadores da Universidade do Minho, 1
Ensino Superior Universitário, 1
Comunidade de pessoas, 1
MOMENTMUM, 1
Tuna!, 1
Representantes dos Estudantes nos Órgãos de Governo da UMinho, 1
Associativismo, 1
CC?, 1
GNRation, 1
Casa das Artes de Arcos de Valdevez, 1
Vermelhinhos, 1
TUM?, 1
Instituto da Juventude, 1
The Corrs & Bono, 1
Divisão de Gestão Alimentar de Braga, 1
Afonsino, 1
Fundadores, 1
UMd Quais, 1
PIDDAC, 1
Direcção Geral de Contribuição de Impostos, 1
UMd Tudo, 1
Basquetebol e Ginástica, 1
FC Porto, 1
comité executivo da, 1
Futebol de Praia, 1
Reforçar, 1
Associações de Futebol, 1
Professores de Educação Física, 1
Desporto Escolar, 1
Tuna de Letras da Universidade do Minho, 1
Tuna de Letras, 1
Tuna Mista, 1
Divisão de Alojamento, 1
Reitor da Academia, 1
Presidente do Conselho de Ética da Universidade do Minho, 1
Qualidade, 1
Subcomissões, 1
Comissões de Ética para a Investigação, 1
Comissão de Ética para a Investigação em Ciências da Vida, 1
Comissão de Ética para a Investigação em Ciências Sociais e Humanas, 1
CEICSH, 1
Ciências do Ambiente, 1
Conselho de Presidentes de Unidades Orgânicas, 1
pt/PT, 1
pt, 1
estudantes dos três ciclos, 1
Divisão de Sistemas de Informação, 1
Força Aérea, 1
Aeronáutica, 1
Entrevista à Provedora do Estudante da Universidade do Minho, 1
Informações, 1
MELHOR ACADEMIA do País, 1
TSF, 1
Unidade de Ensino Especial, 1
Direção da Escola, 1
Orçamento Participativo Escolar, 1
Direção da Associação de Estudantes de Direito da Universidade do Minho, 1
Associação de Debates Académicos da Universidade do Minho, 1
Ação Educativa e Associativismo, 1
Confiança, 1
Plano de Atividades da AAUMinho, 1
Gatuna e Tun’Obebes, 1
Tuna Académica do Liceu de Évora, 1
Once, 1
Tuna Mais Tuna, 1
Semina, 1
Técnico Desportivo, 1
Escola Superior de Desporto e Lazer, 1
Academia do país!António Ferreira, 1
Tecnico Desportivo, 1
UMinho Education Aliance, 1
Administração Públia, 1
Comissão de Trabalhadores, 1
Assistente Técnica, 1
Proteção de Menores, 1
PGR, 1
Procuradorias e Tribunais, 1
APAV, 1
Universidade e do Ensino Superior, 1
Abriu-me, 1
Conselho Geral e a Interação com a Sociedade, 1
Administrativos, 1
Órgão, 1
O Conselho Geral, 1
Divisão de Bolsas, 1
Estudantes e as Unidades Diferenciadas, 1
Presidente do Conselho Cultural, 1
ASPA, 1
Unidade de Educação de Adultos, 1
Tuna Académica Feminina da Universidade, 1
Digressão Tunae, 1
Tun’ao Minho?, 1
Tun’ao Day, 1
Asseguro, 1
UMinhoSports dos Serviços de Acção Social da Universidade do Minho, 1
Instagram @uminhosports, 1
Seleções Nacionais, 1
Gestão em Turismo e Hotelaria, 1
POCER, 1
PPR, 1
Estatutos da UM, 1
Associação Académica da Universidade da Beira Interior, 1
Estudantes do país, 1
Direção da FADU?, 1
Unidades de Apoio, 1
UAARE, 1
Dia Internacional do Desporto Universitário, 1
Pós-Graduação em Contabilidade Pública, 1
Setor da Contratação, 1
Apoio Técnico à Contratação e à Gestão do DCF, 1
Estruturas Locais da Cruz Vermelha Portuguesa, 1
Estatutos da Cruz Vermelha Portuguesa, 1
Direito Internacional Humanitário, 1
Unidade e Universalidade, 1
Transporte de Doentes e Crianças com Necessidades Educativas Especiais, 1
Creche do INL, 1
Serviço de Apoio Domiciliário, 1
Equipa de Intervenção Social Direta, 1
Juventude da Cruz Vermelha, 1
Juventude Cruz Vermelha, 1
Delegação atualmente?, 1
Instrumento Financeiro para Reabilitação e Revitalização Urbanas, 1
Delegação de Braga, 1
SEF, 1
Portuguesa?, 1
Bem-estar da Academia, 1
Universidade democrática, 1
Movimento Associativo Estudantil, 1
RECURSO, 1
Moção Global, 1
Académicas Ponto, 1
Summit, 1
Sou Assistente Operacional, 1
Assistente Operacional, 1
Associação Europeia de Universidades, 1
Plano Nacional de Alojamento de Estudantes do Ensino Superior, 1
Investigação e da Inovação, 1
Sonae, 1
Rede Casas do Conhecimento, 1
Associação de Psicologia, 1
plano internacional, 1
Aliança Europeia Arqus, 1
Plano Estratégico da Universidade, 1
Academia Diria, 1
Fibrenamics, 1
Plano de Atividades e Orçamento 2023, 1
Plano de Atividades e Orçamento, 1
Universidade de investigação, 1
Queria, 1
Departamento de Biologia da Escola de Ciências, 1
Entrevista à Presidente do Conselho de Ética da UMinho, 1
Subcomissão de Ética para as Ciências da Vida, 1
Saúde, 1
Subcomissão de Ética para as Ciências Sociais e Humanas, 1
Universidade de órgãos/comissões, 1
Comissões Especializadas de ética para a investigação, 1
Literacia Ética, 1
Cátedra Alumni Medicina, 1
Grupo de Fados e Serenatas da UMinho, 1
Grupo do Minho, 1
Canto, 1
Guitarradas e Música Tradicional, 1
Venham, 1
Vitória Sport Clube, 1
VSC?, 1
We are the champions, 1
Comissão Comemorativa, 1
ENTREVISTA João Cardoso Rosas, 1
Comissão de Honra, 1
Centro de Ética, 1
Política e Sociedade, 1
Instituto Universitário de Évora, 1
colóquio internacional sobre “, 1
Democratização Portuguesa, 1
Queima das Fitas de 1985, 1
ex-URSS, 1
World Music, 1
Arredas Folk Fest, 1
contribuirás, 1
Divisão de Contabilidade e Tesouraria, 1
Divisão da Contabilidade e Tesouraria, 1
Contabilidade e Tesouraria, 1
Administradora dos Serviços de Ação Social da Universidade do Minho, 1
Administradora, 1
Serenatas da Academia, 1
Grupo de Fados da AAUMinho, 1
Universidade de Yôga?, 1
União Nacional de Yôga, 1
Federação de Yôga, 1
Católica, 1
UniCruz, 1
Sociedade Brasileira de Educação e Integração, 1
Sindicato Nacional dos Profissionais de Yôga, 1
RUMfala-nos, 1
Director da Rádio Universitária do Minho, 1
RUM ?, 1
Real Áudio, 1
Rádio Comercial, 1
RFM, 1
VL Vai, 1
VL Sim, 1
Semanário Académico, 1
Comunicação Social, 1
UMd Generalizando, 1
VL Aquilo, 1
Conselho de Administração, 1
Dança Africana?, 1
Comunicação NãoVerbal, 1
Da Weasel, 1
Diapasão?, 1
Diapasão, 1
Xutos, 1
Xutos & Pontapés, 1
GATA, 1
Inglês?, 1
Deixei, 1
Fuse, 1
T.V.I. vos, 1
T.V.I., 1
Os Beatles, 1
Loto, 1
Comissão executiva, 1
Comité Executivo da Federação Internacional do Desporto Universitário, 1
Comissão Internacional de Controlo, 1
Júri, 1
Internacional Universitária, 1
Comité Olímpico, 1
Academia Militar, 1
m u n d, 1
Serviço de Apoio Informático à Aprendizagem, 1
UMdicas- Porquê, 1
Wireless, 1
Serviços Informáticos, 1
Serviços Financeiros da UMinho, 1
Escola/, 1
Presidente da Unidade, 1
Departamento da Universidade do Minho, 1
Coordenador Departamental SOCRATES, 1
Coordenadores, 1
Departamentais/Académicos, 1
Labels ECTS Label, 1
Labels, 1
União Europeia Índia, 1
Suplemento, 1
GTS, 1
Orientation Day, 1
Cabide de Cardeias, 1
Conselho de Ansiãos?, 1
Comissão de Praxe, 1
Comissão de Acolhimento dos Novos Alunos, 1
Pearl Jam, 1
Memento, 1
5ºano de Engenharia Biológica, 1
Núcleo de Estudos, 1
Presidente da Assembleia, 1
Núcleo?, 1
Gabinetes de Apoio, 1
Escola de Direito da Universidade do Minho, 1
Pacto de Desenvolvimento Regional, 1
Associação Industrial do Minho, 1
Uniões Sindicais de Braga, 1
Universidade na Internet, 1
Conselho Estratégico da Universidade do Minho, 1
Universidade como Universidade de Investigação, 1
Toshiba, 1
Tecnologias de Informação, 1
Conselhos Consultivos, 1
Universidade nacional, 1
Centros Tecnológicos, 1
Clusters Tecnológicos, 1
Clusters em Desenvolvimento?, 1
Inovação Tecnológica, 1
Cluster Têxtil, 1
CITEVE, 1
Automóvel, 1
Plásticos da Marinha Grande, 1
Avaliação Nacional e Internacional da Investigação, 1
Ciências Sociais, 1
Técnicos de laboratórios e, 1
Futebol de 11 do, 1
Selecção Distrital de Braga, 1
Sub-17, 1
Campeã Nacional Universitária de Futsal Feminino, 1
C.D.Vinhós, 1
selecção nacional, 1
Estudantes com Deficiência, 1
GAED, 1
Psicologia, 1
Instituições do Ensino Superior, 1
Unidade de Missão Inovação e Conhecimento, 1
Departamento de Psicologia um, 1
Serviço de Consulta Psicológica e Desenvolvimento Humano, 1
Biotecnologia e Engenharia Civil, 1
Programa de Eliminação de Barreiras Arquitectónicas, 1
Comissão de Acompanhamento da Reitoria, 1
Planeamento nos Campi, 1
Universidade Inclusiva?, 1
Comecei, 1
Selecção  Nacional, 1
WTF, 1
Cartão de Utente do Pavilhão Desportivo da UMinho, 1
Financiamento e Racionalização, 1
Associação de Universidades Europeias, 1
Director dos Serviços de Documentação da Universidade do Minho, 1
Empréstimo, 1
Assistência, 1
Devo, 1
Rede de Informação do INE, 1
Bibliotecas Universitárias, 1
INE, 1
Serviços de Comunicações da U.M., 1
Escola de Patinagem Novo Mundo, 1
Nacional de Hóquei, 1
San Remo, 1
MC, 1
Torneio Internacional da Galiza, 1
ATL, 1
Vitoria de Guimarães, 1
FIVB, 1
AA, 1
Vitoria, 1
Arquitectura, 1
Licenciatura de Direito, 1
Directora do Departamento, 1
Director do Departamento Relações Externas, 1
Director do Departamento Pedagógico, 1
Directora do Departamento Vox Iuris, 1
Director do Departamento Promocional, 1
Directora do Departamento Saídas Profissionais, 1
Directora do Departamento Editorial, 1
Director do Departamento Apoio ao Trabalhador Estudante, 1
A.P., 1
Economia Medicina, 1
PJ Espaço, 1
Traje Afonsino, 1
AFONSINA, 1
Tuna de Engenharia da Universidade do Minho Magister Tunae, 1
GMR, 1
**Tradição, 1
1º de Dezembro*, 1
Directora Departamento Comercial, 1
Relações Externas, 1
organização do 1ºde Dezembro?, 1
Académica?, 1
Belenenses, 1
Serviços Técnicos da Universidade do Minho, 1
Direcção de Recursos Humanos da Universidade, 1
h)assegurar, 1
UM Boas Práticas, 1
UNIVA, 1
Unidade de Inserção na Vida Activa, 1
MELHOR ACADEMIA DO PAÍS, 1
CESIUM, 1
Coordenador Geral, 1
Celebração do Dia do Residente, 1
23 de Abril, 1
STEP, 1
Lusófona, 1
Católica Lisboa, 1
20 de Abril de 2007, 1
Conselho Geral Nacional de Primavera da ELSA Portugal, 1
Azeituna*, 1
Academia minhota, 1
Tuna Académica da Universidade Lusíada do Porto, 1
Preservatuna Tuna Universitária de Cork, 1
Honda, 1
Clube Fluvial Portuense, 1
FOCA ˜Campeã Nacional de Juniores Femininos, 1
Órgãos dirigentes?, 1
Compete à Comissão de Residentes, 1
Plc's, 1
Junta de Freguesia de S. Vítor, 1
Associação Desportiva de Santa Tecla, 1
Sida, 1
Unidade de Psicologia do Desporto?, 1
Unidade?, 1
Direcção do Serviço, 1
Comissão Directiva, 1
estudantes de Medicina da Universidade do Minho, 1
Científicos, 1
International Federation Medical Students Associacion, 1
IFMSA, 1
Medicina, 1
Associação Nacional de Estudantes de Medicina, 1
ANEM, 1
TIP, 1
TEUM, 1
Rencontres Internationales Théàtre Universitaire, 1
22 de Abril, 1
Grupo de Teatro?, 1
CCG Centro de Computação Gráfica, 1
Sistema de Informação da UM, 1
VALIMAR Digital, 1
Sistema Anti-Plágio, 1
Dossier de Unidade Curricular, 1
Departamento de Electrónica Industrial da UMinho, 1
Serviços de Acção Social da UM, 1
25 de Março, 1
Electrónica Industrial na, 1
RoboParty, 1
Complexo Desportivo, 1
Departamento de Electrónica Industrial, 1
Centro de Estudos de Administração Pública?, 1
Comercial, 1
Recreativo e Cultural, 1
Câmara dos Técnicos Oficiais de Contas, 1
Finanças Locais, 1
Governação, 1
Financiamento de Parcerias Público – Privadas, 1
ADEGE, 1
Renascença, 1
Orquestra ARTAVE, 1
Grupo de Fados de Coimbra Æminium, 1
Tuna de Ciências da Universidade do Minho, 1
Orquestra Sinfonieta de Braga, 1
Sindicato de Poesia, 1
Valencia, 1
Rádio Universitária do Minho, 1
Coro Sobre Azul, 1
Academia de Música de Paços Brandão, 1
Entre Abril e Dezembro de 2005, 1
Instituto de Estudos da Criança da Universidade do Minho, 1
Cultura da Associação Académica da Universidade do Minho, 1
25 de Novembro, 1
CAUM?, 1
Comparticipação Comunitária, 1
Conselho Estratégico da UMinho, 1
Estado?, 1
Sociedade do Conhecimento, 1
NECLUM Núcleo de Estudante dos Cursos de Letras da Universidade do Minho, 1
Núcleo de Estudantes dos Cursos de Letras da Universidade do Minho, 1
RR: Renovação, 1
UMDicas Quais, 1
Instituto de Letras e Ciências Humanas da Universidade do Minho, 1
Núcleos?, 1
Com]Textos, 1
PANSUM, 1
Instituto Superior Técnico, 1
Departamento de Química, 1
Engenharia e Gestão Ambiental, 1
EEP Award, 1
VOC, 1
Objectivos, 1
Grupo de Fados de Coimbra da Universidade do Minho, 1
Grupo de Cabeçudos Gigantones, 1
Tailandeses?, 1
Missão?, 1
federação internacional, 1
COP, 1
Campus, 1
Programa Operacional Ciência e Inovação, 1
Restaurante Universitário de Azurém, 1
Bloco G1 do Complexo Residencial de Azurém, 1
Campo, 1
Campo de Práticas de Golfe, 1
ASAE, 1
Sistema de Acção Social, 1
Serviços de Acção, 1
Medicina do Trabalho da Universidade do Minho, 1
TOTAL, 1
Serviços Académicos da UMinho, 1
Direcção Geral, 1
Departamento de Produção e Sistemas da Universidade do Minho, 1
Liga Universitária, 1
Instituição AAUMinho, 1
Associação Académica de Coimbra, 1
SCBraga/, 1
Pré-olimpico Europeu, 1
CMUB, 1
Presidente do Comité Organizador do CMUB, 1
Electrónica Industrial, 1
Associação Europeia de Desporto Universitário, 1
CO do Europeu Universitário de Voleibol, 1
Europeu de Basquetebol Universitário, 1
Internacionais de Portugal, 1
Delegado Técnico da FISU, 1
Interesse Público Nacional, 1
Opum Dei?, 1
*Consideras o Velório, 1
Ordem Profética?, 1
Sub-20, 1
Roménia, 1
Conselho Disciplinar, 1
Assembleia da Universidade, 1
Presidente da, 1
Mestrado de Informática da UEM, 1
Escola de Enfermagem da UMinho, 1
s sa, 1
Universidade Pedagógica, 1
Escolas e Departamentos desta cooperação, 1
CP1, 1
G2, 1
G3, 1
Coordenação da Qualidade, 1
Comité da Qualidade, 1
Eng.ª Celeste Pereira, 1
Consultores, 1
u n cion, 1
r ios, 1
DCC, 1
Programa Operacional Temático de Valorização do Território, 1
POVT, 1
Extensão Universitária da Universidade do Minho, 1
European Association of Universities, 1
EURHEO, 1
Mestrado Europeu em Reologia, 1
AsiaLink, 1
União Europeia Edulink, 1
ACP, 1
Universidades Brasileiras, 1
Universidade de Cambridge, 1
EAIE- European Association of Intenrational Education, 1
IAU, 1
International Association of Universities, 1
Grupo Compostela de Universidades, 1
Grupo Santander de Universidades, 1
Penn State University, 1
Universidades chinesas, 1
Escolas e Instituições internacionais, 1
Freie Universität Berlin, 1
Gabinete de Relação Internacionais, 1
Presidente do Conselho de Administração, 1
i magem internacional da, 1
Top europeu, 1
Guardian, 1
Directora dos Serviços Académicos, 1
Órgãos, 1
VicePresidente do Dep, 1
comunidade Europeia, 1
Gabinete de Actividade Desportivas da Universidade do Porto, 1
GADUP, 1
Tri, 1
Organização e Comunicação, 1
comité organizador, 1
CDU, 1
Badminton, 1
Karaté e, 1
Karaté e Taekwondo, 1
pa ra, 1
ca noagem, 1
Educação, 1
Optometria e Enfermagem, 1
25 de Dezembro, 1
Gabinete de Avaliação e Qualidade do Ensino, 1
ntigo s, 1
Direcções de Cursos, 1
I.M.-, 1
* Pesquisa Alumni, 1
Universidad Autónoma de Barcelona, 1
Mercè Masnou, 1
ENAS, 1
Decidimos, 1
Univ de Barcelona, 1
Licenciatura em Gestão?, 1
Europeu universitário, 1
despor to universitário, 1
Residência Lloyd Braga, 1
Blocos A, 1
Unidades Alimentares dos SAS, 1
Reorganização interna, 1
Pa rcei ros, 1
Comunidade e Fornecedores do GSI, 1
Sistema de Gestão da Qualidade do GSI, 1
traba l ho, 1
s ta nte documentação, 1
Segurança e Saúde do Trabalho, 1
Serviços/Gabinetes de Informática, 1
recon heci, 1
Intranet da Universidade, 1
Serviços e Projectos, 1
Fundação a cada, 1
Directores dos Centros, 1
Centros classificados, 1
Laboratórios Associados, 1
Associação Universidade-Empresa para o Desenvolvimento, 1
Departamento de Formação Contínua, 1
Associação Universidade Empresa para o Desenvolvimento, 1
Formação Contínua, 1
DGERT, 1
Direcção-Geral do Emprego e das Relações de Trabalho, 1
Empreendedorismo Universitário, 1
Vice-Presidência, 1
Departamento de Transferência de Tecnologia da TecMinho, 1
Propriedade Industrial, 1
Ciência & Tecnologia, 1
Departamento de Formação Contínua da TecMinho, 1
Gabinete de Formação Contínua da UM, 1
Propriedade Intelectual, 1
Departamento de Formação, 1
Departamento de Empreendedorismo da TecMinho, 1
Agência Nacional para a Qualificação à TecMinho, 1
Conselho Administrativo, 1
Universidade-Empresa CNO, 1
Associação de Funcionários da UM, 1
NAMGE, 1
Mestrado em Marketing, 1
Núcleo de alunos?, 1
Núcleo de Alunos em Marketing, 1
Gestão Estratégica?, 1
Profissionalizar o, 1
Clube de Empreendedorismo da Universidade do Porto, 1
Federação Internacional de Desporto Escolar, 1
Comissário Nacional da Mocidade Portuguesa, 1
União Internacional de Estudantes, 1
Direcção Geral do Desporto, 1
25 de Abril, 1
ma ior, 1
Técnico, 1
Estad io Universitário, 1
Procurador Geral da República, 1
Presidente do Conselho, 1
Samaranch, 1
Presidente da Comité Olimpico Internacional, 1
Administração entender, 1
Sub-secretário de Estado, 1
Che Guevara, 1
Director Geral dos Desportos, 1
Direcção Geral dos Desportos, 1
Governos provisórios, 1
Ministro do Exército, 1
Departamento do Ensino de Chinês de Língua Estrangeira do Ministério da Educação da China, 1
Estatutos da Universidade do Mi n ho., 1
Academia da Universidade do Minho, 1
Tribunal de Contas de Portugal, 1
Línguas e Culturas Orientais, 1
Institutos Confúcio, 1
Institutos Confúcio das Universidades, 1
Nações, 1
Intercâmbio, 1
Actividades Interculturais “Hallerstein, 1
Associação Europeia de Estudos Chineses, 1
Institutos, 1
Cursos Livres de Chinês, 1
Chinês?, 1
EU, 1
Agencia, 1
Programa Operacional Sociedade do Conhecimento, 1
Universidade Técnica da Lisboa e Hospitais da Universidade de Coimbra, 1
Agência para a Sociedade do Conhecimento IP, 1
Programa Operacional da Sociedade do Conhecimento, 1
Tradução das Directivas, 1
Digital Repository Infrastructure Vision for European Research, 1
Universidade Técnica de Lisboa, 1
Associação de Estudantes Superior de Enfermagem Calouste Gulbenkian, 1
3º.Ano, 1
Cultural e Desportivo, 1
Seminário de Empregabilidade, 1
ENEE, 1
National Geographic, 1
Associação Crista da Mocidade, 1
ACM, 1
Psicólogo Desportivo da Universidade do Minho, 1
Pr, 1
Psicólogo, 1
Livros Nacionais, 1
Unidades de investigação, 1
Comissão Eleitoral, 1
Ano Novo, 1
Relatório, 1
psicólogo desportivo, 1
Futebol Clube de Penafiel, 1
Liga Portuguesa de Futebol Profissional?, 1
Provedor do Adepto, 1
Sabem, 1
Vice-presidente da Associação Académica da Universidade do Minho, 1
sa í das profissionais, 1
Vice-presidente das Saídas Profissionais, 1
at le tas da, 1
s tr u tu ra, 1
Instituto Politécnico do Porto, 1
CNU de Corta-Mato, 1
Residentes, 1
Relatório de Actividades e Contas, 1
Gestão de Segurança Alimentar, 1
i mplementaç ã o do, 1
Procedimentos, 1
Constituir, 1
lg u, 1
Medicina Desportiva, 1
Atendimento Médico Geral, 1
Plano Operacional de Valorização do Território, 1
Técnicas de Procura Activa de Emprego, 1
Workshops sobre Técnicas de Procura Activa de Emprego Conferências, 1
REFERÊNCIAL, 1
SnackBar dos Congregados , 1
Alumni UM, 1
Entrevista, 1
INPI, 1
sa, 1
Shell, 1
Michelin, 1
Alimentar Bar IV, 1
Organização Mundial de Saúde, 1
Direcção Geral de Saúde, 1
Plano?, 1
Direcção de Recursos Humanos, 1
STEC, 1
Serviços e Escolas, 1
Engenheira Química, 1
Engenharia Química, 1
organização desses eventos, 1
Académica da Universidade do Minho, 1
Europeu de Andebol Universitário, 1
Departamento Desportivo da AAUMinho, 1
MIEB, 1
Engenharia para o Futuro, 1
Gabinete de Alunos de Engenharia Biomédica, 1
Pode-nos, 1
Alimentar Bar de Engenharia I, 1
SASAUM, 1
Alimentar Bar dos Congregados, 1
Europeu de Juniores, 1
Koryo, 1
Associação portuguesa de certificação, 1
Acção Social no Ensino Superior, 1
Serviços da Administração Pública, 1
Certificação, 1
Serviços de Acção Social do País, 1
* Legumes, 1
Bebidas, 1
Armazém de Gualtar, 1
Campeão Nacional, 1
tr e i na r, 1
Departamento de Comunicação Divulgação e Imagem, 1
Departamento de Apoio a Núcleos, 1
Departamento de Saídas Profissionais, 1
Grupo de Gigantones, 1
Ramo de Especialização em Recursos Humanos e Gestão da Formação pela UMinho, 1
Direcção de Recursos Humanos da Universidade do Minho, 1
ISO9001:2008, 1
A.C.M, 1
lca, 1
i nda ten ho, 1
Serviços da Acção Social, 1
Universidade tanto no, 1
Uebe.q, 1
Universidade do Minho)e o TER, 1
Direcção do NITERUM, 1
SONAE, 1
CUF, 1
CIN, 1
NITERUM?, 1
Civil e Escola de Ciências, 1
TER?, 1
Núcleo da Associação Europeia de Estudantes de Direito, 1
25 de Março de 2002, 1
Seminários e Conferências Marketing, 1
V.P. Marketing, 1
estudantes de Direito da UMinho, 1
Assembleia Geral das Nações Unidas, 1
Informática?, 1
Direito?, 1
Curso de Direito, 1
Escola de Direito Pública do País, 1
Escola de Direito pública, 1
Direito das Autarquias Locais, 1
Direito dos Contratos, 1
Direitos Humanos, 1
Direito Tributário e Fiscal e Direito da União Europeia, 1
Comum, 1
Estratégia da Escola, 1
Licenciatura em Direito, 1
Profissões Forenses, 1
Cursos Regulares de Actualização, 1
Direito da Propriedade Intelectual, 1
Departamento Pedagógico, 1
Assembleia de Delegados, 1
Departamento Pedagógico da AAUM, 1
Pró-Reitora da Universidade do Minho, 1
pr es idente, 1
Escola Ciências da Saúde, 1
i nda u m campeonato, 1
NEMUM?, 1
Planeamento e Arquitectura, 1
Infraestrutura Inovação e Projectos Especiais, 1
Direcção de Tecnologia e Sistemas de Informação, 1
Universidade no e v ento Gu i ma r ã, 1
Capi ta l Europeia da Cultura 2012, 1
Escola da Arquitectura, 1
Escola de arquitectura?, 1
Escola jovem, 1
Psicologia e Sociologia, 1
Construção, 1
Departamento Autónomo, 1
Estratégia da Escola de Arquitectura, 1
FTC, 1
Centro de Estudos, 1
estudantes Alimentar, 1
estudantes Erasmus, 1
Departamento de Matemática para a Ciência e Tecnologia da Escola de Ciências da Universidade do Minho, 1
Escola de Ciências?, 1
Ciências?, 1
Escola de Ciências da UMinho?, 1
Estratégia da Escola de Ciências, 1
Departamento de Economia da Escola de Economia e Gestão da Universidade do Minho, 1
Departamento de Gestão da mesma Escola, 1
Ciências Económicas, 1
inter venientes, 1
Profissionais e Empreendedorismo da AAUM, 1
Departamento de Saídas Profissionais e Empreendedorimo, 1
Departamento de Saídas Profissionais e Empreendedorismo?, 1
Departamento de Saídas Profissionais da AAUM, 1
Medidas de Emprego do IEFP, 1
Direcção da, 1
Gestão Técnica e Desportiva?, 1
Vice Reitores, 1
Fórum dos Centros de Investigação, 1
Gabi ne te de, 1
Serviço de Relações Internacionais, 1
Agência de Avaliação e Acreditação do ensino Superior, 1
Comissão de Estudos Artísticos, 1
INL?, 1
ILCH?, 1
Centro de Estudos Humanísticos, 1
Licenciatura em Estudos Orientais, 1
Licenciatura em Línguas Aplicadas, 1
Licenciatura em Música, 1
Línguas Aplicadas, 1
Línguas e Literaturas Europeias, 1
ILCH da UMinho?, 1
Estratégia do ILCH, 1
Apoio Médico e Psicológico e Apoio, 1
CAS, 1
Acção Social da Universidade do Minho, 1
Vice-Presidente do Departamento Pedagógico da AAUMinho, 1
A Universidade, 1
Grupos Culturais da Universidade, 1
Cu r so, 1
ESE?, 1
Núcleo de Investigação em Enfermagem, 1
Sistema Interno de Garantia, 1
Estratégia da ESE, 1
Sistema Interno da Garantia da Qualidade, 1
ST, 1
Tesouraria, 1
Facturação e Controlo de Senhas, 1
Universidade quando concorreste?, 1
Vasco Leão, 1
Departamento de Comunicação e Imagem, 1
Implementaremos, 1
Direcção-Geral do Ensino Superior, 1
Grupos Culturais da Universidade do Minho, 1
Escola de Ciências da Saúde da UMinho, 1
ens i, 1
Serviços de Saúde, 1
Unidade de Educação Médica da Escola, 1
NBME, 1
Unidade de Investigação, 1
FLAD, 1
Escola Médica, 1
ECS?, 1
Estratégia da ECS, 1
CCA, 1
Associação Profissional de Médicos, 1
Unidades de I&D da UM, 1
Escola de ensino, 1
Inclusão, 1
Sistema de Informação do SIGAQ- UM, 1
SIGAQ-UM, 1
Unidade Curricular, 1
Unidade Orgânica de Ensino e Investigação, 1
Cursos e Serviços, 1
Sistema de Informação do SIGAQ-UM, 1
Carta de Progresso Institucional, 1
Extensão, 1
Gestão Universitária, 1
academia, 1
Inclusão?, 1
GPI, 1
EEUM?, 1
Escola de Engenharia?, 1
Escolas e Departamentos, 1
Escola global, 1
Escola para a Sociedade, 1
Licenciatura em Arquitectura, 1
Programa de Apoio Tutorial da UMinho, 1
Economia pela, 1
Economia Europeia, 1
Relatório de Gestão e Contas, 1
27 de Abril, 1
Satisfação Global, 1
IS, 1
Centros Médicos dos Campi, 1
Presidente Escola de Economia e Gestão, 1
Escola de Economia e Gestão da Universidade do Minho, 1
Presidente de Escola, 1
Relações Internacionais e Economia, 1
Escola de Negócios, 1
Administração pública, 1
Estratégia da EEG, 1
Sector de Contabilidade e Gestão de Stoks, 1
Graduação em Contabilidade Pública da Universidade Lusíada, 1
Responsável da Unidade elabora a Requisição, 1
Responsável de Unidade, 1
Dra, 1
Departamento de Ciências da Comunicação, 1
RTPN, 1
Alunos, 1
Centros de Investigação, 1
Instituto novo, 1
Escolas da UM, 1
Educação e Educação Básica, 1
Escola Secundária de Maximinos, 1
Licenciatura em Medicina?, 1
Universidade jovem, 1
Instituto para a Biosunstentabilidade, 1
Melhoraremos, 1
eixo, 1
Associação Académica da UMinho, 1
Núcleos de Investigação e Departamentos, 1
Escola Universitária, 1
Escola de Ciências Sociais, 1
Ciências da Comunicação Geografia História e Sociologia, 1
Centro de Estudos de Comunicação e Sociedade, 1
CITCEM, 1
Segurança?, 1
Serviço Militar, 1
Comissão de Coordenação e Desenvolvimento Regional do Norte, 1
Enenorva, 1
Presidente do Conselho de Administração da Fundação de Serralves, 1
Universidade o Conselho Geral, 1
Constituição da nossa República, 1
i mplementaç ã o, 1
ESE- UM, 1
Direcção da Associação, 1
Gabinete Cultural e Desportivo, 1
POCAL, 1
Pós-Graduação em Sistema de Normalização Contabilística, 1
Auditoria, 1
IMPETUS, 1
Certificação de qualidade nós, 1
TNU's, 1
Andebol Masculino Vice-Campeões Europeus, 1
Futsal Masculino Vice- Campeões Europeus, 1
Futsal Masculino?, 1
Futsal Masculino e Voleibol Feminino, 1
n í vel naciona l, 1
Taekwondo e Atletismo, 1
Pró-reitora para o Ensino, 1
da Universidade do Minho, 1
Universidade do Por to, 1
Educação da Criança, 1
Agência de Avaliação A3ES, 1
UNICEF, 1
Auditoria Alimentar, 1
Auditora Interna, 1
SGS, 1
Fórum dos CI, 1
Ciências da Comunicação, 1
Engenharia Biológica, 1
International Iberian Nanotechnology Laboratory, 1
Orientação conjunta de projectos, 1
Processos Industriais, 1
TICE, 1
ICT, 1
Espaço Europeu de Investigação, 1
GAP-Gabinete de Apoio a Projectos, 1
Fórum do CI, 1
Escola de Formação Turística do Porto, 1
Aconselho, 1
Directora da Escola Superior de Gestão, 1
Comissão Instaladora, 1
Direito das Autarquias Locais da Escola de Direito da Universidade do Minho, 1
Comissão Directiva do Mestrado, 1
Regime Jurídico da UMinho, 1
UP, 1
Serviços vim, 1
Sector Apoio Técnico ao Responsável, 1
Conselho de Gestão; Elaboração dos Mapas de Contabilidade Analítica, 1
Caixas, 1
Directora de Serviços, 1
Sistema de Gestão da Qualidade do DAF, 1
Auxílio, 1
Coadjuvar a Directora de Serviços do DAF, 1
Sistema de Ensino Superior, 1
Instituto Politécnico, 1
Mestrado Internacional de Gestão de Desporto, 1
Club 84, 1
Braga Basquete Club, 1
Mestrado Internacional, 1
FIFA, 1
CIES, 1
Instituição Universitária, 1
Universidade pública, 1
Grupo Compostela, 1
Gabinete de Comunicação e Imagem, 1
MCE, 1
ESNA Higher Education News on October 12, 1
Associação melhor do, 1
Associação de Antigos Estudantes, 1
Academia do País, 1
Engenharia Metalomecânica da Universidade do Minho, 1
Metalomecânica de Braga, 1
Diretor Técnico, 1
Tecnologias de Manufatura, 1
Conceção de Estruturas, 1
20000 Léguas Submarinas, 1
Arcoense, 1
Departamento Comercial, 1
CEM, 1
Departamento de Operação e Manutenção da Rede, 1
Departamento Comercial da CEM, 1
Informática e Sistemas, 1
Produção e Sistemas, 1
Núcleo de Estudantes de Engenharia e Gestão Industrial da UMinho, 1
Gestão Industrial?, 1
Parente, 1
Grupo Aventura, 1
Fernando, 1
Náutico, 1
PT Inovação, 1
CET-Aveiro, 1
Televisão Interativa, 1
ZX Spectrum, 1
Administrador dos Serviços de Acção Social da UMinho, 1
Direção-Geral do Ensino Superior, 1
Associações de Estudantes, 1
Divisão Nacional, 1
Comités Organizadores, 1
Recreativo, 1
Sais do Desportivo, 1
Seleção das Quinas, 1
Seleção A., 1
Licenciatura em Ciências da Comunicação?, 1
Recomendo, 1
Universidade/, 1
Academia Minho, 1
WUC de Xadrez, 1
BG da UMinho, 1
Viet Vo Dao, 1
