Ana Marques, 156
Nuno Gonçalves, 61
Carlos Silva, 39
Rui Vieira de Castro, 34
António Paisana, 15
Celeste Pereira, 14
Fernando Parente, 13
Michael Ribeiro, 12
José Fernandes, 12
Carlos Videira, 11
António Cunha, 11
Paulo Ferreira, 10
Nuno Reis, 10
Luís Rodrigues, 9
Cristina Sousa, 8
Pedro Dias, 8
Gabriel Oliveira, 7
Carla Martins, 7
Mariano Gago, 7
Lurdes Conceição, 7
Rui Oliveira, 7
Paula Cristina Martins, 7
Frei Bento Domingues, 7
Manuel Mota, 7
Jorge Silvério, 7
Madalena Alves, 7
Alberto Abreu, 6
Hélder Castro, 6
Susana Silva, 6
António M. Cunha, 6
Ana Paula Machado, 6
Fernanda Pereira, 6
Fábio, 6
Álvaro Laborinho Lúcio, 6
Roque Teixeira, 6
Papa, 6
Fernando Ribeiro, 6
Pedro Póvoa, 6
Luciana Silva, 6
Ana Coelho, 5
Aceitei, 5
Isabel Rêgo, 5
Eduardo Rodrigues, 5
Castro, 5
Filipa Oliveira, 5
Miguel Bandeira, 5
Lídia Parente, 5
Hugo Serrão, 5
Nuno Costa, 5
Suponho, 5
Porquê, 5
Rosa Vasconcelos, 5
Cecília Leão, 5
Carlos Santos, 5
Irene Montenegro, 5
vim, 5
José Carlos Bragança, 5
Michel, 4
Rui Gomes, 4
Guimarães Rodrigues, 4
Luís Braga da Cruz, 4
Carla Caçote, 4
José Soares, 4
Felisbela Lopes, 4
Confesso, 4
Rui Reis, 4
Diogo Branquinho, 4
Eduarda Keating, 4
Joana Cunha, 4
Rui Bragança, 4
António Guimarães Rodrigues, 4
Rui Veloso, 4
André Reis, 4
Carlos Azevedo, 4
Helena Sousa, 4
Isabel Baião, 4
JoAna Marques Vidal, 4
Mariana Pinto, 4
Jorge Braz, 4
Ricardo Nora, 4
Margarida Isaías, 4
João Monteiro, 4
António Freitas, 4
Sónia, 4
Helder Dias, 4
Sara Bernardo, 4
Primo Nebiolo, 4
Hanban, 4
José Carvalho, 4
Ana MArques, 4
André Pinheiro, 4
Rita, 3
Digo, 3
Bruno Barracosa, 3
Sócrates, 3
Renato Morgado, 3
João Cerejeira, 3
Miguel, 3
Fernando Duarte, 3
Pedro, 3
Vasco Leão, 3
Pedro Patrício, 3
Pedro Camões, 3
António Vicente, 3
Madalena Lira, 3
Paulo Pereira, 3
Sara Reis da Silva, 3
Hugo Rosário, 3
Nuno Sousa, 3
António Murta, 3
Ana Maria Brandão, 3
Pais, 3
Marco Monteiro, 3
Mariza, 3
Ricardo Rio, 3
Fábio Vidrago, 3
Cristo, 3
Pedro Carvalho, 3
Humberto Gomes, 3
Domingos Bragança, 3
Manuel Heitor, 3
Sérgio Machado dos Santos, 3
Rui Rebelo, 3
Paula Cristina, 3
Graciete Dias, 3
Hugo Carvalho, 3
Reis, 3
Laborinho Lúcio, 3
Célia Pais, 3
Luís Valente de Oliveira, 3
Maurício Queiroz, 3
Jorge Rodrigues, 3
Duarte Lopes, 3
Joaquina Sá, 3
Armando Osório, 3
Alexandra Seixas, 3
Jorge Cristino, 3
Chico, 3
Rui Gonçalves, 3
Ana Rodrigues, 3
Márcia Cortinhas, 3
Eva Sousa, 3
Pedro Gonçalves, 3
Ana Coimbra, 3
Luís Amaral, 3
Ivo Silva, 3
Leandro Almeida, 3
Emanuel Silva, 3
Tiago Monteiro, 3
Nuno, 3
Armando Rocha, 3
Che Guevara, 3
Luís Garcia, 3
Sr. Sá-, 3
António Maria Vieira Paisana, 3
Vasco Teixeira, 3
Joaquim Barbosa, 3
Pedro Ribeiro, 3
Mário Silva, 3
Pedro Gomes, 3
Rita Lírio, 2
Gulbenkian, 2
Jean-Michel Fernandes, 2
Eduardo, 2
José Mourinho, 2
Cristina Flores, 2
Paulo J. Ramísio, 2
Caetano Veloso, 2
Luís Costa, 2
Miguel Mesquita, 2
Elias Bene, 2
Elias, 2
Ana Sá, 2
Miguel Goulão, 2
Thomas Kahl, 2
Pedro Vieira, 2
Adélia Pereira, 2
Conceder, 2
Roberto Benigni, 2
André Moreira, 2
Miguel Torga, 2
Manuel António Pina, 2
Félix, 2
Gabriela Macedo, 2
Autarquias, 2
Sérgio Lopes, 2
Charles Chaplin, 2
José Pedro Ferreira, 2
D. Pedro VI, 2
Foi-me, 2
Nuno Moura, 2
Sandra Marinho, 2
Cláudia Viana, 2
Luís Paulo Reis, 2
Filipe Pinto, 2
Narciso Moreira, 2
Carlos Vieira, 2
Nicole Campos, 2
Hugo Sousa, 2
Filipa Godinho, 2
Filipe Vaz, 2
Carlos Tavares, 2
Gil Sousa, 2
Luís Leitão, 2
Reinaldo Ribeiro, 2
Filomena Costa, 2
Penso, 2
Feyo de Azevedo, 2
Raquel Machado, 2
Palmira Alves, 2
Carla Sá, 2
Carlos Pazos, 2
João Gonçalves, 2
Elisiário Miranda, 2
Sandra Fernandes, 2
Francisco Macedo, 2
Amadeu Portilha, 2
Paulo Flores, 2
Elis Regina, 2
Gueorgui Nikolov, 2
Reitor António Guimarães Rodrigues, 2
José Manuel Fernandes, 2
D. Pedro V, 2
Luís Francisco Valente de Oliveira, 2
Simon Blackburn, 2
Daniel Monteiro, 2
Enabler, 2
Nilson Miguel, 2
Zeca Afonso, 2
Tiago Brandão Rodrigues, 2
Licínio Lima, 2
Moisés Martins, 2
Manuel João Costa, 2
Laurinda Leite, 2
Helena Ferreirinha, 2
Lúcio Craveiro da Silva, 2
Chagas Freitas, 2
António Ferreira, 2
Sofia, 2
Casa do Conhecimento, 2
Mecenas, 2
Covid-19, 2
Ana Jorge, 2
UMinho, 2
1.º de Dezembro, 2
Ana MarquesEm, 2
Pamela Anderson, 2
Anselmo Ralph, 2
Proféticas, 2
Veiga Simão, 2
Eduardo Fernandes, 2
Fátima Gomes, 2
Mestre DeRose, 2
Vamos, 2
Tentámos, 2
Rui Reininho, 2
Carla Machado, 2
Dicas- Pedro Dias, 2
Manuel Janeira, 2
António Carneiro, 2
Ministro Mariano Gago, 2
Nádia Franco, 2
Jéssica Augusto, 2
César Abreu, 2
Júnior, 2
Eloy Rodrigues, 2
Diogo Antunes, 2
Francisco de Holanda, 2
Ruan Diaz, 2
Nuno Pinheiro, 2
Miguel Rodrigues, 2
Mui Nobre, 2
John Araújo, 2
Janine, 2
Carla Coelho, 2
Sónia Duarte, 2
María do Ceo, 2
Étienne, 2
Rui Paulo Teixeira, 2
Ricardo Rodrigues, 2
Jessica Augusto, 2
Carla Lavrador, 2
Ivo da Silva, 2
Beatriz Araújo, 2
Jean Monnet, 2
Joana Morais, 2
Fernandes, 2
Fernando Almada, 2
Sun Lam, 2
Jorge Félix, 2
Mestre Joaquim Peixoto, 2
Miguel Caldas, 2
Filipa Martins, 2
Jorge Martins, 2
Luísa Santos, 2
Jorge Castro, 2
Luís Miguel Rodrigues, 2
Pedro Soares, 2
José Carlos Teixeira, 2
Certo, 2
Andreia Ferreira, 2
José Mendes, 2
Julgo, 2
Maria João Quintas, 2
Ana Paula Magalhães, 2
Thomas Jefferson, 2
Margarida Proença, 2
Carlos Lucas, 2
José António Silva, 2
Rosa Maria Vasconcelos, 2
Miguel Sarmento, 2
Nuno Caetano, 2
António Vaz Carneiro, 1
Maria Manuel Oliveira, 1
pós-Bolonha, 1
Emanuel Gouveia, 1
JOÃO NOGUEIRA DIAS, 1
Aaron Cook, 1
Alberto, 1
Taipe Shu Chun Yang, 1
G. D. Aguiar, 1
Merkel, 1
Sobrinho Simões, 1
Cadima Ribeiro, 1
Carlos Paredes, 1
Orson Welles, 1
Aniki Bóbó, 1
Manuel de Oliveira, 1
Paul Thomas Anderson, 1
Aimee Mann, 1
Bach, 1
Glenn Gould, 1
Siddharta, 1
Hermann Hesse, 1
John Steinbeck, 1
Fareed Zakaria, 1
Antonio Nestor Ribeiro, 1
Antonio Ribeiro, 1
António Nestor Ribeiro, 1
Tim Burton, 1
G. G. Marquez, 1
Manuel Alegre, 1
Amílcar Gomes, 1
Hugo Triunfante, 1
Manuel, 1
Joaquim, 1
Carlos Duarte Oliveira e Silva, 1
Gabriel, 1
Hélder, 1
Guardo, 1
Sr. Administrador, 1
Feliz Natal, 1
Lecionamos, 1
Julia, 1
Carlos Ruiz Zafón, 1
Taberna do Félix, 1
Fernandes Costa, 1
José Carlos Ramalho, 1
Miguel Ferreira, 1
Luís Miguel Ferros, 1
Joana Além, 1
Ana Luísa Gomes, 1
Ana Isabel Marques, 1
José Pedro Gonçalves, 1
Bruno Monteiro, 1
Ana Rita Silva, 1
Filipa Caldas, 1
Sardinha Biba, 1
Fornecer, 1
Rui Ralha, 1
Jorge Vieira, 1
Roland Puystjens, 1
Doutor Rui Ralha, 1
Desgraço-me, 1
Alan Sokal, 1
Jean Bricmont, 1
Jack Welch, 1
Elazer Edelman, 1
D Pedro V, 1
Victoria Hislop, 1
André, 1
Estela Bicho, 1
Adriano Silva, 1
Daniel Pennac, 1
Bono, 1
Mafalda Veiga, 1
Sophia, 1
Agustín Fernandez Paz, 1
Ana Marta, 1
Alice Vieira, 1
Álvaro Magalhães, 1
João Pedro Mésseder, 1
João Paulo Cotrim, 1
André da Loba, 1
Oliver Jeffers, 1
Césario Verde, 1
Sara Balonas, 1
Óscar Gonçalves, 1
Victor Alves, 1
Adriana Sampaio, 1
Doutora Ana Gabriela Macedo, 1
Ana marques, 1
Rosalía de Castro, 1
Francisco Torres, 1
Francisco Pimentel Torres, 1
Vice João Coutinhas, 1
Magda Pinheiro, 1
Vice José Mendes, 1
Carla Freitas, 1
Domingos Silva, 1
Alargou, 1
Joel Baker, 1
Sérgio Monteiro, 1
Luís Gonçalves, 1
Daniel Goleman, 1
Celsius, 1
Miguel Rocha do DI, 1
Isabel Rocha, 1
Entendíamos, 1
Peter Greenaway, 1
George Gershwin, 1
Billy Holiday, 1
Eça de Queirós, 1
Ramalho Ortigão, 1
Júlio Ferreira, 1
Júlio, 1
José Pedro, 1
Jean Michel, 1
Diogo Figueiredo, 1
Luís Santos, 1
Teresa Ruão, 1
Nuno Crato, 1
Helena Rodrigues, 1
Delfina Sá Soares, 1
Ridley Scott, 1
Steven Spielberg, 1
Gavin Degraw, 1
Spinoff, 1
Adolfo Vidal, 1
Auxiliares de Limpeza, 1
Inês Castro, 1
Daniel Pinto, 1
Miguel Costa, 1
Lúcia Pinto, 1
Daniel Oliveira, 1
Marina, 1
Aníbal Guedes, 1
Materiais, 1
Cristiana Alves, 1
James Cameron´s, 1
José Rodrigues dos Santos, 1
Júlio Dinis, 1
Jean-François Steiner, 1
Economato, 1
Lynne Murray, 1
Pedro Rosário, 1
Amy Winehouse, 1
Gabriel García Marquez, 1
Luna Clara, 1
Apolo, 1
Adriana Falcão, 1
Amorim, 1
Pedro Sanches, 1
Augusto Silva, 1
Aníbal Rocha, 1
Álvaro Martins, 1
Carlos Ferreira, 1
Rui Silva, 1
Carlos Carneiro, 1
Tiago Pereira, 1
João Gandalo, 1
Celso Fernandes, 1
motiva-los, 1
Família Numerosa, 1
Isabel Rego, 1
Agradecemos, 1
Celina Machado, 1
Raquel, 1
Agapornis, 1
Leonardo da Vinci, 1
Claparède, 1
S. Gião, 1
Krzysztof Kieslowski, 1
Keith Jarrett, 1
Herman Hesse, 1
Henrique Nunes, 1
José Gomes, 1
André Marcos, 1
Pedro Dono, 1
Ana Cea, 1
Xaquín Núñez, 1
compaginar, 1
Josefa, 1
Francisco Pimentel, 1
João Coutinhas, 1
Jorge Pentes, 1
Jesus, 1
Venâncio, 1
Fénix, 1
Enterro, 1
Ordem, 1
Manuel Moreira, 1
Sentime, 1
Nuno Silva, 1
UMinho Bruno Dias, 1
Bruno Silva, 1
João Santos, 1
Diogo Brazão, 1
Luís Sarmento, 1
Nuno Rebelo, 1
Vasco Areias, 1
Carlos Martins, 1
Vladimiro Pires, 1
João Alonso, 1
QREN, 1
Deus, 1
Maria do Carmo Ribeiro, 1
Pedro Seabra, 1
Fellini, 1
Gonzalo Torrente Ballester, 1
Adele, 1
Fezme, 1
Húngara Edina Kotsis, 1
Jubilado, 1
Marienbad, 1
Alain Resnais, 1
Italo Calvino, 1
Lars von Trier, 1
Mathias Enard, 1
Herberto Hélder, 1
Natália Correia, 1
Al Berto, 1
Nélson Puga, 1
Completei, 1
Barão Pierre de Coubertin, 1
Michael Radford, 1
António Lobo Antunes, 1
Alexandre Herculano, 1
Federico Fellini, 1
Peter Gabriel, 1
Adriano, 1
Marguerite Yourcenar, 1
Manuel Rocha Armada, 1
António Magalhães, 1
Júlio Mendes, 1
Guimarães Mais Verde, 1
Cristina Santos, 1
desenvolvese, 1
Johns Hopkins University, 1
Professor Joaquim Macedo, 1
Vasco Luís Barbosa de Freitas, 1
Alexandre Santos, 1
Maria João Nicolau, 1
José Manuel Cabral, 1
António Luís Duarte Costa, 1
Nuno Cerqueira, 1
devemse, 1
Casa, 1
João Barbosa, 1
Sameiro Araújo, 1
Sorrir, 1
Cristiano Ronaldo, 1
Rita Ferreira, 1
Ana Leal, 1
Filipe Sil-va, 1
João Espregueira Mendes, 1
Sara Cortez, 1
Filipe Silva, 1
Inês Cunha Sousa, 1
Inês Sousa, 1
Nina Simone, 1
J. Coltrane, 1
Nick Cave, 1
Tom Waits, 1
Jobim, 1
Simone de Beauvoir, 1
Oliver Stone, 1
Desporto, 1
Fernando Gomes, 1
Graça Guedes, 1
Jorge Orlando, 1
Calipo da Olá, 1
Passos Coelho, 1
Einstein, 1
Quim Barreiros, 1
Louis Dreyfus, 1
Louis Dreyfus Company, 1
Deolinda, 1
magíster, 1
Sérgio Machados dos Santos, 1
Carlos Oliveira e Silva, 1
Carla Faria, 1
Amélia Costa, 1
Lucia Pinto, 1
Áera, 1
Mauricio, 1
Domingos Vilela, 1
Levo, 1
Júlia Rodrigues Fernandes, 1
José Manual Fernandes?, 1
Presidente-Adjunto da Direção, 1
João Barros, 1
Pedro Martins, 1
Gradiva, 1
João Paulo Rebelo, 1
Aníbal Alves, 1
José Nuno Oliveira, 1
Nilson, 1
Foste, 1
Pedro Cary, 1
encabecei, 1
Rogério Pirraco, 1
Agostinho Carvalho, 1
Pedro V, 1
Asseverando, 1
António Pontes - Coordenador, 1
António Pontes, 1
Bosch-UMinho, 1
Paulo Cruz, 1
António Paisana Administrador, 1
José Mendes Secretário de Estado Adjunto, 1
André Reis Presidente, 1
Jurássica, 1
Serei, 1
Angel Carracedo, 1
Patrícia Jerónimo, 1
José Maia Neves, 1
Rui Oliveita, 1
oxalá, 1
Emanuel Roriz, 1
Sting, 1
Reitor da Universidade, 1
Antecipo, 1
avalie, 1
Manuel Heitor Interlocutor, 1
Mariana Silva, 1
Destacámo-nos, 1
Bossa Nova, 1
Danny DeVito, 1
Ana Marques “Acredito, 1
Aníbal Augusto Alves, 1
Maria José Oliveira, 1
Margarida Madureira, 1
Franz Kafka, 1
Kaouther Ben Hania, 1
Ludovico Einaidi, 1
António de Almeida, 1
Tornou-me, 1
José Viriato Capela, 1
Lúcio, 1
Marta Ferreira, 1
Álvaro Santos, 1
Casa das Artes de Famalicão, 1
Cláudia Leite, 1
Isabel Silva, 1
D. Diogo de Sousa, 1
Luís Fernandes, 1
Nuno Soares, 1
Paulo Vieira de Castro, 1
Rui Ramos, 1
Rui Torrinha, 1
Rui Vítor Costa, 1
Muralha, 1
Teresa Andresen, 1
Pub John Lennon, 1
Discord, 1
Zana Muhsen, 1
Da Vinci, 1
Ana Marques Nuno Gonçalves, 1
Lurdes, 1
Igor Fernandes, 1
Mr. Bungle, 1
Faço-o, 1
Aldous Huxley, 1
Cândido Passos Morgado, 1
Creditada Pedro Dias, 1
Ana MarquesNeste, 1
Licínio Chaínho Pereira, 1
Luís Resende, 1
Rui Leandro, 1
Noto, 1
Ricardo Duarte Lopes, 1
Ricardo Duarte Faria Lopes, 1
Ricardo, 1
Melhor Pandeireta, 1
Sentirão, 1
Nuno Gonçalves Rui Vieira de Castro, 1
Fazemo-lo, 1
acentuo, 1
Gostava, 1
Miguel Sopas de Melo Bandeira, 1
Joana Aguiar e Silva, 1
Unidade Orgânica, 1
Simone de Oliveira, 1
Paula Cristina Leite, 1
Pedem-te, 1
Dignificar, 1
Anne Frank, 1
Amadeus, 1
Prestes, 1
Paisana, 1
Kim Mendes, 1
cristina, 1
António Variações, 1
Associações Académicas, 1
Óbvio, 1
Zés-Pereiras, 1
Nuno Nepomuceno, 1
Indiana Jones, 1
Sustentabilidade, 1
Casa de Acolhimento Especializada para Menores Estrangeiros não, 1
Instagram da JCV_Braga, 1
Criariam, 1
Flavia Fest, 1
Truman Capote, 1
Michael Cimino, 1
Óscar Melo, 1
Pensa, 1
Profetas, 1
Fazia, 1
Rambo, 1
Sylvester Stallone, 1
André Soares, 1
José Albano da Silva Conde, 1
Aprecio, 1
Roberto Carlos, 1
Albano Conde, 1
Professora Catedrática Emérita da Escola de Medicina da Universidade do Minho, 1
Professora Graciete Dias, 1
Licínio Chainho Pereira, 1
Assegurou-se, 1
Pinto Machado, 1
Sá de Miranda, 1
Enterro da Gata, 1
Pablo Neruda, 1
João Cardoso Rosas Responsável, 1
João Cardoso Rosas, 1
Aproveitaria, 1
Ana Marquesreformar, 1
Luis Veloso, 1
Zé Lino, 1
Tony Carreira, 1
Alexandra Seixas Administradora dos Serviços de Ação Social da Universidade do Minho, 1
Beatriz Torres, 1
Daniela Sousa, 1
Francisca Alves, 1
Inês Ferreira, 1
Margarida Pereira, 1
Maurício Vale, 1
Nuno Mendes, 1
Pedro Belo, 1
Ricardo Remelgado, 1
DeRose, 1
yóga, 1
Sámkhya, 1
Ernesto Tages, 1
Achei, 1
Isa de Viana do Castelo, 1
Angelina Akpovo, 1
Ivete Sangalo, 1
A Ivete, 1
Saulo Fernandes, 1
Joel, 1
Mase, 1
Abramovich, 1
Lulla Bye, 1
Morangos, 1
Simão Praça “Plaza, 1
Simão Praça, 1
Ivo Capa, 1
S. Pedro, 1
Bruno Anastassakis, 1
Carlos, 1
Rui Matos, 1
Carlos Magalhães, 1
Peng Bo(Saltos, 1
Anna Bessonova, 1
Filipe Morato Gomes, 1
PÚBlico, 1
relativizo, 1
Adriana Lago de Carvalho, 1
ELITE'LLL, 1
Padrinho, 1
Cardeais Ansiãos, 1
Miguel Sousa Tavares, 1
Maria Pereira, 1
Ricardo Leite, 1
André Mota, 1
André Rodrigues, 1
Artur Nogueira, 1
Bruna Fonseca, 1
Sandra Araújo, 1
Mário Pinto, 1
Ana Antunes, 1
Ana Costa, 1
Gabriel Costa, 1
Ana Silva, 1
Patrícia Neto, 1
Cristina Mota, 1
Engenheiro Jaime Martins, 1
Universidade-numa-Região, 1
Vice-Reitor da Universidade do Minho, 1
Clustes, 1
Jéssica Augusta, 1
SCBraga, 1
Concordamos, 1
Prezo, 1
Sanciona, 1
Pedro Lince, 1
Graça Carvalho, 1
Eloy António dos Santos Cordeiro Rodrigues, 1
junior, 1
Quarto Ijzeren Lindenhof, 1
Márcia, 1
João Paulo Ramos, 1
Ricardo Faria, 1
Santosporque, 1
Diogo, 1
Vitória de Guimarães, 1
Nuno Gonçalves  Fotografia, 1
Miguel Araújo Rodrigues, 1
Miguel Rodigues, 1
José Castro, 1
Tesoureiro, 1
João Silva, 1
Secretária, 1
Marta Silva, 1
Vogal, 1
Hugo Xavier, 1
Sónia Monteiro, 1
Tiago Máximo, 1
João Carriço, 1
Cláudia Castro, 1
Cleber Santos, 1
Adriana Amorim, 1
Tiago Freitas, 1
José Carlos Oliveira, 1
Reza, 1
Trovadora Tuna, 1
Pionéses, 1
Trovadora Afonsina Tuna de Engenharia da Universidade do Minho, 1
Rei de Portugal, 1
D. Afonso Henriques, 1
Pendericalho, 1
Cultiva-te, 1
Humberto, 1
Luís Covas, 1
Aleksander Donner, 1
Engª. Maria Helena Campos, 1
d)assegurar, 1
g)assegurar, 1
Helena, 1
Braga Guimarães, 1
Pedro Nuno Vilaça Carvalho, 1
Daniel Araújo, 1
Diana Pontes, 1
Sara Rocha, 1
João Leite, 1
VicePresidentes, 1
Pedro Bastos, 1
Samuel Estrada, 1
João Costa, 1
Pedro Barros, 1
Vânia Vieira 13 de Janeiro, 1
˜Presença, 1
Residência S.Tecla, 1
Kika Freyre, 1
Susana Vicente Carla Monteiro, 1
Drs, 1
José Cruz, 1
Rui Gomes-, 1
Pedro Morgado, 1
Colecciona, 1
Ana Bettencourt, 1
João Brito, 1
Dermot Bolger, 1
Artur Cleary, 1
Intercalamos, 1
FASTENERS, 1
Jorge Oliveira, 1
Vim, 1
Rodrigo Silva, 1
Dr. Manuel de Arriga Açores, 1
família RoboParty, 1
Sofia Costa, 1
Ivan Ribeiro, 1
Tânia Esteves, 1
Fernando Machado, 1
Vânia Monteiro, 1
Carlos Miranda, 1
Sónia Silva, 1
Ricardo Vilela, 1
José Alberto Boído, 1
João Duarte, 1
Rui Cruz, 1
Pessoa Colectiva de Utilidade Pública, 1
Ana Maria Liberal, 1
Francisco Fiúza, 1
Ana Paula Leite, 1
Vivaldi, 1
Haendel, 1
Haydn, 1
Buxtehude, 1
Lauda Sion, 1
Mendelssohn, 1
Elgar, 1
Imperador da Assíria, 1
Arrabal, 1
Paul Claudel, 1
António Durães, 1
Alexandre O'Neill, 1
E. Mello e, 1
Herberto Helder, 1
Afirmada, 1
Menino, 1
Magna Ferreira, 1
Reitor Honorário da Universidade do Minho, 1
Machado dos Santos, 1
José Luís Peixoto, 1
Teresa Tavares, 1
Carlos Bernardo, 1
Isabel Neves, 1
José Parente, 1
Residência Lloyd de Braga, 1
Mies Van Der Rohe, 1
Pedro Pacheco, 1
Carlos Daniel Rego, 1
Alexandre Carvalho, 1
Junior, 1
Luís Lobo-Fernandes, 1
Leandro Carvalho, 1
Rita Moreira, 1
Rita Melo, 1
Anabela Rodrigues, 1
João Loureiro, 1
Bruno Gonçalves, 1
Referiram, 1
Mostra-te, 1
Prometeu, 1
Bruno Almeida, 1
Carla Guimarães, 1
Mercè Masnou, 1
Carme Garcia, 1
Agustí Serra, 1
Serrão, 1
r eg i s ta r, 1
Fraco, 1
Manuela Neves, 1
Filipe Oliveira, 1
Abílio Dias, 1
Ângela Guedes, 1
Nuno Pinto Bastos, 1
Carlos Bergueira, 1
Helder Costa, 1
Teresa Casanova, 1
Cláudia Gomes, 1
Filipe, 1
Ademar Ferreira da Silva, 1
Lopes de Almeida, 1
Vasco Pinto Magalhaes, 1
Leite Pinto, 1
General Soares Vieria Rebelo, 1
Sá Lima, 1
Juan António Samaranch, 1
João Havelange, 1
António Salazar, 1
Eusébio, 1
Havelange, 1
Comentei, 1
Reconheço, 1
João Infante, 1
Deu-me, 1
Acílio Rocha, 1
Doutora Sun Lam, 1
Tomás Pereira, 1
Imperador Kangxi, 1
u ma menta l idade, 1
Ministro da Ciência, 1
José Mariano Gago, 1
DeGóis, 1
José Pedro Gomes Lira, 1
Treinador Hugo Serrão, 1
Mestre Hugo Serrão, 1
José Peseiro, 1
José Couceiro, 1
Carlos Car valhal, 1
Carlos Brito, 1
Domingos, 1
Vítor Pontes, 1
Luís Castro, 1
Ana Rita Ribeiro, 1
Braga do Depar, 1
Liliana Correia, 1
Carlos Silva Prestes, 1
Sr. António, 1
u ma empr, 1
Maria Fátima Pinheiro Cerqueira, 1
Maria Dores Cerqueira Pereira, 1
Maria Fátima Martins de Carvalho, 1
Sr. Américo Jorge Costa, 1
Francisca Fidalgo, 1
Luísa Machado dos Santos, 1
Tiago Correia, 1
Nelson, 1
Cidália, 1
Henrique, 1
Manuel Josias, 1
ac ompanhaste, 1
Alimentar, 1
João Dias, 1
Nuno Pinto, 1
Freud, 1
José “Sandes, 1
Rui “Cagança, 1
Ana Rita “Flopes, 1
João “Ratão, 1
Zizina Soares, 1
encaminho, 1
Cátia Sousa, 1
Maria João Lourenço, 1
Marcelo Costa, 1
Cláudia Tavares, 1
Nádia Fernades, 1
Natacha Ribeiro, 1
Patrícia Alves, 1
Pinto da Costa, 1
Elsiana, 1
Ana Paula Berenguer, 1
Dr. Heinrich Ewald Horster, 1
Ricardo Jorge Fernandes, 1
Joel Monteiro, 1
Sr. Jorge Rodrigues, 1
Ana Gabriela Osório, 1
José F. Mendes, 1
dei xa, 1
Victor Peixoto, 1
u ma efec ti v, 1
Augusta Duarte, 1
Dora Sousa, 1
Dulce Rodrigues, 1
Inês Moura, 1
Sandra Martins, 1
Susana Miranda, 1
Susana Teixeira, 1
Teresa Rios, 1
Estelita Rodrigues Vaz, 1
João Sineiro, 1
A. Pública, 1
Eduardo Couturela Pereira, 1
Destaco, 1
Pedro Miguel Dias, 1
* Supervisionar, 1
Campi, 1
Maria Isabel Gomes de Sousa Lage, 1
Isabel Lage, 1
João Nogueira Dias, 1
Ana Gabriela Macedo, 1
Sílvia Neto, 1
Laura Camacho, 1
Joaquim Peixoto, 1
Pedro Campaniço, 1
Devo-o, 1
James, 1
Gabriel o Pensador, 1
Orishas, 1
Daniela Mercury, 1
Emir Kusturika, 1
Joaquim Pinto Machado, 1
Medicina Regenerativa, 1
Claudia Fernandes, 1
Consigo, 1
ma ior es, 1
José António Oliveira Rocha, 1
descentralize, 1
Ciência Política, 1
Filipa Inês, 1
Ocupo-me, 1
Mariana Falcão, 1
í cios de pla, 1
Paulo Ramísio, 1
Aquiles, 1
Adelino Silva, 1
Teresa Soares, 1
Iolanda Lima, 1
Mika Ribeiro, 1
Paula Alves, 1
Aniversário ESE-UM, 1
Maria Vaz Saleiro Lima, 1
Maria Aurora Costa, 1
Ângela Coelho, 1
Aurora Costa, 1
reali zar, 1
Lurdes Rodrigues, 1
reser vas, 1
Manuel Sá, 1
pr ojecto s de i nve s tigaç, 1
Fernando Silva, 1
Manuel Cerqueira, 1
Zeferino Magalhães, 1
colocaa, 1
Amélia Sofia Costa, 1
Administrativo, 1
Manuel Sampaio Oliveira, 1
Grill de Azurém, 1
José Amorim, 1
Jaime Ferreira da Silva, 1
Sergio Leone, 1
Bertina Leite, 1
Rui M. Lima, 1
Rui Lima, 1
Bob Dylan, 1
Ney Mato Grosso, 1
Mário, 1
José Garcia, 1
Sella, 1
Malcolm Gladwell, 1
abdicarão, 1
alteraem, 1
Quentin Tarantino, 1
David Lodge, 1
João, 1
Orgulho-me, 1
Perdi, 1
Parente, 1
irmãoes Cohen, 1
Ondine, 1
Bill Bryson, 1
