ter, 5516
fazer, 2579
poder, 1985
haver, 1484
estar, 943
ser, 902
dar, 846
trabalhar, 811
querer, 760
dizer, 733
dever, 675
vir, 649
conseguir, 627
saber, 602
passar, 601
desenvolver, 584
continuar, 574
criar, 540
ver, 531
existir, 515
pensar, 475
permitir, 471
realizar, 455
deixar, 420
procurar, 400
conhecer, 398
encontrar, 386
gostar, 385
ir, 380
levar, 358
ficar, 358
esperar, 350
ajudar, 347
contribuir, 306
tentar, 304
promover, 303
chegar, 293
manter, 283
organizar, 279
pretender, 279
falar, 276
considerar, 274
começar, 271
melhorar, 268
acabar, 265
viver, 263
surgir, 263
garantir, 262
acontecer, 261
constituir, 254
achar, 253
participar, 253
reconhecer, 252
assumir, 250
representar, 233
envolver, 231
apoiar, 230
entrar, 229
receber, 222
integrar, 218
contar, 218
caracterizar, 214
aumentar, 212
referir, 211
sentir, 210
apresentar, 210
definir, 208
prestar, 206
acreditar, 204
tornar, 204
crescer, 199
cumprir, 199
colocar, 199
decorrer, 194
tomar, 191
significar, 184
iniciar, 184
estudar, 182
elevar, 177
atingir, 177
oferecer, 174
proporcionar, 174
servir, 174
responder, 173
marcar, 170
abrir, 164
assegurar, 163
aprender, 163
preparar, 155
resolver, 153
exigir, 152
implementar, 150
perceber, 150
acompanhar, 149
trazer, 149
destacar, 149
motivar, 148
gerir, 146
associar, 144
funcionar, 142
seguir, 139
alcançar, 138
mudar, 135
ganhar, 134
concretizar, 134
incluir, 131
relacionar, 130
conciliar, 129
treinar, 125
voltar, 123
terminar, 122
ultrapassar, 121
precisar, 120
escolher, 120
resultar, 119
entender, 115
coordenar, 114
desempenhar, 113
praticar, 112
afirmar, 112
olhar, 110
reforçar, 109
aceitar, 109
decidir, 109
construir, 108
obter, 108
obrigar, 107
depender, 107
correr, 107
parecer, 106
prever, 105
determinar, 105
disponibilizar, 105
partir, 104
visar, 104
perder, 104
dirigir, 103
avaliar, 101
demonstrar, 99
utilizar, 98
lançar, 98
ligar, 96
respeitar, 95
consolidar, 94
sair, 94
mostrar, 94
aprovar, 91
facilitar, 91
estabelecer, 91
avançar, 90
nascer, 90
aproveitar, 89
liderar, 89
verificar, 89
partilhar, 88
lidar, 88
apostar, 88
tocar, 87
faltar, 86
compor, 86
ouvir, 86
ocupar, 85
tratar, 85
alargar, 83
analisar, 83
formar, 83
aplicar, 83
adquirir, 83
usar, 82
convidar, 80
jogar, 80
concluir, 80
atribuir, 80
reduzir, 79
conquistar, 79
alterar, 79
produzir, 78
implicar, 78
propor, 77
dedicar, 77
corresponder, 76
pertencer, 75
gerar, 75
concorrer, 75
divulgar, 75
necessitar, 74
diferenciar, 74
revelar, 73
valorizar, 73
exercer, 71
investir, 71
potenciar, 70
juntar, 70
enfrentar, 69
chamar, 69
evoluir, 68
lir, 67
Existir, 66
financiar, 66
efetuar, 66
acolher, 66
sofrer, 65
aparecer, 64
competir, 64
reunir, 63
afetar, 62
frequentar, 61
orientar, 61
transmitir, 61
consistir, 60
esquecer, 59
tirar, 59
defender, 59
efectuar, 59
identificar, 58
possuir, 58
julgar, 58
adaptar, 57
atuar, 56
qualificar, 56
elaborar, 56
traduzir, 56
valer, 56
apontar, 56
conseguesr, 55
pagar, 55
ingressar, 55
limitar, 54
encarar, 54
federar, 53
suportar, 52
desenvolvir, 52
andar, 52
acrescer, 51
condicionar, 51
publicar, 51
merecer, 50
interessar, 50
inserir, 49
experimentar, 49
classificar, 49
introduzir, 48
acrescentar, 48
optar, 48
colaborar, 48
controlar, 48
compreender, 47
atravessar, 47
beneficiar, 47
planear, 47
desejar, 47
vencer, 46
diversificar, 45
dispor, 45
prosseguir, 45
caber, 44
atrair, 44
pedir, 44
confrontar, 44
instalar, 44
registar, 44
alimentar, 44
privilegiar, 44
aliar, 43
traçar, 43
abraçar, 43
ensinar, 43
dir, 43
anunciar, 42
especializar, 42
superar, 42
ocorrer, 42
empenhar, 41
deslocar, 41
explorar, 41
fundar, 41
importar, 40
assinar, 40
enquadrar, 40
fornecer, 40
solicitar, 40
basear, 40
adotar, 40
adequar, 39
evitar, 39
fomentar, 39
comparar, 39
lutar, 39
incentivar, 39
percorrer, 39
sustentar, 39
eleger, 39
reclamar, 39
costumar, 38
assistir, 38
recordar, 38
discutir, 37
comandar, 37
crer, 37
impor, 37
refletir, 37
aprofundar, 36
pensasr, 36
presidir, 36
diminuir, 36
pôr, 36
aceder, 36
ler, 36
recomendar, 35
articular, 35
subir, 34
atender, 34
conduzir, 34
destinar, 34
salientar, 34
satisfazer, 34
moldar, 33
retirar, 33
renovar, 33
preocupar, 33
visitar, 32
viajar, 32
notar, 32
comprometer, 32
confirmar, 32
interagir, 32
equilibrar, 31
deparar, 31
celebrar, 31
doutorar, 31
designar, 31
indicar, 31
recorrer, 31
fechar, 31
inovar, 31
completar, 31
aproximar, 31
focar, 30
possibilitar, 30
transformar, 30
enviar, 30
mobilizar, 30
explicar, 30
requerer, 30
dinamizar, 30
proceder, 30
emitir, 30
informar, 29
preferer, 29
concernir, 29
fixar, 29
projetar, 29
carenciar, 29
contactar, 29
projectar, 29
parar, 29
licenciar, 28
dotar, 28
variar, 28
contratar, 28
escrever, 28
conferir, 28
cantar, 28
imaginar, 28
estimular, 28
desistir, 27
executar, 27
influenciar, 27
rondar, 27
descobrir, 27
afectar, 27
abranger, 26
actuar, 26
prejudicar, 26
adorar, 26
estruturar, 25
ajustar, 25
entregar, 25
quer, 25
regressar, 25
provocar, 25
evidenciar, 25
distinguir, 25
bastar, 24
lembrar, 24
realçar, 24
cortar, 24
colmatar, 24
arranjar, 24
operar, 24
auxiliar, 24
Promover, 24
preencher, 24
programar, 24
usufruir, 24
conversar, 24
combater, 23
acumular, 23
puder, 23
abordar, 23
nomear, 23
transferir, 23
arriscar, 23
englobar, 23
vejor, 23
preservar, 23
repetir, 22
atualizar, 22
assentar, 22
cativar, 22
comunicar, 22
finalizar, 22
vier, 22
alinhar, 22
agradecer, 22
estender, 22
situar, 22
misturar, 22
aderir, 22
cobrir, 22
assinalar, 21
demorar, 21
abandonar, 21
direcionar, 21
incutir, 21
incrementar, 21
sintar, 21
reagir, 21
adoptar, 21
centrar, 21
desenhar, 21
residir, 21
antecipar, 20
graduar, 20
certificar, 20
comer, 20
complicar, 20
recolher, 20
candidatar, 20
promovir, 20
repensar, 20
alojar, 20
conviver, 20
disputar, 20
caminhar, 20
unir, 20
comemorar, 20
manifestar, 19
agradar, 19
lecionar, 19
premiar, 19
cultivar, 19
reflectir, 19
impedir, 19
estabelecir, 19
esclarecer, 19
requisitar, 19
descrever, 19
acordar, 18
orgulhar, 18
sonhar, 18
concentrar, 18
perspetivar, 18
adiantar, 18
reconhecir, 18
sentar, 18
minimizar, 18
rever, 18
constatar, 18
delinear, 18
houver, 18
despertar, 18
causar, 18
submetir, 18
distribuir, 17
favorecer, 17
aguardar, 17
recuperar, 17
ambicionar, 17
abdicar, 17
tiver, 17
ponderar, 17
justificar, 17
sinalizar, 17
culminar, 17
constituír, 17
veer, 17
constar, 17
gastar, 17
pesar, 17
agir, 17
provar, 17
submeter, 17
virar, 17
admitir, 17
gravar, 17
internacionalizar, 17
intervir, 17
depositar, 17
sublinhar, 17
trouxer, 17
tender, 16
cair, 16
dificultar, 16
agregar, 16
dividir, 16
fortalecer, 16
debater, 16
zelar, 16
contemplar, 16
confiar, 16
guardar, 16
retomar, 16
enriquecer, 16
captar, 16
penalizar, 16
perguntar, 16
concordar, 16
durar, 15
errar, 15
expressar, 15
mexer, 15
consigir, 15
compensar, 15
impulsionar, 15
observar, 15
cruzar, 15
prometer, 15
cometer, 15
apreciar, 15
concluír, 15
arrancar, 15
descurar, 15
ministrar, 15
investigar, 15
encaminhar, 15
Fazer, 15
combinar, 14
editar, 14
transportar, 14
consumir, 14
desafiar, 14
Ter, 14
difundir, 14
duplicar, 14
afastar, 14
pautar, 14
solucionar, 14
inaugurar, 14
adiar, 14
montar, 14
requerr, 14
interpretar, 14
substituir, 14
der, 13
sujeitar, 13
restar, 13
monitorizar, 13
regulamentar, 13
corrigir, 13
Dar, 13
imobilizar, 13
fundamentar, 13
reportar, 13
providenciar, 13
ensaiar, 13
denominar, 13
incorporar, 13
cuidar, 13
facultar, 13
expandir, 13
mencionar, 13
supor, 13
reinventar, 13
inscrever, 12
baixar, 12
materializar, 12
aferir, 12
comprometir, 12
espalhar, 12
conjugar, 12
vender, 12
comprar, 12
validar, 12
resumir, 12
personalizar, 12
compatibilizar, 12
escolhar, 12
inverter, 12
preferir, 12
suscitar, 12
seleccionar, 12
relembrar, 12
agravar, 12
comprovar, 12
devir, 12
posicionar, 12
convocar, 12
permanecer, 12
questionar, 12
protagonizar, 12
bater, 11
formular, 11
complementar, 11
iniciastar, 11
desfrutar, 11
estabilizar, 11
equacionar, 11
antever, 11
apaixonar, 11
custar, 11
primar, 11
acarretar, 11
consultar, 11
Garantir, 11
estipular, 11
rentabilizar, 11
apanhar, 11
Continuar, 11
ouver, 11
prender, 11
recrutar, 11
citar, 11
buscar, 11
desencadear, 11
actualizar, 11
continuarer, 11
expor, 11
perpetuar, 11
encerrar, 11
libertar, 10
inspirar, 10
conseguistir, 10
emigrar, 10
isolar, 10
assentir, 10
guiar, 10
perdurar, 10
reservar, 10
excluir, 10
mantiver, 10
arrecadar, 10
acomodar, 10
incluír, 10
agilizar, 10
reivindicar, 10
alertar, 10
contabilizar, 10
originar, 10
aperceber, 10
proteger, 10
dançar, 10
capacitar, 10
sobrar, 10
advémr, 10
jantar, 10
rodear, 10
avizinhar, 10
adquir, 10
coincidir, 10
almoçar, 10
estreitar, 10
relevar, 10
simbolizar, 10
conseguirr, 10
suceder, 10
descrevir, 10
encarregar, 10
direccionar, 10
selecionar, 9
taekwor, 9
deixor, 9
reeleger, 9
divertir, 9
recusar, 9
localizar, 9
poupar, 9
oferecir, 9
habilitar, 9
referenciar, 9
generalizar, 9
cansar, 9
detetar, 9
alocar, 9
acelerar, 9
encomendar, 9
progredir, 9
sensibilizar, 9
otimizar, 9
responsabilizar, 9
comparticipar, 9
dormir, 9
envolvar, 9
exprimir, 9
vestir, 9
prolongar, 9
enveredar, 9
procedir, 9
enquadr, 9
processar, 9
resolvir, 9
saltar, 9
fizer, 9
rodeiar, 9
enunciar, 9
renascer, 9
perseguir, 9
acarinhar, 9
senter, 9
reafirmar, 9
impressionar, 9
clarificar, 8
envolvir, 8
racionalizar, 8
quebrar, 8
arrastar, 8
absorver, 8
centralizar, 8
conceber, 8
restringir, 8
vocacionar, 8
sagrar, 8
alavancar, 8
requalificar, 8
reparar, 8
contribuír, 8
apertar, 8
Realizar, 8
levantar, 8
interligar, 8
intensificar, 8
firmar, 8
optimizar, 8
simplificar, 8
Elaborar, 8
aconselhar, 8
modificar, 8
propiciar, 8
distribuír, 8
salvaguardar, 8
empossar, 8
batir, 8
contrariar, 8
sobreviver, 8
atribuír, 8
instituir, 8
incidir, 8
prevenir, 8
interager, 8
endereçar, 8
resistir, 8
perspectivar, 8
autorizar, 8
far, 8
percorrir, 8
leccionar, 8
fascinar, 8
correspondir, 8
mover, 8
ousar, 8
remunerar, 8
colher, 8
surpreender, 8
conceder, 8
operacionalizar, 8
requerir, 8
convencer, 8
apurar, 8
devolver, 8
abarcar, 8
apelidar, 8
negar, 8
testemunhar, 8
ceder, 8
imprimir, 8
podesr, 8
entusiasmar, 8
habituar, 8
ampliar, 8
viabilizar, 8
arrepender, 7
enumerar, 7
consider, 7
acertar, 7
desconhecer, 7
agarrar, 7
hesitar, 7
reabilitar, 7
adicionar, 7
rejeitar, 7
matricular, 7
figurar, 7
tencionar, 7
presenciar, 7
Poder, 7
criticar, 7
conter, 7
falhar, 7
caraterizar, 7
derivar, 7
contornar, 7
consigar, 7
confessar, 7
aperfeiçoar, 7
gozar, 7
aliviar, 7
edificar, 7
honrar, 7
replicar, 7
transitar, 7
reavivar, 7
percecionar, 7
duvidar, 7
esconder, 7
carecer, 7
calhar, 7
emergir, 7
somar, 7
esqueçar, 7
construír, 7
apropriar, 7
negociar, 7
mandar, 7
sugerir, 7
acentuar, 7
comportar, 7
sediar, 6
diferir, 6
Posser, 6
reestruturar, 6
puxar, 6
poderíar, 6
dominar, 6
concorrir, 6
disciplinar, 6
privar, 6
efetivar, 6
anteceder, 6
meter, 6
abusar, 6
esgotar, 6
satisfazr, 6
anular, 6
Gerir, 6
persistir, 6
defendir, 6
subsidiar, 6
modernizar, 6
procurarer, 6
assimilar, 6
apelar, 6
apetecer, 6
consubstanciar, 6
encher, 6
balancear, 6
enraizar, 6
revisitar, 6
deitar, 6
vincar, 6
Estar, 6
reger, 6
Criar, 6
enfatizar, 6
competer, 6
detalhar, 6
encorajar, 6
corrir, 6
concedir, 6
eliminar, 6
deter, 6
intitular, 6
matar, 6
carregar, 6
atestar, 6
evoluír, 6
formalizar, 6
vinr, 6
vibrar, 6
alicerçar, 6
louvar, 6
tutelar, 6
constróir, 6
aprendar, 6
exerçor, 6
subordinar, 6
propuser, 6
poderer, 6
agendar, 6
desligar, 6
creditar, 6
obedecer, 6
prezar, 6
contaminar, 6
acedir, 6
adivinhar, 5
publicitar, 5
inventar, 5
separar, 5
solidificar, 5
encar, 5
fugir, 5
reviver, 5
morrer, 5
esquecir, 5
preconizar, 5
regular, 5
cimentar, 5
percar, 5
idealizar, 5
proibir, 5
admirar, 5
comeceir, 5
subcontratar, 5
degradar, 5
activar, 5
testar, 5
Verificar, 5
Apoiar, 5
vincular, 5
supervisionar, 5
Organizar, 5
concertar, 5
ultimar, 5
galardoar, 5
albergar, 5
equipar, 5
baseiar, 5
patrocinar, 5
vingar, 5
comercializar, 5
despir, 5
reencaminhar, 5
reverter, 5
maximizar, 5
estagnar, 5
canalizar, 5
trilhar, 5
ressalvar, 5
falor, 5
vivenciar, 5
queixar, 5
cedir, 5
pretendar, 5
impactar, 5
sintir, 5
espelhar, 5
vivir, 5
administrar, 5
inquietar, 5
encetar, 5
regularizar, 5
recebir, 5
recompensar, 5
aspirar, 5
trocar, 5
governar, 5
estimar, 5
atrasar, 5
respirar, 5
veicular, 5
cozinhar, 5
beber, 5
ressaltar, 5
adquirer, 5
urger, 5
patentear, 5
disponhar, 5
cancelar, 5
esforçar, 5
atendir, 5
condenar, 5
despender, 5
ignorar, 5
estagiar, 5
Saber, 5
lavar, 5
trar, 5
preceder, 4
Potenciar, 4
consumar, 4
explicitar, 4
Conhecer, 4
denotar, 4
cometir, 4
esbater, 4
conectar, 4
redefinir, 4
morar, 4
armar, 4
respondir, 4
voar, 4
segmentar, 4
averiguar, 4
deixarr, 4
brincar, 4
pratiquar, 4
Proceder, 4
cooptar, 4
pronunciar, 4
descentralizar, 4
server, 4
avultar, 4
delegar, 4
Permitir, 4
debatir, 4
repousar, 4
encabeçar, 4
sacrificar, 4
for, 4
auscultar, 4
prevejor, 4
acautelar, 4
coadunar, 4
quantificar, 4
sucedir, 4
ocorrir, 4
sistematizar, 4
suspender, 4
calcular, 4
paguar, 4
acolhir, 4
pressionar, 4
coadjuvar, 4
congregar, 4
consagrar, 4
interiorizar, 4
agradeçar, 4
notor, 4
educar, 4
afixar, 4
sorrir, 4
descontrair, 4
exercitar, 4
descansar, 4
festejar, 4
lamentar, 4
coloquar, 4
souber, 4
trajar, 4
contratualizar, 4
convergir, 4
produzer, 4
balizar, 4
•Elaborar, 4
familiarizar, 4
converter, 4
votar, 4
Passar, 4
redobrar, 4
imperar, 4
entendir, 4
derrotar, 4
retribuir, 4
cooperar, 4
elegeur, 4
emprestar, 4
atenuar, 4
confinar, 4
direr, 4
reformular, 4
compreer, 4
contextualizar, 4
qoiser, 4
pesquisar, 4
condecorar, 4
continuer, 4
diplomar, 4
advir, 4
repor, 4
consciencializar, 4
empreender, 4
minorar, 4
salvar, 4
encantar, 4
aplaudir, 4
jubilar, 4
hostilizar, 4
exteriorizar, 4
temer, 4
mentir, 4
homenagear, 4
detectar, 4
circundar, 4
sobrecarregar, 3
empurrar, 3
induzir, 3
exiger, 3
reiterar, 3
pegar, 3
namorar, 3
interromper, 3
angariar, 3
decider, 3
tardar, 3
impostar, 3
descer, 3
aportar, 3
possuar, 3
instituír, 3
redescobrir, 3
dispõer, 3
percebar, 3
dispensar, 3
Têr, 3
disfrutar, 3
conferer, 3
mandatar, 3
rececionar, 3
pretendemosr, 3
traduzer, 3
relativizar, 3
menorizar, 3
desvendar, 3
noticiar, 3
Haver, 3
comparecer, 3
Fornecer, 3
encarer, 3
Esperar, 3
experienciar, 3
começarer, 3
aderer, 3
trazir, 3
deteriorar, 3
imprimer, 3
reformar, 3
usufruír, 3
meder, 3
constituar, 3
pronto-a-vestir, 3
congelar, 3
Tentar, 3
ajuda-nor, 3
fabricar, 3
relaxar, 3
impossibilitar, 3
relatar, 3
desperdiçar, 3
configurar, 3
configur, 3
assumor, 3
ilustrar, 3
excetuar, 3
aprimorar, 3
campus de Gualtar, 3
abrandar, 3
intervencionar, 3
aventurar, 3
encaixar, 3
atempar, 3
esclarecir, 3
revitalizar, 3
deverer, 3
sinter, 3
estiver, 3
reativar, 3
recomeçar, 3
afirmor, 3
cientificar, 3
medir, 3
digir, 3
empregar, 3
chover, 3
nortear, 3
ameaçar, 3
amadurecer, 3
mitigar, 3
desaparecer, 3
fluir, 3
deturpar, 3
cumprer, 3
defraudar, 3
corporizar, 3
sobrepor, 3
despedir, 3
elencar, 3
•Dar, 3
prescindir, 3
globalizar, 3
ostentar, 3
inibir, 3
vislumbrar, 3
escapar, 3
romper, 3
digaer, 3
deveser, 3
diminuír, 3
especificar, 3
implantar, 3
deliciar, 3
legitimar, 3
concebir, 3
recolhir, 3
abater, 3
declamar, 3
escalar, 3
isr, 3
ponhar, 3
desister, 3
movimentar, 3
incumber, 3
subsistir, 3
identifiquar, 3
Voltar, 3
apadrinhar, 3
desajustar, 3
afinar, 3
ar, 3
redigir, 3
alugar, 3
procurer, 3
quiser, 3
consolidir, 3
queríar, 3
mantir, 3
desfavorecir, 3
Cumprir, 3
limar, 3
insistir, 3
Encontrar, 3
alhear, 3
constrangir, 3
filiar, 3
totalizar, 3
usufruar, 3
compar, 3
fiquar, 3
reorganizar, 3
esperer, 3
lograr, 3
tragir, 3
preenchir, 3
mediar, 3
moderar, 3
alegrar, 3
Passear, 3
aposentar, 3
reconduzir, 3
frustrar, 3
prevalecer, 3
rir, 3
passear, 3
incomodar, 3
comecer, 3
remetir, 3
reinar, 3
chorar, 3
gostaríar, 3
dimensionar, 3
apagar, 3
conceituar, 3
desprezar, 3
sancionar, 3
entror, 3
suprir, 3
ditar, 3
interrogar, 3
travar, 3
Licenciar, 3
regir, 3
Divulgar, 3
rumar, 3
têr, 3
prestigiar, 3
desviar, 3
opor, 3
tudar, 3
despor, 3
casar, 3
extinguir, 3
desmistificar, 3
confeccionar, 3
aferer, 3
resistirer, 2
navegar, 2
desmaterializar, 2
seguer, 2
oficializar, 2
estrear, 2
Escolher, 2
seduzer, 2
ambicionor, 2
assumistir, 2
conheçir, 2
dignificar, 2
dedicer, 2
fragilizar, 2
ger, 2
rápir, 2
vejar, 2
elegir, 2
espartilhar, 2
canalisar, 2
confecionar, 2
universalizar, 2
desdobrar, 2
anseiar, 2
transpor, 2
alarguir, 2
Manter, 2
dependir, 2
estrar, 2
redirecionar, 2
preveer, 2
indeferir, 2
refletirr, 2
decrescer, 2
Acompanhar, 2
Preparar, 2
Participar, 2
Controlar, 2
demostrar, 2
reputar, 2
calendarizar, 2
cristalizar, 2
esticar, 2
precipitar, 2
Liderar, 2
divider, 2
democratizar, 2
organizarer, 2
medeiar, 2
custear, 2
leior, 2
abracar, 2
revogar, 2
distorcer, 2
menosprezar, 2
exportar, 2
contávar, 2
Zelar, 2
Significar, 2
tatuar, 2
estranhar, 2
tipificar, 2
Efetuar, 2
premeiar, 2
lecioneer, 2
compilar, 2
sobrevalorizar, 2
inviabilizar, 2
herdar, 2
assister, 2
pugnar, 2
acamar, 2
capitalizar, 2
Aproveitar, 2
vindar, 2
Atribuir, 2
Conceder, 2
excluír, 2
debilitar, 2
isentar, 2
Arrecadar, 2
escriturar, 2
Planear, 2
dialogar, 2
assar, 2
conquistár, 2
aguentar, 2
super, 2
perpassar, 2
erguer, 2
tripular, 2
refinar, 2
aliciar, 2
esperávar, 2
refazer, 2
pecar, 2
caiar, 2
discorrer, 2
encolher, 2
socializar, 2
pedalar, 2
larguar, 2
descontextualizar, 2
invocar, 2
rechear, 2
estragar, 2
credenciar, 2
Coadjuvar, 2
adjudicar, 2
absorvir, 2
conceptualizar, 2
Aumentar, 2
Estudar, 2
reuner, 2
suprimir, 2
repitir, 2
predefinir, 2
elogiar, 2
reposicionar, 2
contender, 2
costumer, 2
querar, 2
desagregar, 2
transcender, 2
atentar, 2
promor, 2
interconectar, 2
devolvir, 2
uner, 2
diluir, 2
equiparar, 2
planificar, 2
reconstruir, 2
encarnar, 2
aquecer, 2
tentár, 2
revalidar, 2
vivar, 2
roubar, 2
sufragar, 2
Abraçar, 2
cobrer, 2
fotografar, 2
prometir, 2
conduzer, 2
prédefiner, 2
simular, 2
despontar, 2
granjear, 2
desistar, 2
conturbar, 2
disser, 2
predominar, 2
homologar, 2
consagr, 2
extrapolar, 2
excedir, 2
sintonizar, 2
detestar, 2
Montar, 2
cogitar, 2
creiar, 2
Pertencer, 2
Considerar, 2
acoplar, 2
bemestar, 2
germinar, 2
saturar, 2
foquar, 2
intercursar, 2
por, 2
habitar, 2
Bater, 2
admitar, 2
previr, 2
brilhar, 2
realizár, 2
desenvolvíar, 2
dediqueer, 2
cessar, 2
documentar, 2
argumentar, 2
er, 2
apreender, 2
reser, 2
joguar, 2
adorer, 2
desfavorecer, 2
habituour, 2
cotar, 2
Dever, 2
obstaculizar, 2
aforrar, 2
Mostrar, 2
contestar, 2
envelhecer, 2
revertir, 2
enterrar, 2
desenrolar, 2
priorizar, 2
Afirmar, 2
tapar, 2
recriar, 2
asseverar, 2
Apostar, 2
refleter, 2
descuidar, 2
subscrever, 2
convir, 2
Tornar, 2
possuír, 2
declarar, 2
incumbir, 2
Iniciar, 2
terceirizar, 2
datar, 2
desejaríar, 2
trager, 2
regozijour, 2
esboçar, 2
lucrar, 2
estrangular, 2
obtiver, 2
requer, 2
doar, 2
desmontar, 2
paralisar, 2
substituír, 2
desburocratizar, 2
tremer, 2
Reforçar, 2
difunder, 2
resgatar, 2
tentarar, 2
Assumir, 2
enaltecer, 2
embelezar, 2
conotar, 2
reter, 2
afigurar, 2
reprovar, 2
pressupor, 2
oscilar, 2
Ir, 2
evocar, 2
liberar, 2
refirar, 2
deferir, 2
cobrar, 2
reequacionar, 2
desacelerar, 2
Surgeer, 2
contagiar, 2
acusar, 2
interrompir, 2
pisar, 2
entrelaçar, 2
prantear, 2
vigiar, 2
brindar, 2
banhar, 2
acariciar, 2
pilotar, 2
tecer, 2
prescir, 2
prover, 2
esperançar, 2
aquecir, 2
Lidar, 2
Ficar, 2
preciser, 2
expedir, 2
atacar, 2
tir, 2
recolocar, 2
legalizar, 2
encontrastir, 2
encontrastar, 2
ausentar, 2
incompreendir, 2
universíar, 2
percebir, 2
perseguer, 2
multiplicar, 2
Viajar, 2
remar, 2
suir, 2
requererar, 2
rasgar, 2
forçar, 2
emanar, 2
embarcar, 2
apaguar, 2
pósgraduar, 2
dormer, 2
accionar, 2
mobilar, 2
recorrar, 2
Tirar, 2
almejar, 2
extrair, 2
doer, 2
teimar, 2
mentar, 2
felicitar, 2
descobertar, 2
entrevistar, 2
desperceber, 2
redireccionar, 2
sobreexpander, 2
Aprofundar, 2
ajuizar, 2
debruçar, 2
desmanchar, 2
repercutir, 2
panar, 2
desanimar, 2
distingor, 2
Aprender, 2
interactuar, 2
expander, 2
izar, 2
depreender, 2
Querer, 2
baptizar, 1
versusr, 1
praxar, 1
vulgarizar, 1
chatear, 1
sondar, 1
lideror, 1
elencár, 1
subdivider, 1
puner, 1
Acreditar, 1
fluír, 1
onerar, 1
consumer, 1
radicar, 1
distingar, 1
empreendir, 1
perdemosr, 1
revoltar, 1
arrisquar, 1
dizemoser, 1
Renovar, 1
Incrementar, 1
público-privar, 1
seriar, 1
contraemr, 1
fidelizar, 1
piorar, 1
autar, 1
enganar, 1
acompanher, 1
brincávar, 1
deixávar, 1
alarguar, 1
cooper, 1
garantísser, 1
punir, 1
crescerer, 1
impingir, 1
Definir, 1
Orientar, 1
Coordenar, 1
Avaliar, 1
Informar, 1
esclareçer, 1
anotar, 1
tolher, 1
Convidar, 1
descomprometer, 1
marear, 1
encapelar, 1
permear, 1
recuar, 1
construar, 1
continuarar, 1
avalier, 1
motorizar, 1
Conceber, 1
acudir, 1
apreendir, 1
façer, 1
Caminhar, 1
incorrer, 1
Comecer, 1
Ensaiar, 1
chefiar, 1
avolumar, 1
deslizar, 1
perdoarer, 1
modelar, 1
vistar, 1
co-criar, 1
licencieer, 1
afamar, 1
pender, 1
figurarer, 1
etiquetar, 1
transmiter, 1
Assegurar, 1
tendir, 1
distanciir, 1
induzer, 1
pespontar, 1
alavanquar, 1
inflacionar, 1
resumer, 1
Facultar, 1
embebir, 1
triplicar, 1
contactir, 1
afunilar, 1
coarctar, 1
reduzer, 1
hospitalizar, 1
favoreçir, 1
palpitar, 1
só restar o Amor, 1
Trocar, 1
ingerir, 1
demonstr, 1
sofror, 1
arreper, 1
deixeer, 1
liguar, 1
lotar, 1
migrar, 1
desfalcar, 1
deduzir, 1
abreviar, 1
risqueer, 1
participarir, 1
inscreverar, 1
encarecer, 1
arder, 1
Incentivar, 1
atinjir, 1
pareçar, 1
Alcançar, 1
desamparar, 1
invejar, 1
protejer, 1
gir, 1
salutar, 1
descrer, 1
burocratizar, 1
Direcionar, 1
limiter, 1
recomer, 1
confraternizar, 1
instruir, 1
tenter, 1
distraiar, 1
morer, 1
exacerbar, 1
atueer, 1
orçamentar, 1
abalar, 1
esper, 1
desencorajar, 1
recandidatar, 1
excetuarr, 1
consideror, 1
respostar, 1
envergar, 1
renegar, 1
admiter, 1
mantêr, 1
GFUM valer, 1
organizar er, 1
escritar, 1
ficor, 1
percebor, 1
institucionalizar, 1
retrair, 1
recém-criar, 1
proferir, 1
balançar, 1
Salientar, 1
regredir, 1
acrediter, 1
fir, 1
colabor, 1
partar, 1
Motivar, 1
divulguar, 1
avancar, 1
Efectuar, 1
•Organizar, 1
•Gerir, 1
•Controlar, 1
•Coadjuvar, 1
condizer, 1
catalogar, 1
robotizar, 1
domesticar, 1
invistar, 1
nutrar, 1
decorrar, 1
demarcar, 1
obriga-noser, 1
gar, 1
Cometer, 1
equivaler, 1
desorganizar, 1
referer, 1
infraestruturar, 1
saudar, 1
desmesurar, 1
consideraríar, 1
desejarer, 1
deslindar, 1
concessionar, 1
circunscrevir, 1
assumer, 1
perdíar, 1
refutar, 1
tentarer, 1
punhar, 1
desbaratar, 1
continuidader, 1
volver, 1
possuor, 1
procedor, 1
•Efetuar, 1
•Participar, 1
laborar, 1
doutor, 1
mestrar, 1
prodigalizar, 1
Viver, 1
dirijor, 1
vínhar, 1
desvincular, 1
regrar, 1
delimitar, 1
meditar, 1
interessarir, 1
abranjar, 1
protejir, 1
acenar, 1
Acontecer, 1
destruir, 1
cheirar, 1
particularizar, 1
silenciar, 1
esquecerer, 1
vêer, 1
colar, 1
lesionar, 1
planeiar, 1
vester, 1
gostávar, 1
possibilitarir, 1
Mencionar, 1
admirir, 1
simpatizar, 1
contradizer, 1
detir, 1
acionar, 1
transgredir, 1
empreendar, 1
enviávar, 1
impeler, 1
Aparecer, 1
povoar, 1
redescobr, 1
acalmar, 1
escuteer, 1
crêer, 1
atentarr, 1
exercir, 1
dirimir, 1
multipliquar, 1
Afastar, 1
infundar, 1
pervertir, 1
despachar, 1
compactar, 1
gosteer, 1
debelar, 1
recitar, 1
complementarsar, 1
morrir, 1
dissestar, 1
uniformizar, 1
ambicionastar, 1
assumar, 1
invadir, 1
refocar, 1
considerer, 1
desafinar, 1
restruturar, 1
sincronizar, 1
aturar, 1
Priorizar, 1
disseminar, 1
desagradar, 1
discorder, 1
multar, 1
estacionar, 1
alcanceer, 1
temper, 1
regenerar, 1
artificializar, 1
impelir, 1
naturalizar, 1
redundar, 1
prescindar, 1
varrer, 1
exiber, 1
desesperar, 1
interdisciplinar, 1
riscar, 1
apeteciar, 1
Deixar, 1
Programar, 1
florescer, 1
Atuar, 1
incitar, 1
reeditar, 1
arruar, 1
auditar, 1
robustecer, 1
definhar, 1
funder, 1
sobrepuser, 1
arrojar, 1
Sorrir, 1
enviesar, 1
Requalificar, 1
esque-cer, 1
pertençar, 1
espaçar, 1
colapsar, 1
mergulhar, 1
atraiçoar, 1
definer, 1
satirizar, 1
permanecir, 1
batizar, 1
par, 1
mudastar, 1
Aliar, 1
eviter, 1
concentr, 1
Magíster, 1
comemorarer, 1
Conseguir, 1
desmotivar, 1
identicar, 1
superintender, 1
decretar, 1
tencioner, 1
alar, 1
encerr, 1
improvisar, 1
alcançastir, 1
expuser, 1
asfixiar, 1
abrigar, 1
fizestar, 1
faziar, 1
afunder, 1
establecir, 1
Introduzir, 1
progreder, 1
emparceirar, 1
descontar, 1
trabalher, 1
profissionalizar, 1
nivelar, 1
caracterizasr, 1
acanhar, 1
Resultar, 1
satisfeitar, 1
perturbar, 1
Alargar, 1
decidistir, 1
entrastir, 1
defrontar, 1
indelicar, 1
desbloquear, 1
garantar, 1
eternizar, 1
atirar, 1
apodrecer, 1
respir, 1
efetir, 1
findar, 1
resider, 1
consolider, 1
resignar, 1
Lamentar, 1
clarifiquar, 1
reneguar, 1
obtivar, 1
arejar, 1
recém-diplomar, 1
quererr, 1
dessacralizar, 1
dissociar, 1
escamotear, 1
Invocar, 1
considerarr, 1
árear, 1
transbordar, 1
protelar, 1
ressarcir, 1
subjazr, 1
reafirmor, 1
descarbonizar, 1
circular, 1
saibar, 1
valhar, 1
reencontrar, 1
converseer, 1
comungar, 1
Oferecer, 1
incider, 1
inadverter, 1
entenabdr, 1
aceitarer, 1
ralhar, 1
sextuplicar, 1
atribular, 1
frisar, 1
contrarir, 1
reconhecíar, 1
venhar, 1
alienar, 1
desloquar, 1
antevêr, 1
conseguíar, 1
aventar, 1
retir, 1
incluor, 1
reganhar, 1
superásser, 1
Defender, 1
desinfetar, 1
consiger, 1
refirer, 1
reconcetualizár, 1
irer, 1
aprendir, 1
aludir, 1
vaticinar, 1
desbravar, 1
submetar, 1
escaparir, 1
insuspeitar, 1
Marcar, 1
Receber, 1
Praticar, 1
tomeer, 1
amputar, 1
confer, 1
forrar, 1
Ver, 1
viciar, 1
Ana Marques “acreditar, 1
Aceitar, 1
Começar, 1
rematar, 1
Surgir, 1
ondar, 1
satisfazir, 1
inconformar, 1
lêer, 1
furtar, 1
comentar, 1
Sentir, 1
transpirar, 1
enriqueçir, 1
fortalecir, 1
Qualificar, 1
rejuvenescer, 1
Retomar, 1
ressurgir, 1
transformador, 1
parafrasear, 1
faznosr, 1
aprecier, 1
Ouvir, 1
antecedir, 1
atuor, 1
proponhar, 1
preter, 1
alegar, 1
Ajudar, 1
confundir, 1
Adquirir, 1
desconsiderar, 1
revestir, 1
envolr, 1
desanuviar, 1
uponr, 1
engrandecer, 1
relançar, 1
coexistir, 1
reconhecêsser, 1
gostarer, 1
reconheçir, 1
entenderr, 1
unificar, 1
stressar, 1
Ligar, 1
CrescerSer, 1
re)pensar, 1
mantenhir, 1
omitir, 1
acalentar, 1
distrair, 1
legar, 1
fruir, 1
afirmár, 1
atrairer, 1
franquear, 1
agrupar, 1
estilhaçar, 1
grassar, 1
vinhr, 1
exaltar, 1
oclocratar, 1
desvalorizar, 1
exortar, 1
nutror, 1
executor, 1
pintar, 1
manipular, 1
conduziar, 1
sangrar, 1
explodir, 1
dedicor, 1
desgastar, 1
render, 1
Crescer, 1
movir, 1
treineer, 1
inadequar, 1
disparar, 1
ocuper, 1
desinteressar, 1
regar, 1
aguerrir, 1
especular, 1
pejar, 1
assemelhar, 1
denominariar, 1
Apresentar, 1
Conviver, 1
cabeçur, 1
abarrotar, 1
Acabar, 1
ager, 1
Prestar, 1
reciclar, 1
provir, 1
fiscalizar, 1
aprer, 1
anexar, 1
compuser, 1
falecir, 1
consideramosr, 1
Carregar, 1
podir, 1
lever, 1
advogar, 1
arquitetar, 1
credibilizar, 1
objetivar, 1
vigorar, 1
permaneçir, 1
mencioneer, 1
confirar, 1
ultrapar, 1
carrear, 1
aprazer, 1
conseguer, 1
imaginarer, 1
imaginaríar, 1
reconfigurar, 1
pairar, 1
obviar, 1
entristecer, 1
magoar, 1
expostar, 1
re)lembrar, 1
possuirr, 1
revalorizar, 1
ressignificar, 1
poderásr, 1
emocionar, 1
procedar, 1
decorar, 1
cursar, 1
Recolocar, 1
Servir, 1
Destacar, 1
reequipar, 1
insonorizar, 1
rebolar, 1
Dançar, 1
esquematizar, 1
sigir, 1
abanar, 1
conhecir, 1
inscreve-teir, 1
conhecíar, 1
Depender, 1
quiseresr, 1
ouçir, 1
Actuar, 1
martirizar, 1
medalhar, 1
precisávar, 1
elucidar, 1
potencializar, 1
economizar, 1
aguçar, 1
legislar, 1
formatar, 1
valir, 1
percepcionar, 1
irritar, 1
oanizar, 1
desmedir, 1
apliquar, 1
Entrar, 1
seber, 1
assolar, 1
exagerar, 1
descentrar, 1
subscritar, 1
encurtar, 1
Apelar, 1
postar, 1
participor, 1
propusestar, 1
adormecer, 1
re-alimentar, 1
correlacionar, 1
permiter, 1
entendíar, 1
dissipar, 1
redirigir, 1
afundar, 1
digitalizar, 1
autenticar, 1
ponderor, 1
pratiqueer, 1
chumbar, 1
entar, 1
revolucionar, 1
caír, 1
suber, 1
ouçar, 1
c)controlar, 1
d)assegurar, 1
e)assegurar, 1
h)assegurar, 1
transparecer, 1
considerár, 1
cer, 1
sedear, 1
recém-licenciar, 1
recémlicenciar, 1
angar, 1
deixarer, 1
animar, 1
cadenciar, 1
identificarr, 1
reutilizar, 1
degustar, 1
saborear, 1
internar, 1
participár, 1
pingar, 1
Consolidar, 1
Quer, 1
soldar, 1
receberer, 1
roboparty….quar, 1
Partir, 1
fundir, 1
amar, 1
gizar, 1
contrapor, 1
coberrer, 1
permutar, 1
obtir, 1
assomar, 1
palmilhar, 1
achastar, 1
deixár, 1
reabrir, 1
sobressaír, 1
AP pensar, 1
perdir, 1
pigmentar, 1
I.S- pensar, 1
metar, 1
raciocinar, 1
excessivar, 1
pensarar, 1
pontificar, 1
Completar, 1
reactivar, 1
hierarquizar, 1
circunscrever, 1
assustar, 1
lider, 1
estampar, 1
izer, 1
inscrevir, 1
fornecir, 1
Incluir, 1
exibir, 1
intervier, 1
recaer, 1
constroer, 1
desiludir, 1
precisarr, 1
depor, 1
zer, 1
coibir, 1
abrangeur, 1
obtêr, 1
/resultar, 1
comunguar, 1
catapultar, 1
avariar, 1
socorrir, 1
fumegar, 1
destinguer, 1
rompir, 1
sanear, 1
docorr, 1
desligueer, 1
assitir, 1
quar, 1
erar, 1
namoriscar, 1
administração entender, 1
tinhar, 1
entear, 1
lancar, 1
sofisticar, 1
remontar, 1
ofereçar, 1
mantenhor, 1
co-financiar, 1
impusionar, 1
Fomentar, 1
Desenvolver, 1
revigorar, 1
topar, 1
chateiar, 1
torneer, 1
inculcar, 1
desapontar, 1
acabor, 1
inter, 1
erradicar, 1
quereser, 1
secundar, 1
Faltar, 1
Constituir, 1
interer, 1
remodelar, 1
decaír, 1
egabilidader, 1
conservar, 1
protegir, 1
rolar, 1
emular, 1
compreendir, 1
Situar, 1
distinguidar, 1
assaltar, 1
recepcionar, 1
Rentabilizar, 1
remeter, 1
dispender, 1
caminhár, 1
consertar, 1
notificar, 1
vendir, 1
convivor, 1
ac ompanhastar, 1
Mobilizar, 1
quedever, 1
Suprimir, 1
arquivar, 1
descriminar, 1
comendar, 1
tra ba l ha r, 1
Falar, 1
saldar, 1
mapear, 1
arbitrar, 1
nascir, 1
outorgar, 1
beneficar, 1
caseer, 1
escandalizar, 1
Agregar, 1
ticular, 1
exceptuar, 1
descubrar, 1
abranjir, 1
perfazir, 1
predispor, 1
desenvolvar, 1
urar, 1
ascender, 1
atormentar, 1
extravasar, 1
* Supervisionar, 1
Propor, 1
despropositar, 1
banir, 1
reeleizer, 1
ancorar, 1
obser, 1
suavizar, 1
interditar, 1
dosear, 1
idar, 1
invistir, 1
Concentrar, 1
divergir, 1
liquidar, 1
har, 1
terer, 1
**conseguer, 1
constr, 1
uir, 1
acreditamosr, 1
afiliar, 1
tar, 1
pré-definir, 1
Caber, 1
soffrer, 1
extingar, 1
redonr, 1
garanter, 1
desenvolverer, 1
perfurar, 1
exerçar, 1
indagar, 1
talecer, 1
enfraquecer, 1
subestimar, 1
interpenetrar, 1
repartir, 1
individualizar, 1
diluír, 1
aponteer, 1
concretizarer, 1
Revelar, 1
prepar, 1
sobressair, 1
subalternizar, 1
lavrar, 1
dispersarr, 1
trespassar, 1
habitueer, 1
Ocupar, 1
norteiar, 1
decer, 1
or, 1
reager, 1
intrometir, 1
degenerar, 1
uturar, 1
reproduzir, 1
desprover, 1
amplificar, 1
limpar, 1
dosar, 1
reali zar, 1
focalizar, 1
contraír, 1
obriga-nor, 1
i)Desenvolver, 1
ii)Apoiar, 1
assessorar, 1
privilegior, 1
indefinir, 1
Serviços vir, 1
/encarregar, 1
desregular, 1
Proporcionar, 1
rar, 1
jogávar, 1
satisfizer, 1
permitirir, 1
conseguirer, 1
descontinuar, 1
desprender, 1
Excetuar, 1
repudiar, 1
denunciar, 1
conformar, 1
admir, 1
suplantar, 1
entreter, 1
residar, 1
despovoar, 1
ilimitar, 1
descur, 1
fragmentar, 1
saior, 1
nortar, 1
vencestar, 1
pensastir, 1
priveligiar, 1
atraír, 1
tegrar, 1
perfazr, 1
suar, 1
queimar, 1
Morar, 1
pelur, 1
apressar, 1
rígir, 1
persuadir, 1
saltitar, 1
sober, 1
