Universidade do Minho - Campus de Gualtar, 2345
Portugal, 508
Braga, 389
Guimarães, 307
Gualtar, 104
Azurém, 104
Europa, 91
Bolonha, 86
Minho, 67
Porto, 51
Lisboa, 41
Espanha, 41
Brasil, 36
Residências Universitárias, 33
França, 31
Universidade do Minho - Campus de Azurém, 30
Coimbra, 28
Praia, 27
China, 26
EUA, 25
Inglaterra, 24
Moçambique, 23
Universidade do Porto, 20
Administração Pública, 20
Santa Tecla, 19
Londres, 18
Instituto Confúcio, 18
Bar, 18
Aveiro, 17
Alemanha, 16
Administrador, 16
AvePark, 16
Ecoticket, 16
Região, 15
Matemática, 15
Sector, 15
Ensino, 14
Gabinete, 14
Câmara Municipal de Braga, 14
Tun’ao Minho, 14
Cultura, 14
VL, 14
AEESECG, 14
Unidades Culturais, 13
Galiza, 13
Câmara Municipal, 13
FITU Bracara Avgvsta, 13
Açores, 12
Federação, 12
Humanidades, 12
Em Portugal, 12
Município, 12
Mundo, 11
Holanda, 11
Largo do Paço, 11
Centro, 11
Norte, 11
Bruxelas, 11
Universidade de Coimbra, 11
Instituto de Educação, 11
Polónia, 11
INL, 11
Itália, 11
Câmara, 11
Afonsina, 11
Academia Minhota, 11
COVID-19, 11
Velório da Gata, 11
S.B., 11
Setembro, 10
Estados Unidos, 10
Angola, 10
Complexo Desportivo de Gualtar, 10
Paris, 10
Portimão, 10
UTAD, 10
Julho, 9
UOEI, 9
Setor, 9
Engenharia, 9
Viana do Castelo, 9
Europeus, 9
Portuguesa, 9
Covilhã, 9
UPorto, 9
Residência, 9
Enfermagem, 9
Theatro Circo, 9
Espero, 9
1º de Dezembro, 9
Arqueologia, 9
Ministério da Ciência, 9
Instituto de Ciências Sociais, 9
Unidades, 9
Centro Médico, 9
Institutos, 9
Fundação, 8
Gestão, 8
Fundação Pública de Direito Privado, 8
SIGAQ-UM, 8
Austrália, 8
Doutoramento, 8
Reino Unido, 8
Irlanda, 8
Saúde, 8
Universidade Nova de Lisboa, 8
Bar Académico, 8
Cantina, 8
EEG-UMinho, 8
AAUM, 8
ICVS, 8
Cidade Berço, 8
Novembro, 8
Cabido de Cardeais, 8
Qualidade, 8
Apresentação das Unidades, 8
Sinto, 7
BA, 7
Couros, 7
Câmara Municipal de Guimarães, 7
Engenharia Biológica, 7
Universidade de Aveiro, 7
Instituições, 7
SilicoLife, 7
Baixo Minho, 7
Investigação, 7
Pavilhão Desportivo, 7
Rússia, 7
Serviços, 7
Japão, 7
Croácia, 7
Centros de Investigação, 7
Cuba, 7
UBI, 7
Récita, 7
PRR, 7
MCTES, 7
Chinês, 7
Depar, 7
Teatro Jordão, 6
Campus, 6
Arquivo Distrital de Braga, 6
Biblioteca Pública de Braga, 6
América, 6
Edifício dos Congregados, 6
Economia Industrial, 6
CO, 6
Universitária, 6
Ministério, 6
Setor de Bolsas, 6
Ministério da Educação e Ciência, 6
Alojamento, 6
R.I, 6
Suíça, 6
Viena, 6
Excelente, 6
PE, 6
ABC de Braga, 6
Macau, 6
Sede, 6
Agosto, 6
Turquia, 6
CP2, 6
Moscovo, 6
Portugueses, 6
do Norte, 6
Manutenção, 6
DU, 6
Cidade, 6
Internacionalização, 6
Estive, 6
Ásia, 6
Universidade de Lisboa, 6
Provedor Institucional, 6
Conselho Geral, 6
Tunas, 6
Cabido, 6
ELSA Portugal, 6
Maputo, 6
Muito Bom, 6
Mocidade Portuguesa, 6
Instituto Confúcio da Universidade do Minho, 6
Geologia, 6
México, 5
Koryo, 5
Rio de Janeiro, 5
Pavilhão, 5
Dep, 5
Diretor, 5
Campo de Práticas de Golfe, 5
Setor de Apoio Clínico, 5
Bélgica, 5
Setor de Património, 5
Higiene, 5
Restaurante Panorâmico, 5
Ciências, 5
Ciências da Educação, 5
Barcelos, 5
Singapura, 5
GEOJUSTIÇA, 5
Engenharia Eletrónica Industrial, 5
Guimaraes, 5
Ecofoot, 5
Póvoa de Lanhoso, 5
Fevereiro, 5
Canadá, 5
África, 5
Cabo Verde, 5
Direção, 5
Economia, 5
Profética, 5
CG, 5
Ambiente, 5
Professora, 5
América do Sul, 5
CMEMS, 5
Vila Nova de Gaia, 5
Universidade da Beira Interior, 5
Instituições de Ensino Superior, 5
SC Braga, 5
Terra, 5
Viajar, 5
Delegação de Braga da Cruz Vermelha Portuguesa, 5
Barcelona, 5
Feira, 5
Região do Conhecimento, 5
Vigo, 5
Arquitectura, 5
Fernando C. Lapa, 5
Bares, 5
Passadiço, 5
I.S-, 5
San Sebastian, 5
Instituto de Letras e Ciências Humanas, 5
Grill, 5
Teatro, 4
Arraial Azeiteiro, 4
Finlândia, 4
Tesouraria, 4
St, 4
Utentes, 4
Áustria, 4
Dinamarca, 4
Berlim, 4
Sobretudo, 4
SRH, 4
Finanças, 4
TUTORUM, 4
Biblioteca Lúcio Craveiro da Silva, 4
Paço dos Duques de Bragança, 4
Vila Verde, 4
Augusta, 4
Geojustiça, 4
Avepark, 4
Taipas, 4
GA, 4
Pólo Aquático, 4
Universidades do País, 4
Península Ibérica, 4
Rádio Universitária, 4
distrito de Braga, 4
cidade de Braga, 4
Capital Verde Europeia, 4
Câmaras, 4
Índia, 4
Direito, 4
Évora, 4
Rio, 4
Lua, 4
Eslováquia, 4
cidade de, 4
Universidades Portuguesas, 4
Português, 4
Casa do Conhecimento, 4
Centros, 4
Serviços Sociais, 4
Tunão, 4
Eslovénia, 4
Jogralhos, 4
Delegação, 4
Ministério da Saúde, 4
Estatutariamente, 4
Danças Africanas, 4
P.D.-, 4
Condicionou, 4
Instituto de Educação e Psicologia, 4
Banguecoque, 4
Pequim, 4
UAB, 4
Ciências Sociais, 4
Dubai, 4
Bar do Grill, 4
Monte Branco, 4
Chamonix, 4
Campurbis, 3
Zona de Couros, 3
CEC2012, 3
IPJ, 3
Azeituna, 3
Complexo do Largo do Paço, 3
CPII, 3
Faro, 3
Complexo Desportivo da UMinho, 3
Parque de Exposições de Braga, 3
Parque de Exposições, 3
Sentes, 3
PIDDAC, 3
Faturação, 3
Despacho, 3
Restelo, 3
Vila Praia de Âncora, 3
Enterro da Gata, 3
PIEP, 3
Medicina, 3
Fafe, 3
Vice-Reitora, 3
Departamento Administrativo, 3
Estados Unidos da América, 3
Setor de Apoio, 3
SERVPSI, 3
Nova Zelândia, 3
Madrid, 3
Israel, 3
Ciências da Saúde, 3
Munique, 3
Museu Nogueira da Silva, 3
Magna, 3
Mestrado Integrado, 3
Estádio Municipal de Braga, 3
caloiras, 3
Hospital de Braga, 3
Sede dos Serviços de Acção Social, 3
Universidade Portuguesa, 3
Lda, 3
SFM, 3
Sede dos SASUM, 3
Masculino, 3
MEC, 3
Timor, 3
Hannover, 3
Claro, 3
Câmara de Guimarães, 3
Pavilhão da UMinho, 3
Território, 3
de Braga, 3
Arquivo Distrital, 3
Europa Central, 3
Potenciar, 3
S. Tecla, 3
SAUM, 3
Tutorum, 3
Concelho de Guimarães, 3
Conselhos Gerais, 3
universidade portuguesa, 3
Arquitetura, 3
Nova Iorque, 3
Serviços Urbanos, 3
Provedor, 3
Salientaria, 3
Hungria, 3
Gerês, 3
Município de Braga, 3
Congresso, 3
Pedro Dias, 3
Mafamude, 3
Gaia, 3
Bulgária, 3
CP3, 3
SC de Braga, 3
Ministro da Ciência, 3
Faculdade de Engenharia da Universidade do Porto, 3
Estrangeiro, 3
Caldas de Vizela, 3
Universidade de São Paulo, 3
Estudos Culturais, 3
Laboratório da Paisagem, 3
Roménia, 3
Ucrânia, 3
Universidade dos Açores, 3
Terei, 3
Vila Nova de Famalicão, 3
Covid-19, 3
Grupos Culturais, 3
Colégio Doutoral, 3
Gatuna, 3
*Comemoraram, 3
CC, 3
Museu Virtual da Lusofonia, 3
Letónia, 3
Rua do Forno, 3
DCF, 3
Literatuna, 3
Esposende, 3
Complexo Desportivo, 3
Cantinas, 3
Teatro Circo, 3
Fundação Minhota, 3
Alcobaça, 3
Izmir, 3
Desporto Escolar, 3
C.S.-, 3
Juramento, 3
braga, 3
Liceu Sá de Miranda, 3
Representar, 3
Felgueiras, 3
Teatro Universitário do Minho, 3
Região Digital, 3
Saídas Profissionais, 3
UMDicas-, 3
Tailândia, 3
Instituto Superior de Ciências de Saúde, 3
Lusófonos, 3
Universidade de Nankai, 3
Rally das Tascas, 3
Bar do CP3, 3
Monte, 3
Gabinete do Administrador, 3
RM, 3
Departamento Pedagógico, 3
Artes, 3
Música, 3
SIGAQ, 3
Financeira, 3
Bar do Grill de Gualtar, 3
Engenharia Têxtil, 3
Santiago de Compostela, 2
IB-S, 2
Instituto de Ciência e Inovação para a Bio-Sustentabilidade, 2
Toural, 2
Sevilha, 2
Desportivo Francisco de Holanda, 2
São Miguel, 2
Continente, 2
Ilha, 2
Gatódromo, 2
Engenharia Civil, 2
Pós-Graduação, 2
Cidade de Braga, 2
UM, 2
Florença, 2
Maio, 2
Presidente do CO, 2
Departamental, 2
Complexos, 2
Governo legisla, 2
Setor de Higiene, 2
Rampa B, 2
Caldas das Taipas, 2
Fundação AAUM, 2
Responsabilidades, 2
Campi da UMinho, 2
Campus de Guimarães, 2
Setor de Alojamento, 2
Diminuir, 2
Residência Universitária Sta, 2
Relações Internacionais, 2
IDN, 2
Zurique, 2
Genebra, 2
CECRI, 2
Liftoff, 2
Arquivo, 2
Manchester, 2
Paredes, 2
Escola de Ciências da Saúde, 2
Campus de Couros, 2
Veste, 2
Administração, 2
Hotel, 2
Abade de Priscos, 2
Harvard, 2
Boston, 2
estado, 2
Procuro, 2
Arrecadar, 2
Planear, 2
Judo, 2
Hotéis, 2
Pares, 2
Bragança, 2
Diretora, 2
Estudos Portugueses, 2
Maia, 2
ABC, 2
Engenheiro, 2
África do Sul, 2
Museu Alberto Sampaio, 2
Museu da Imagem, 2
Tuna Mista da Universidade do Minho, 2
Penafiel, 2
Famalicão, 2
Setor de Bolsas de Estudo dos SASUM, 2
União, 2
Geografia e Planeamento, 2
Ciências da Terra, 2
Informática Industrial, 2
DTSI, 2
Derby, 2
LIFTOFF, 2
Leça da Palmeira, 2
Indiana, 2
Indo, 2
Lavradeiras, 2
Venham, 2
Direção Geral do Ensino Superior, 2
Amarante, 2
Oxford, 2
Forte, 2
Coreia do Sul, 2
Atlântico, 2
Oeiras, 2
europa, 2
Pensamos, 2
Minhoto, 2
Instalações, 2
Campo de Práticas de Golfe de Azurém, 2
Castro, 2
Miguel Alves, 2
Timor-Leste, 2
Vale do Ave, 2
Vamo-nos, 2
Tribunal de Contas, 2
Diretor de Curso, 2
1ª Nacional, 2
Polícia Judiciária, 2
Montenegro, 2
Guarda, 2
Cerimónia, 2
Sector Público, 2
Sete Fontes, 2
Mercado Municipal, 2
Conselho Municipal de Educação, 2
Freguesias, 2
Autarquias, 2
FAM, 2
Barriga, 2
Continuamos, 2
Direção Geral do Orçamento, 2
Lídia Parente, 2
Marketing, 2
América Latina, 2
Benfica, 2
Luanda, 2
Amesterdão, 2
Vénus, 2
Canário, 2
Distrito, 2
Departamentos, 2
Línguas, 2
São Bernardo, 2
Berço da Nação, 2
Capital Verde, 2
Património Mundial, 2
Garagem Avenida, 2
Estado Central, 2
Parque de Ciência e Tecnologia, 2
Instituto Confúcio da UM, 2
Grécia, 2
Fundação Pública, 2
Ciência Política, 2
Gabinete de Carreiras, 2
Pólo de Azurém, 2
Grandes Empresas do Setor Público, 2
Vice-presidente do Município, 2
Câmaras Municipais, 2
Ecovia de Guimarães, 2
Parque da Juventude, 2
USA, 2
Hospitais, 2
MIETI, 2
Budapeste, 2
Biblioteca de Azurém, 2
Centro Multimédia, 2
Centro de Medicina P5, 2
Acreditei, 2
Microssistemas Eletromecânicos, 2
Presidente da Sociedade Portuguesa de Biomecânica, 2
Centro de Investigação, 2
Serra da Estrela, 2
FIT4RRI, 2
Democratização, 2
Montanha, 2
Cidade do Futebol, 2
Tento, 2
CAR, 2
ES, 2
Câmara de Vila Verde, 2
Tutela, 2
Ministério da Educação, 2
Instituto Português do Desporto, 2
Presidente da, 2
Estado português, 2
Rua D. Pedro V, 2
Escola Doutoral, 2
TERM, 2
Europeu, 2
Centro de Valorização de Resíduos, 2
Centro de Computação Gráfica, 2
Noruega, 2
José Mendes, 2
IDEA-UMinho, 2
Complexo Desportivo de Azurém, 2
Salão Medieval do Largo do Paço, 2
póspandemia, 2
Próreitoria, 2
Unidades Orgânicas, 2
Instituto de Ciências Sociais da Universidade do Minho, 2
Natal, 2
Unidades Culturais da Universidade do Minho, 2
Câmaras Municipais de Braga, 2
Suécia, 2
Lituânia, 2
República Checa, 2
Luxemburgo, 2
Benguela, 2
Madeira, 2
CEUMinho, 2
CCE-UMinho, 2
São Paulo, 2
Santa Luzia, 2
Magna Augusta, 2
República, 2
Leiria, 2
Costumam, 2
Engenharia Aeroespacial, 2
UNorte, 2
Magistratura, 2
FCT, 2
Iremos, 2
Fundação Bracara Augusta, 2
Faculdade de Ciências do Desporto e Educação Física da Universidade do Porto, 2
Trás-os-Montes, 2
Pavilhões, 2
Desporto para Todos, 2
Presidente da Delegação de Braga da Cruz Vermelha Portuguesa, 2
Delegação de Braga, 2
São Vítor, 2
Centro de Acolhimento de Emergência Social, 2
Miranda do Douro, 2
Secções, 2
Delegações, 2
SECRETISMO, 2
Grécia Antiga, 2
Monte Olimpo, 2
Fundação do Minho, 2
OPUM DEI, 2
Arqus, 2
Douro, 2
Bar de Engenharia I, 2
Palácio de Vila Flor, 2
Caloiro, 2
A Universidade do Minho, 2
Serenatas Velhas, 2
Universidades Federais, 2
Estaduais, 2
Africana, 2
Paredes de Coura, 2
Irão, 2
Banda Eva, 2
Velório, 2
IC, 2
AM-FM, 2
Público, 2
Entidades, 2
Vice-Reitor, 2
Instituto Ibérico, 2
Spinvalor, 2
Spin-Offs, 2
Corta-Mato, 2
Biblioteca Geral da U.M., 2
Consulta, 2
Biblioteca Digital, 2
Equitação, 2
Afonsinos, 2
Tunos, 2
Monumental Serenata, 2
Direcção, 2
Felicidade, 2
Teatro Universitário de Braga, 2
Tlm, 2
Vale do Ave Digital, 2
Vale do Cávado, 2
roboparty, 2
Definitivamente, 2
Electrónica Industrial, 2
Tertúlias, 2
ENAAP, 2
Norte de Portugal, 2
Lyon, 2
Capela da Faculdade de Teologia, 2
SPRU, 2
Universíada, 2
Cardio Fitness, 2
Sala de Musculação do Complexo Desportivo de Gualtar, 2
Lamaçães, 2
ISMAI, 2
Ginásio Koryo, 2
Opum, 2
ISCISA, 2
Universidade Eduardo Mondlane, 2
UEM, 2
Residência de S. Tecla, 2
Cantina de Sta Tecla, 2
Universidades Europeias, 2
es, 2
Situa-te, 2
JGD, 2
Court Soccer, 2
Observatório, 2
Centros com Muito Bom, 2
AFUM, 2
Núcleo, 2
Estudos Chineses, 2
Centro de Línguas e Culturas Orientais, 2
Reitores, 2
Universidade do Algarve, 2
Assembleia Geral, 2
Recepção, 2
Sardinhada, 2
Taekwondo da UMinho, 2
Registos, 2
Feira de Emprego, 2
Bar do Auditório, 2
Departamento Social, 2
Armazém de Gualtar, 2
Plano Monitorização, 2
Medição Recepção, 2
K2, 2
pólo de Braga, 2
Fiscalização, 2
Tesoureiro, 2
ED, 2
Timor Leste, 2
Agregado, 2
Complexo Pedagógico, 2
Bar da Residência de Santa Tecla, 2
Universidade de Búfalo, 2
Aumentar, 2
ESE, 2
Konceito Fitness, 2
área Administrativa, 2
Estudos da Criança, 2
Nanotecnologia, 2
Energia, 2
Prestação, 2
Diretor de Competições e Eventos, 2
UCs Integradoras, 2
Engenheiro Mecânico, 2
Torre de Macau, 2
Hong Kong, 2
Crestuma, 2
Canoagem, 2
Orientação, 2
área Ambiental, 2
Excecionais, 1
Centro de Formação Pós-, 1
Edifício do Largo do Paço, 1
Centro de Formação Pós-Graduada, 1
Centro Ciência Viva, 1
Âncora, 1
Fundação Martins Sarmento, 1
Alameda de S. Dâmaso, 1
Capital Europeia da Cultura, 1
Avenida da Liberdade, 1
Azeitunal, 1
Azeitunos, 1
Inglês, 1
Esposa, 1
Desporto no Ensino Superior Português, 1
Alemão, 1
Estruturo, 1
Peixoto, 1
Faculdade de Engenharia da U.Porto, 1
Hidráulica, 1
Infraestrutura, 1
instituto de Ciência e Inovação para a Bio-Sustentabilidade, 1
Nascente, 1
Abade Loureira, 1
Corpo Central, 1
Campi de Azurém, 1
Biblioteca Central da UM, 1
Gabinete de Apoio ao Ensino, 1
Faculdade de Economia da Universidade do Porto, 1
Queima das Fitas de 1994, 1
Magnolia, 1
Hippopotamus, 1
Trofa, 1
São Gião, 1
Moreira de Cónegos, 1
Engenheiro Informático, 1
Engenharia Informática, 1
Big Fish, 1
Estaminé, 1
Ilha da Barreta, 1
Capitais Europeias, 1
Plataforma das Artes, 1
Parque de Exposições?, 1
Pavilhão Desportivo de Lamaçães, 1
APPACDM, 1
Institucionais, 1
Línguas da UMinho, 1
Vera Cruz, 1
Federada, 1
Relatório, 1
Universidade em Portugal, 1
QRENs, 1
Setor Alimentar dos SASUM, 1
Emitimos, 1
Orientar, 1
Coordenar, 1
Despacho GA15/2009, 1
Património, 1
FAC, 1
3 de Dezembro, 1
NUT II, 1
Snack-bar Congregados e, 1
Bar 5, 1
Bar EngªII, 1
Bar CP2, 1
Bar EngªII- Azurém, 1
Pizzaria, 1
Residência Universitária de Santa Tecla, 1
Sala de Desporto, 1
Centro de Braga, 1
Apoio Clínico, 1
Pólo de Braga, 1
SERV-PSI, 1
Residências Universitárias da Universidade do Minho, 1
Assegurar, 1
1397.Em Braga, 1
Diretor-Geral do Ensino Superior, 1
Natal Feliz, 1
vim, 1
Estudar R.I, 1
Atenas, 1
Regional, 1
Nacional Suíça, 1
Ski, 1
Instituto da Defesa Nacional, 1
Friburgo, 1
UE-OMC, 1
UE-ONU, 1
Lausanne, 1
Hemisfério Sul, 1
R.I “experience in the field, 1
Braga-Guimarães, 1
Casablanca, 1
Arquivo Distrital do Porto, 1
Torre do Tombo, 1
Doutorando do Departamento de Sistemas de Informação, 1
Preservação Digital, 1
Glasgow, 1
Essex, 1
Edinburgo, 1
Repositorium, 1
Valença, 1
Doutunos, 1
Curandeiros, 1
5 Enfermos, 1
Parasitas, 1
Tesoureira, 1
Congressos, 1
Janeiras, 1
Festivais, 1
Retiro, 1
Diretor do Curso de Medicina, 1
Setor de Economato, 1
Instituto de Bio-Sustentabilidade, 1
Topologia Algébrica, 1
Mestrados do Departamento de Matemática e Aplicações, 1
Licenciatura, 1
Matemática Económica e Financeira, 1
Recursos Humanos, 1
Faculdade de Ciências do Porto, 1
L(M)CC, 1
Cortejo Académico, 1
Cinema Paraíso, 1
Setor de Património dos SASUM, 1
Setor do Património, 1
Universidade da Carolina do Sul, 1
Ministro das Finanças, 1
Modernização Administrativa, 1
SAMA, 1
Fundação Publica de Direito Privado, 1
Sub-região de Saúde de Braga, 1
Engenheiro Alimentar, 1
Bouro, 1
Abade, 1
Priscos, 1
TOP100, 1
Showroom, 1
Universidades do Texas, 1
Cornel, 1
CE, 1
COHITEC, 1
Centro Aquático da UMinho, 1
Clínica Geral, 1
Consultas, 1
Centro Aquático da Universidade do Minho, 1
Centro Aquático, 1
Setembro de 2008, 1
MOA, 1
Sala de Autoaprendizagem, 1
Prosperidade, 1
Budokwai, 1
Estónia, 1
Desporto da UMinho, 1
Serviços Desportivos da Universidade do Minho, 1
Mesão Frio, 1
Arco, 1
| Membros, 1
Terra Batida, 1
Académico/ Administrativo, 1
Pedagógico, 1
CNPEES, 1
Estudos da Criança – Literatura, 1
Infância, 1
Adapto, 1
NEEBUM, 1
Páasaro da Cabeça, 1
Perdido, 1
S. Perterburgo, 1
Silvas, 1
Gafanhoto, 1
Pizzarte, 1
Maré Cheia, 1
Trincadeira, 1
Campanha, 1
Campi da Universidade do Minho, 1
BARRIGA, 1
Rosário, 1
Instituto de Ciências da Vida e Saúde, 1
Dificílima, 1
Médio Oriente, 1
Tel Aviv, 1
Ljubljana, 1
Presidente do Conselho Cultural da UMinho, 1
Casa Museu Monção, 1
Alto Minho, 1
Serralves, 1
Museu D. Diogo de Sousa, 1
Museu dos Biscainhos, 1
Museu de Tibães, 1
Arte Total, 1
Centro de Educação pela Arte, 1
Consello da Cultura Galega, 1
Santa Casa da Misericórdia de Braga, 1
Teatro Clássico da, 1
Direção do Curso da Licenciatura, 1
Teatro da UM, 1
Distribuição, 1
Iluminação Ecológica e, 1
Pioneiros, 1
Integração, 1
Africa, 1
Asia, 1
Hysee, 1
Soluções Geográficas de Apoio, 1
Geógrafo, 1
Estado Português, 1
Know-How, 1
Finicia, 1
Diretor do Mestrado Integrado, 1
Tucson, 1
Arizona, 1
Grande Canyon, 1
BRIGIT, 1
LiftOff, 1
Gabinete de Apoio ao Empreendedorismo da AAUM, 1
Data Center dos SASUM, 1
Intranet da Universidade do Minho, 1
Engª de Gestão Industrial, 1
Fevereiro de 2012, 1
GIP, 1
ESN Minho, 1
Associação, 1
Flor do Castelo, 1
Foz Velha, 1
Mendi, 1
Micropolis, 1
Success Gagdet, 1
Centro de Ciência e Tecnologia Têxtil da Universidade, 1
Capotilhas, 1
Largo do Carpe, 1
Bairro da Alegria, 1
Atuarmos, 1
18 de Dezembro, 1
Garfe, 1
Aldeia dos Presépios, 1
Igreja de S.Vitor, 1
Levantavam-me, 1
Científico-Natural, 1
Val-d’isère, 1
Universidadequando, 1
tens direito, 1
Comunicação Social pela UMinho, 1
Moura, 1
Yale, 1
Carnaxide, 1
brainer, 1
Orçamento Geral do Estado, 1
Circular RT-05/2011, 1
Emprego, 1
Doutor, 1
Universidade Fernando Pessoa, 1
EEUM, 1
Amêijoas, 1
Bulhão Pato, 1
Arroz de Lampreia, 1
Instituto Superior de Ciências Administrativas de Lisboa, 1
Betweien, 1
Macedo de Cavaleiros, 1
Aveiro Empreendedor, 1
Campo de Flores, 1
Armamar, 1
Vale de Cambra, 1
Referência, 1
Sanjoaninas, 1
Reavivar, 1
Serviços Desportivos, 1
Universidades do Centro, 1
Centro de Condição Física da Residência Universitária de Sta, 1
Sala de Desportos dos Congregados, 1
ACD, 1
Atividades, 1
Gestão de Eventos, 1
Contactamos, 1
Vice-reitor da UMinho, 1
Aceitei, 1
Vice-reitor, 1
Cambridge, 1
Pretende, 1
Concelho Europeu de Investigação, 1
Governo português, 1
Panamá, 1
Estados Unido, 1
SpinUM, 1
Acima, 1
Departamento do Gabinete do Administrador, 1
Complexo Residencial de Stª. Tecla, 1
Sector de Fiscalização, 1
ISO:9001, 1
Prado, 1
31 de Maio – Braga, 1
Roterdão, 1
afincar Portugal, 1
Câmara Municipal de Portimão, 1
Praia da Rocha, 1
Hotel Tivoli Marina Portimão, 1
Ciências da Universidade do Minho, 1
Universidade de Akron, 1
Ciência e Engenharia de Polímeros, 1
Engenharia Metalúrgica, 1
UCs de Laboratórios Integrados, 1
Engenheiro de Materiais, 1
Nepal, 1
Centro ALGORITMI da UMinho, 1
PD-Net, 1
ID&T, 1
Autoridade Tributária, 1
Base-gov, 1
Preço Custo, 1
Médio, 1
Faculdade de Psicologia e Ciências da Educação da Universidade do Porto, 1
Centro de Investigação em Psicologia, 1
Casa de Pasto Palmeira, 1
Visteon, 1
Alemã, 1
Karaté, 1
Representante, 1
Cooperativa Municipal do Desporto, 1
Berço da Portugalidade, 1
Andebol, 1
Panta, 1
Aceditação, 1
Zizina Cristino, 1
Voluntários do Concelho de Guimarães, 1
Guias, 1
Praça de Santiago, 1
Pavilhão do Inatel, 1
Covilhã-Guarda, 1
Serviços da Universidade do Minho, 1
Complexo Aquático, 1
Centro Médico da Universidade do Minho, 1
Presidente da Câmara de Braga, 1
Estádio Municipal, 1
edifício das Convertidas, 1
Balcão Único Municipal, 1
Estádio 1º de Maio, 1
Pavilhão Flávio Sá Leite, 1
Parque da Ponte, 1
Parque do Picoto, 1
Espaços do Cidadão, 1
Bragahabit, 1
Entidade Regional de Turismo do Porto, 1
Norte Portugal, 1
Eixo Atlântico, 1
Vale, 1
Picoto, 1
Parque das Sete Fontes, 1
Cávado, 1
Ecopista, 1
IMT, 1
câmara de Lisboa, 1
câmara de Braga, 1
Direção Geral das Autarquias Locais, 1
Capital, 1
Alimentação saudável na UM, 1
Informática, 1
Desvio, 1
Inventários, 1
Setor do Alojamento, 1
Residências dos SASUM, 1
Fisco, 1
Setor de Orçamento, 1
Celina Machado, 1
Contabilidade Pública, 1
Internacionalização do Ensino, 1
Pró-Reitora da UMinho, 1
Internacionalização do Ensino?, 1
Iacobus, 1
Erasmus+, 1
Camarões, 1
Filipinas, 1
Nigéria, 1
Estrangeiros, 1
Mirandesa, 1
Economia da UMinho, 1
Faculdade de Economia, 1
Vrije Universiteit Amsterdam, 1
Ferrugem, 1
Abocanhado, 1
Leste, 1
Folclore, 1
Tuna Universitária do Minho, 1
Feira Rural, 1
MELSLE, 1
Faculdade de Filologia da Universidade de Santiago de Compostela, 1
Ciências da Cultura, 1
MESSLE, 1
Publicável, 1
Tubular Bells de M. Oldfield, 1
Tübingen, 1
alumnus, 1
Cairense, 1
bomtom, 1
Ponto, 1
Amarelo, 1
Opum Dei, 1
Wembley, 1
concecionário, 1
vocalizo, 1
Evento, 1
Distrito de Braga, 1
Vereadora da Câmara Municipal de Braga, 1
Serviços Sociais da UM, 1
Câmara de Braga, 1
Pavilhão Desportivo da UMinho, 1
Pavilhão de Lamaçães, 1
pico alto das acreditações, 1
Complexo Desportivo da Universidade do Minho, 1
3-Melhorar, 1
Estádio Olímpico de Gwangju, 1
linha do Madeira, 1
Apoio Mínimo, 1
Fitness, 1
Ação Social, 1
Museu de Arqueologia D. Diogo de Sousa, 1
UAUM, 1
Arqueologia pela UM, 1
Arqueologia da UM, 1
ABC/UMINHO, 1
azurém, 1
Pinheiro, 1
Presidente da Câmara Municipal de Guimarães, 1
Tribunal Constitucional, 1
Centro Histórico, 1
Parque da Cidade, 1
Pevidém, 1
Património Cultural da Humanidade, 1
Câmara de Guimaraes, 1
Ciência e Tecnologia, 1
Ciências Farmacêuticas, 1
Romano, 1
Bracara Augusta, 1
Gigantones, 1
Zés, 1
Pereiras, 1
Ajuda, 1
Tunísia, 1
Reconfortamos, 1
B.A., 1
Húngara, 1
Mozelos, 1
Santa Maria da Feira, 1
Juiz Jubilado do Supremo Tribunal de Justiça, 1
Ministro da República, 1
Região Autónoma dos Açores, 1
Juiz Conselheiro do Supremo Tribunal de Justiça, 1
FAUP, 1
Faculdade de Arquitetura da Universidade do Porto, 1
Faculdade de Ciências e Tecnologia da Universidade de Coimbra, 1
região Norte, 1
Egito, 1
Estudos Europeus, 1
Sciences Po, 1
RI da, 1
Centro de Investigação em Ciência Política, 1
CICP, 1
Faculdades de Medicina, 1
Roque Teixeira, 1
Peso da Régua, 1
Pão Quente Nobreza, 1
Secretário de Estado da Ciência, 1
Governo Constitucional, 1
Gabinete Ministerial, 1
BEM GERAL TEM, 1
Nice, 1
Estudaste, 1
Manténs, 1
Universidade de Futuro, 1
arquipélago da insónia, 1
Hospital de J. João, 1
ECS-UMinho, 1
Solsbury Hill, 1
Costa Oeste, 1
Remada do Mar, 1
Matosinhos, 1
Boa, 1
Competelhe, 1
NIPE de Muito Bom, 1
UMinho-Exec, 1
Escolas do País, 1
Observatório de Acompanhamento, 1
•Ensino, 1
Universidade de Zagreb, 1
Zagreb, 1
S. Paio, 1
Conselheiro Nacional do Desporto, 1
Berço, 1
Centro Histórico de Guimarães, 1
Desportivo de Guimarães, 1
Cidade Desportiva, 1
Multiusos, 1
Complexo de Piscinas, 1
Pista de Atletismo, 1
Executivo Municipal, 1
Vereador, 1
Setúbal, 1
Polícia Municipal, 1
Vila de Ronfe, 1
Autoridade Municipal de Transportes, 1
Centro Municipal de BTT, 1
Centro de Formação Pós- Graduada, 1
10 de Setembro, 1
Complexo Pedagógico II, 1
C2.323, 1
Automação, 1
Controlo, 1
CNRS, 1
Marselha França, 1
RWTH Aachen, 1
University of Milano, 1
University of Groningen, 1
Center, 1
Baltimore, 1
Dissertação, 1
Centro Hospitalar do Porto, 1
Casa de Saúde de Guimarães, 1
IBERDATA, 1
Instituto Português do Sangue, 1
DEI, 1
Ouvi-los, 1
Propagação, 1
Antenas, 1
Programar, 1
Europa de Leste, 1
Planeamos, 1
UMinho, 1
Gabinete de Apoio, 1
Gabinete de Desenvolvimento, 1
Inibiu, 1
UMinho do Orçamento do Estado, 1
Universidade do futuro, 1
Biotério, 1
Centro de Formação Pósgraduada, 1
Serviços da Administração, 1
Biomateriais Cidade de Guimarães, 1
Universidade autónoma, 1
Gerês Tónico, 1
Bico, 1
XXVII, 1
Clermont-Ferrand, 1
Antuérpia, 1
Sameiro Araújo, 1
Piscina da Ponte, 1
Piscina da Rodovia, 1
Conselho Municipal da Juventude, 1
Pequenos Grandes Políticos, 1
CMJ, 1
Alameda da Saúde, 1
Concelho de Braga, 1
Vacinação Infantil, 1
Paulo Flores, 1
Rossas, 1
Vieira do Minho, 1
Universidade de Wichita, 1
Instituto Federal de Tecnologia de Zurique, 1
Universidade do Arizona, 1
Biomecânica da UMinho, 1
Presidente da Sociedade Portuguesa de Biomecânica?, 1
Biomecânica, 1
Biomecância, 1
Congresso Nacional de Biomecânica, 1
Eloy Rodrigues, 1
Diretor dos Serviços de Documentação da Universidade do Minho, 1
Biblioteca de Direito, 1
Biblioteca Prof, 1
Pinto Machado, 1
Biblioteca Nuno Portas, 1
América do Norte, 1
COAR, 1
Veneza, 1
Biblioteca do campus de, 1
Maldivas, 1
Camboja, 1
Vietnam, 1
S. Tomé, 1
Bairro do Gaia, 1
Arbitragem, 1
Bater, 1
deveuse, 1
long long, 1
Leningrado, 1
São Petersburgo, 1
chegouse, 1
filipes, 1
Piropos, 1
gajas, 1
Rua de Souto, 1
TITULO INDIVIDUAL, 1
Bragalimpa, 1
Bieolorússia, 1
Amizade, 1
Círculo de Arte e Recreio, 1
Opum DEI, 1
Centro de Artes e Espetáculos de Guimarães, 1
São Mamede, 1
Rua da Veiga, 1
Diretor de Serviços, 1
proxima Administração, 1
Universidade do Ranking da EUSA, 1
Fundo, 1
Área do Desporto, 1
Engª Produção, 1
Universidades Inglesas, 1
Direção da Exploração dos Transportes Urbanos de Braga, 1
Estrasburgo, 1
Vice- Presidente do Departamento Recreativo, 1
Encabeçaste, 1
RABEEES, 1
Adoro Portugal, 1
São João da Madeira, 1
Planeamento e Desenvolvimento Regional, 1
Planeamento de Transportes pelo Imperial, 1
Universidade de Trás-os-Montes e Alto Douro, 1
Suponho, 1
São gerais, 1
Diretor do Curso de Filosofia: Licenciatura, 1
Filosofia, 1
Instituto Português do Desporto e Juventude, 1
Porto Canal, 1
Câmara Municipal de Aveiro, 1
Estádio Universitário de Coimbra, 1
Instituto de Educação da Universidade do Minho, 1
Reitor da Universidade, 1
Presidente do Conselho de Ética, 1
Co-Presidente da Comissão “, 1
Managing Director da Pathena, 1
Exportações, 1
Espaço de Pedra e Letra, 1
Portela, 1
Chegaste, 1
Federação Académica do Porto, 1
Associações Juvenis, 1
Feira do Sarrabulho, 1
Ministro do Ensino Superior, 1
Lista, 1
Tomaste, 1
Desenvolvimento de Carreiras, 1
Presidente da Câmara Municipal de Braga, 1
RGA, 1
Presidente da AAUMinho, 1
Escola D. Luís de Castro, 1
Edifício Militar da Rua Bernardo Sequeira, 1
Escola de Santa Luzia, 1
Convento de Santa Rosa de Lima, 1
Nápoles, 1
Matera, 1
Potenza, 1
Universidade de Évora, 1
Galeria, 1
Observatório de Políticas Públicas, 1
Confiança, 1
Quinta dos Peões, 1
Juiz Conselheiro Jubilado do Supremo Tribunal de Justiça, 1
Juiz Conselheiro, 1
Pólo de Investigação em Engenharia de Polímeros, 1
Condução Autónoma, 1
Centi, 1
Pró- Reitor, 1
Term Hub, 1
Pavilhão 6 do Campus de Azurém, 1
Centros do Yoga, 1
Concelho, 1
Cidades Europeias do Desporto, 1
Imperial College, 1
Bioquímica, 1
NEBQUM, 1
Pavilhão Municipal de Lamaçães, 1
Transportes Urbanos de Braga, 1
Geórgia, 1
Protelámos, 1
CP1, 1
Complexo Residencial de Azurém, 1
Secretário de Estado Adjunto, 1
COP22, 1
Marraquexe, 1
Primeiro Ministro, 1
Instituto de Investigação de Vida e Saúde, 1
Centro IDEA-UMinho, 1
Observatório de Percursos Académicos, 1
UPA-Universidade de Portas Abertas, 1
Centro IDEA UMinho, 1
Referiria, 1
Federação Nacional de Desporto, 1
Fundão, 1
Beira Interior, 1
Governo de Portugal, 1
Procurarei, 1
Comunidade Cerimónia, 1
Tissues Engineering and Regenerative Medicine, 1
Research Hub, 1
Instituto Cidade de Guimarães, 1
UMinho da Medalha de Honra ao, 1
Ministro da Educação, 1
Federação Académica do Desporto Universitário do Prémio Prestígio, 1
Governo Português, 1
Normalidade, 1
Sta Luzia, 1
Universo da, 1
dia-a-“A Universidade do Minho, 1
Núcleos, 1
Arquitetos, 1
Presidente da Direção da Associação Académica da Universidade do Minho, 1
Professora Catedrática do Instituto de Educação, 1
vicereitoria, 1
RAUM, 1
Bysteel, 1
Colégio Doutoral da UMinho, 1
Colégio, 1
Noroeste, 1
Ciência, 1
Sé de Braga, 1
Coronavírus, 1
Arraial, 1
Excelência, 1
FAS da UMinho, 1
Natureza, 1
Centro de Computação Avançada do Minho, 1
MACC, 1
TERM Research Hub, 1
Têm-no, 1
Vivenda Sameiro, 1
Universidade do Minho Projeto, 1
Fundação Projeto, 1
Braguesa, 1
Tunas Femininas, 1
Récita 1º Dezembro, 1
Helena Ferreirinha, 1
DRH-SASUM, 1
Trás-os-, 1
Montes, 1
Provedor Institucional da Universidade do Minho, 1
Órgão de Governo da UMinho, 1
Superior Hierárquico, 1
Técnica Superior, 1
Tunas da, 1
Salsichão, 1
REOGUM, 1
Vim, 1
Maioritariamente, 1
Liberdade, 1
Centro de Estudos Lusíadas, 1
Fundação Cupertino de Miranda, 1
Srª Presidente do, 1
Biscainhos, 1
Centro Cultural Vila Flor, 1
Boémia, 1
Porto Rico, 1
Peru, 1
Chile, 1
tunos, 1
Grândola Vila Morena, 1
Organizam, 1
Festival Internacional de Tunas Universitárias, 1
Sul, 1
Múrcia, 1
Olhando para trás, 1
Bebedeiras, 1
Serenatas, 1
Bolsas, 1
Engenheiro Carlos Silva, 1
Reitor da Universidade do Minho queixouse, 1
Setores, 1
Ingressei, 1
Unhais da Serra, 1
GD Mata, 1
Colégio Nossa Senhora da Bonança, 1
Instituições do Ensino Superior, 1
Ministério da Ciência Tecnologia e do Ensino Superior, 1
Engenharias, 1
Miss Portugal, 1
Mercadinho de Natal, 1
Avintes, 1
Praia do Malhão, 1
Costa Vicentina, 1
Vice-Reitora da UMinho, 1
Plenário, 1
Reitoria da UMinho, 1
Terra- Homem, 1
BR, 1
Carvoeiro, 1
Orgaos-da-Universidade, 1
COVID19, 1
Castelões, 1
AUGUSTUNA, 1
Liceus Nacionais, 1
Novais, 1
IPVC, 1
Fizemo-lo, 1
Ciência de Dados, 1
Escola Santa Luzia, 1
Primeiro- Ministro, 1
Reprografia da Universidade, 1
Olho-o, 1
Jornalismo Judiciário, 1
Universidade Lusófona de Lisboa, 1
Ministério Público do Tribunal Constitucional, 1
Magistrada, 1
Ministério Público, 1
Procuradora Geral Adjunta, 1
Ministério Público de São Tomé e Príncipe, 1
Procuradora Geral da República, 1
APDMF, 1
CrescerSer, 1
Governo da Universidade, 1
Barómetro, 1
Círculo de Arte e, 1
Recreio, 1
Anel de Rubi, 1
Portugal Continental, 1
cabo pela Tun’Obebes, 1
Ribeira, 1
Vice- Reitora, 1
Professora Joana Aguiar e Silva, 1
São Paulo-Brasil, 1
Lenço dos Namorados, 1
Capotilha, 1
Sol de Inverno, 1
Conservatório Gulbenkian, 1
Grande Auditório, 1
Altice Forum Braga, 1
VI Tunão, 1
Arraial & Rally Tas’ca Piela, 1
Filedoc, 1
Intranet UMinho, 1
Secretária da Administração dos SASUM, 1
Ucrâniana, 1
Jorge Braz, 1
Alto Rendimento Desportivo, 1
Sonim, 1
Trabalho, 1
Koper, 1
Natal dos Serviços, 1
Residência de Santa Tecla, 1
Kaisen, 1
Fico-lhe, 1
Universitários do Minho, 1
Conceição Rodrigues, 1
Amares, 1
Vejo-o, 1
Natural de Anadia, 1
Casa do Estudante-Atleta, 1
Museu do Desporto Universitário Português, 1
Alto Rendimento, 1
Federação Nacional de Desporto Universitário, 1
Andaluzia, 1
Beira, 1
Delegado do, 1
Instituto do Trabalho, 1
Neutralidade, 1
Independência, 1
Voluntariado, 1
Integridade, 1
Voluntários, 1
Migração, 1
Desenvolvimento de Competências Pessoais e Sociais, 1
Delegação de Braga da Cruz Vermelha, 1
Alojamento Temporário, 1
Centro Local de Apoio, 1
Centro Comunitário, 1
Cantina Social, 1
Sta, 1
préruína, 1
Nogueira, 1
CVP-DB, 1
Delegação de Braga da Cruz Vermelha Primeiro, 1
Delegação de Braga da Cruz Vermelha Portuguesa?, 1
Óscar Melo, 1
Lamego, 1
Salto, 1
Andar de mota, 1
São Leonardo de Galafura, 1
Recinto das Monumentais Festas do Enterro da Gata, 1
AAUMinho Presente, 1
RECURSO, 1
Associações Académicas, 1
Associações, 1
Marco Monteiro, 1
Mentorias, 1
edifício da Fábrica Confiança, 1
Continental, 1
Convento de São Francisco, 1
Concelhos, 1
Assumimos, 1
Fábrica do Arquinho, 1
Desporto e Cultura, 1
Santa Marta de Penaguião, 1
alegre, 1
Bar do Teatro Jordão, 1
Instituto Gulbenkian de Ciência, 1
Vice-reitora, 1
Gratidão, 1
Órgão, 1
Professora Cecília Leão, 1
Conselho Geral da UMinho, 1
Contactos, 1
Medalha de Mérito Científico, 1
GFSUM), 1
Canção Coimbrã, 1
Colégio de São Caetano, 1
Maximinos, 1
Costumávamos, 1
Coimbrã, 1
Las Vegas, 1
Despacho RT 31/2022, 1
Universidade Nova, 1
São Martinho, 1
Queimas das Fitas, 1
ex-Checoslováquia, 1
Hamburgo, 1
Praga, 1
Pavilhão de Portugal, 1
Farol de Montedor, 1
Festança, 1
Ancede, 1
Baião, 1
Tregosa, 1
Do Bira ao Samba, 1
Castro Galaico, 1
São João de Braga, 1
Fátima Gomes, 1
Gondizalves, 1
Unidades da UMinho, 1
Menor, 1
Sina-Grupo de Fados da AAUMinho, 1
Presidente da Federação de Yôga da Índia, 1
Consulado da Índia, 1
Swásthya, 1
Certificado, 1
Federal, 1
Estadual, 1
Uni-Yôga, 1
exame da, 1
Unidade Braga, 1
Largo da Senhora-a-Branca, 1
Universidade do Minho Pavilhão, 1
Comendador, 1
Notório Saber, 1
Fundador do Conselho Federal de Yôga, 1
Novo Administrador, 1
deEscolas, 1
Universitária de Coimbra, 1
VLExactamente, 1
Ciências de Comunicação da UM, 1
Póvoa do Varzim, 1
Politécnico de Viana do Castelo, 1
ISAVE, 1
IPCA, 1
Bárbara de Braga, 1
Ciências do Desporto e Educação Física, 1
Viseu, 1
Africanos, 1
Africano, 1
Bénim, 1
Terapia, 1
Universidade Autónoma de Lisboa, 1
Universidade Autónoma, 1
Universidade de Barcelona, 1
Viana, 1
Festivais de Vilar de Mouros, 1
10 de Fevereiro, 1
gatodromo, 1
Marante, 1
Grande, 1
Falperra, 1
Quarta-feira, 1
Estado da Gata, 1
Santoinho, 1
Chico  “Boitezuleiza, 1
Sudoeste, 1
Vodka, 1
L.B., 1
L.B.–O, 1
Plaza, 1
Baixo, 1
Fukuoka, 1
Turcos, 1
Presidente da Câmara de Izmir, 1
Marcel Fischer(Esgrima, 1
Ginástica Rítmica, 1
Pres, 1
Secretaria de Estado do Desporto, 1
Mongólia, 1
Vietname, 1
Bolívia, 1
Sudeste Asiático, 1
Aúnica, 1
Fugas, 1
Andando, 1
Emocionalmente, 1
Engenheiro José Fernandes, 1
Congrega, 1
Ensino Superior Público, 1
Socialização, 1
Qualidade das Quantidades, 1
Universidade de destino, 1
Guia, 1
Freis, 1
Comissões, 1
Equador, 1
Hipócrisia, 1
Conselho Fiscal, 1
oanizar, 1
Feira de Biotecnologia, 1
Departamento de Biológica, 1
Exactamente, 1
Marcamos, 1
Rigor, 1
Pudemos, 1
Site www.maisacademia.com, 1
Campus de Galtar, 1
Inventá-lo, 1
Escolas da Universidade, 1
Gradualmente, 1
Política, 1
Biblioteca Interactiva, 1
Centros Tecnológicos da Galiza, 1
Centros Tecnológicos do Norte de Portugal, 1
Pólo de Software do Minho, 1
Universidade-Regional, 1
Universidade do A Universidade do Minho, 1
Residências da Universidade do Minho, 1
Campus da Universidade, 1
EDITEMinho, 1
Centro Tecnológico do Calçado, 1
CENTIMFE, 1
Instituto Nacional de Engenharia e Tecnologia Industrial, 1
Cluster, 1
Cluster da Construção Civil, 1
CENESTAP, 1
Centros Tecnológicos, 1
Propriedade Industrial, 1
GAPI, 1
Delimitamos, 1
Instituto Ibérico de Investigação e Desenvolvimento, 1
Gran Teatre del Liceu de Barcelona, 1
Vigo Cup, 1
Universidade Do Minho, 1
Escola Francisco Sanches, 1
maia, 1
Sensoriais, 1
edifício de Arquitectura, 1
Praça da Escolas, 1
Campus Virtual, 1
Documentação, 1
Carla Machado, 1
faculdade de Direito, 1
Aparecerem, 1
G.R- É falso, 1
G.R-, 1
G.R- Estamos, 1
Queremos, 1
G.R- Da, 1
História, 1
Faculdade  de Letras da Universidade do Porto, 1
Biblioteca Geral da Universidade, 1
Instituto Nacional de Estatística, 1
Decidimos, 1
B-on, 1
Valença do Minho, 1
Reims, 1
Morselle, 1
Le Touquet, 1
Compiegne, 1
Sezim, 1
Quartel de Braga, 1
quartel de Braga, 1
Francisco de Holanda, 1
Federação Nacional de Estudantes de Direito, 1
FNED, 1
Derectum, 1
IPJ de Braga, 1
Assembleia Geral da FNED, 1
Cidade Berço Festival Internacional de Tunas, 1
IV Cidade Berço, 1
Sala da Afonsina, 1
Edifício AAUM, 1
1º Dezembro, 1
Restauração da Independência Portuguesa, 1
Liceu de Braga, 1
Numero Único, 1
Universidades do Pais, 1
ST, 1
f)promover, 1
Despacho RT-55/2003, 1
Gabinete das Instalações Definitivas, 1
Nova Sede, 1
Sede do CeSIUM, 1
Residência Universitária, 1
Matraquilhos, 1
P.E.S., 1
Bowling, 1
Mailing-List, 1
Cazaquistão, 1
ELSA House, 1
Internacional da Figueira da Foz, 1
Portucalense, 1
Santa Cruz do Bispo, 1
casinodaelsa.blogspot.com, 1
Direito Administrativo, 1
RNAJ, 1
Azeitice, 1
Tuno, 1
Salão Europeu do Estudante, 1
Festa Anual do Instituto das Universidades Europeias, 1
Rep. Checa, 1
Caroço, 1
Caloiro da Azeituna, 1
Coliseus de Lisboa, 1
Teatro Camões, 1
CCB, 1
Casa da Música, 1
ria de Aveiro, 1
Pretendemos, 1
Casa da Azeituna, 1
Kartódromo de Baltar, 1
FOCA- Clube de Natação de Felgueiras, 1
Fluvial ˜Bicampeã Nacional de Juvenis Femininos, 1
Mielfield, 1
˜Presença, 1
Fluvial, 1
Coordenação, 1
SA.S.U.M., 1
Residência de S.Tecla, 1
Psicologia do Desporto, 1
Sónia, 1
Férias, 1
Haja Saúde, 1
Hospital de São Marcos em, 1
Almedina, 1
Pirâmide, 1
TUM Teatro Universitário de Braga, 1
Teatro da Universidade do Minho, 1
Teatro Independente Pronto, 1
Teatro dos Estudantes da Universidade do Minho, 1
Vendilhões do Templo, 1
Besançon, 1
Woyzec, 1
Rua do Castelo, 1
Complexo Pedagógico do Castelo, 1
Sala, 1
Tel./Fax, 1
Auditório de Bolso, 1
TUM Rua do Farto, 1
Sé, 1
Braga Cidade Digital, 1
Vale do Ave Região Digital, 1
Câmara Municipal de Vila Verde, 1
Associações de Desenvolvimento Regional, 1
Braga Digital, 1
Vale do Minho Digital, 1
Vale do Minho, 1
Vale do Lima, 1
vale do Ave, 1
Roboparty, 1
Ponte do Lima, 1
Colégio Luso Internacional do Centro, 1
RALM, 1
Escola Francisco de Holanda, 1
Escola Profissional de Felgueiras, 1
Electrónica Industrial da UMinho, 1
Desporto e Cultura?, 1
RoboParty, 1
Centro de Estudos de Administração Publica, 1
Redacção, 1
APTA, 1
departamento Pedagógico, 1
departamento Informativo e Informático, 1
Relações Públicas, 1
CEAP, 1
Mirandela, 1
Federação Nacional de Alunos de Administração Pública, 1
Lugares Estranhos, 1
Região Minhota, 1
Vila Real, 1
Ilha da Madeira, 1
Ourense, 1
Valladolid, 1
S. Paulo, 1
Paraty, 1
Ilha Grande, 1
Praça da Alegria, 1
Sé Catedral, 1
Salão Medieval do Largo de Paço, 1
Gravação, 1
Inserida, 1
Maestro Fernando C. Lapa, 1
Setembro de 2004, 1
Bom Jesus, 1
Junho, 1
Instalaremos, 1
Presidente da Fundação Carlos Lloyd Braga, 1
Ingleses, 1
Com]Textos, 1
Fabrica de Aromáticos da Petrogal, 1
Haldor-Topsøe, 1
Universidade Federal de Minas Gerais, 1
Universidade de Poitiers, 1
XIII FUMP Festival Universitário de Música Popular, 1
FITU Bracara Avgvsta Festival Internacional de Tunas Universitárias, 1
Liverpool, 1
Europeia da Cultura 2008, 1
Workshops, 1
Zé's Pereira's, 1
Universidade têm-me, 1
18 de Agosto, 1
Taewkondo, 1
FISU, 1
Restaurante, 1
Ginásio, 1
Monólito, 1
Estação da C.P., 1
Bar de Alunos, 1
Remodelação das Residências, 1
Remodelação, 1
Blocos, 1
península Ibérica, 1
Universidade de Navarra, 1
Gabinete de Qualidade, 1
Residências Universitárias de Santa Tecla, 1
Campi e Cidades de Guimarães, 1
Remodelação da Residência Universitária Loyd Braga, 1
Braga|, 1
Remodelação das Residências de Santa Tecla -, 1
Dra, 1
AP Penso, 1
Universidade de Trás-osMontes, 1
Alto Douro, 1
Instituto Politécnico do Porto, 1
zona Sul, 1
Instituto Politécnico de Leiria, 1
IPLeiria, 1
do Sul, 1
Passadiço de Azurém, 1
*UMd-, 1
Universidade o Passadiço, 1
Campus desanuviando, 1
Less, 1
Aço Corten, 1
I.S- Penso, 1
Ginásio Konceito, 1
Konceito, 1
Reduzo, 1
Interesse Público, 1
Invariavelmente, 1
Sub-19, 1
Devo-lhes, 1
Marrocos, 1
Iria, 1
Centro de Formação Desportiva do Escola de Lamaçães, 1
Cadete, 1
Andamos, 1
Centro de I nov aç ã o em, 1
Polímeros, 1
Parque de Ciência e Tecnologia das Taipas, 1
Ensino Superior de Moçambique, 1
Mestrados desta Universidade, 1
Escolas da UM, 1
Intervenções, 1
TV Cabo, 1
Bar de Eng, 1
CP1 CP2, 1
G1, 1
Desportivo, 1
Vice-reitor da Universidade do Minho, 1
Comenius”, 1
SAMHC, 1
Edifícios Históricos, 1
África-Caraíbas, 1
Pacífico, 1
Universidade de Campinas de Santa Catarina, 1
Minas Gerais, 1
Pernambuco, 1
Brasília, 1
Liège, 1
Stuttgart, 1
Trento, 1
Leiden, 1
Sorbonne, 1
Universidade Católica de Louvain, 1
Universidade de Carnegie-Mellon, 1
Universidade de Austin, 1
Texas, 1
Universidade de Harvard, 1
Berkeley, 1
Minnesota, 1
Universidade de North Carolina, 1
Universidade de Columbia, 1
Universidade de Washington, 1
Oceânia, 1
Universidade de Zhejiang da China, 1
Extremo Oriente, 1
Universidades chinesas, 1
Universidade de Tóquio, 1
forçosoé, 1
Interessa, 1
Shanghai Jiao Tong, 1
tug u ê s inquirido, 1
Vêm, 1
Aproveitem, 1
Departamento Pedagógico da AAUM, 1
Encaixa-te, 1
Mostra-te, 1
Aproveito, 1
RT15/2008, 1
Universidades do Norte de Portugal, 1
Galegas, 1
cidade da Corunha, 1
Universidade de Santiago de Compostela, 1
Universidade de Vigo, 1
Universidade organizadora dos Galaico, 1
Jucata, 1
Ténis de Mesa, 1
Universidades do Minho, 1
Corunha, 1
Fão, 1
Experimentei, 1
muralha da China, 1
Praça Tiananmen, 1
Estudar, 1
GAQE, 1
Pró-reitora Irene Montenegro, 1
Portal, 1
Wi-Fi da Uminho, 1
Catalunha, 1
Universidade Autónoma de Barcelona, 1
CCRFermentões, 1
Fermentões, 1
Sérvia, 1
Reabertura Oficial da Residência Universitária de Sta Tecla, 1
Inauguração do Pavilhão Desportivo 2, 1
Centro Médico da UMinho, 1
Novo Pavilhão Desportivo, 1
Medição, 1
Aumento, 1
pa r tes i nter, 1
Clientes, 1
Balanced Scorecard, 1
Visão, 1
Formação, 1
pionei ro, 1
Bom, 1
Ciências Naturais, 1
Centros com, 1
Faculdades, 1
Centros das Ciências Sociais, 1
Fundação Lloyd Braga, 1
Universidade de Investigação, 1
Associação dos Municípios do Vale do Ave, 1
Fundação Carlos Lloyd Braga, 1
Centro Novas Oportunidades, 1
Centro Novas Oportunidades da TecMinho, 1
M.N.:O CNO, 1
Inspector Nacional do Desporto Universitário, 1
Dortmund, 1
Ministro da Defesa Nacional, 1
Venda de Galizes, 1
Oliveira do Hospital, 1
UIE, 1
Turim, 1
Mo cidade Portuguesa, 1
Inspecção Nacional de Desporto Universitário, 1
Ministério das Comunicações, 1
Inspecção Nacional do Desporto Universitário, 1
Unversidades, 1
Braga da Cruz, 1
Estádio Universitário de Lisboa, 1
Agronomia, 1
Estádio Universitário, 1
Santa Cruz, 1
Centro de Medicina Escolar, 1
Centro de Medicina Desportiva, 1
Desporto Nacional, 1
Cascais, 1
Presidente d, 1
Metropolitano de Lisboa, 1
Presidente da Câmara Municipal de Lisboa, 1
Ministro da Defesa, 1
Ministrério, 1
Franco Nogueira, 1
Delegado Nacional dos Desportos, 1
espírito coimbrão, 1
Congo, 1
Ministro, 1
Ministro deste Governo, 1
Afirmei, 1
Estudos Interculturais Português, 1
Acompanhamento, 1
Embaixada da China, 1
Xue Han Zi, 1
Escolas Secundárias, 1
Maryland, 1
South Florida, 1
Universidade de Bogotá, 1
Colômbia, 1
Estados, 1
Instituto Confúcio da UMinho, 1
V.N. de Famalicão, 1
Ministério da Educação Chinês, 1
Japonês, 1
Museu do Oriente, 1
china, 1
Universidade de Minho, 1
Hospitais da Universidade de Coimbra, 1
http://www.rcaap.pt/, 1
Depósito de Teses, 1
portal B-on, 1
Jurisdicional, 1
ESECG, 1
Representatividade, 1
Avenida Central, 1
São José de São Lázaro, 1
Emirados Árabes Unidos, 1
Syria, 1
Bahrein, 1
Lisboeta, 1
Consideras-te, 1
L.G., 1
Bragaparque, 1
Ouro, 1
Uminho de couch-surfer?, 1
Trabalharei, 1
7 de Dezembro de 2008, 1
Hotel Tivoli Marina, 1
Citius, 1
Altius, 1
Fortius, 1
mato, 1
Ministério de Ciência, 1
Alimentação, 1
Apoio Psicológico e Fisiatria, 1
Cantinas dos SASUM, 1
po, 1
Grill de Gualtar, 1
Feira de Emprego e University Fashion, 1
Instituto de Nanotecnologia, 1
Bar do CP1, 1
Bar do CP2, 1
Bar das Residências de Santa Tecla, 1
Cantina de Santa Tecla, 1
Complexo de A z u r, 1
Ba, 1
Bar Engenharia II, 1
Bar das Residências, 1
Snack-Bar Congregados, 1
Armazéns, 1
Residências de Sta Tecla, 1
Instituto Nacional de Propriedade Industrial, 1
vimtrabalhar, 1
Bar 4, 1
Região do Minho, 1
Bute, 1
Engenharia Biológica da Universidade do Minho, 1
Biológica, 1
MonteAdriano, 1
Universidade de Lasi, 1
ca nd idatu ra, 1
velocidade cruzeiro, 1
pa r tici paç, 1
Casino de Espinho, 1
NEEB, 1
Engenheiro Biológico, 1
Centro da Cidade de Braga, 1
São Domingos, 1
Higiene Pessoal, 1
tuguês, 1
Encaro-o, 1
Unidades Orgânicas e Serviços, 1
José Saavedra, 1
enomenda, 1
Requisição, 1
Feiras, 1
5ª Feiras, 1
Açoriano, 1
Sete Cidades, 1
Luís Rodrigues, 1
Universidade Minho, 1
Prevês, 1
Zés Pereiras, 1
bom porto, 1
Abril, 1
Alimentar Cantina, 1
Médico do Trabalho, 1
Pólo de Guimarães, 1
Póvoa, 1
Rua José Falcão, 1
Universidades Coreanas, 1
Americanas, 1
Alimentar Cantina de Sta Tecla-, 1
Residencial de Santa Tecla, 1
Carlos Vieira, 1
Despor, 1
Percebo, 1
Investigamos, 1
NITERUM, 1
Cartório Notarial de Braga, 1
Secretária, 1
de Direito, 1
Universidade a Cantina, 1
subsector de Propinas, 1
Biblioteca Salgado Zenha, 1
Faculdades do Pais, 1
Escolas da nossa Universidade, 1
Advocacia, 1
Notariado, 1
Ciências Criminais, 1
Mediação Penal, 1
Qua, 1
Reuniões Sectoriais, 1
Brevemente, 1
Churrascão, 1
Bar de Engenharia II, 1
Bar de Engenharia, 1
Investigação e Desenvolvimento, 1
Instituto de Biosustentabilidade e Construção, 1
Paulo Cruz, 1
Engenharia Civil pela Faculdade de Engenharia da Universidade do Porto, 1
Departamento Autónomo de Arquitectura, 1
Po dem, 1
Bar da Escola de Ciências da Saúde, 1
Geologia Ciências do Ambiente, 1
Mica, 1
Curriculum Vitae, 1
Feira de Emprego e Empreendedorismo, 1
Feira do Emprego, 1
Azúrem, 1
Feira do Empreendedorismo, 1
Centro de Ciências e Tecnologia, 1
sta, 1
Feira do Empreendedorismo e da Empregabilidade, 1
Administração Pública da UMinho, 1
área despor ti v a, 1
gest ã, 1
Vice-Reitor da UMinho, 1
autoarquivo, 1
Investigação e Ensino, 1
Biblioteca Geral, 1
Biblioteca, 1
Fórum UMinho, 1
Laboratório, 1
Universidade de Toulouse, 1
Presidente do, 1
Mediação Literária e Cultural, 1
Tradução e Comunicação Mltilingue, 1
Línguas e Culturas Eslavas, 1
Centro de Línguas, 1
Estudos Orientais, 1
Letras, 1
Artes Performativas, 1
Luzia Carmo, 1
Acolhimento, 1
Instituto de Ciências Biomédicas de Abel Salazar, 1
Concentrar, 1
Orquestra da UMinho, 1
Fotografia, 1
Estaleiro Cultural Velha-a-Branca, 1
Feira do Livro, 1
Salão Medieval, 1
feira do lirvo, 1
Outono, 1
Bar das Residências de Azurém, 1
Bar da Residência de Azurém, 1
Cristina Sousa, 1
Gestão Industrial, 1
Funcionando, 1
Pedro Soares, 1
pr, 1
3 de Setembro, 1
Ministério delibere, 1
Governo Civil de Braga, 1
# “Inovação, 1
Aniversário, 1
pa rcer, 1
Universidade Norte- Americana, 1
Fundação Calouste Gulbenkian, 1
Escolas Médicas, 1
Columbia, 1
Instituto de Investigação, 1
Centro Clínico Académico, 1
Hospital de Braga Grupo Escala Braga, 1
Nanomedicina, 1
Clínica, 1
Residências Hospitalares, 1
Centros de Saúde, 1
Presidente da Escola, 1
Universidade de Lourenço Marques, 1
Universidade Inclusiva, 1
SIGA- QUM, 1
Universidade de investigação, 1
GPI, 1
zona Norte, 1
Procuramos, 1
Mesa Redonda, 1
Univ, 1
de Lisboa, 1
Universidade de South Carolina, 1
Orçamento de Estado, 1
Ministério da Ciência Tecnologia e Ensino Superior, 1
Centro de Condição Física da Residência de Santa Tecla, 1
Sala de Desporto dos Congregados, 1
Futsal Braga 2012, 1
Residências do Sector de Alojamento, 1
Estaremos, 1
AP, 1
Assumindo-, 1
Nova, 1
Sameiro, 1
Sítios, 1
Portais da UMinho, 1
Centro Multimedia, 1
Alargamos, 1
Concordaremos, 1
Nasci, 1
SCBraga, 1
Mariana, 1
Abandonei, 1
Biblioteca Pública, 1
Beneficiarão, 1
CECS, 1
Centro de Investigação em Ciências Sociais, 1
Centro de Investigação Transdisciplinar Cultura, 1
Ciências Sociais da Universidade do Minho, 1
RU, 1
XIV Governo Constitucional, 1
Presidente do Conselho Geral da Universidade do Minho, 1
Plenário do Conselho Geral, 1
Fundação Serralves, 1
Presidente do Conselho de Administração, 1
Instituto de Navegabilidade do Douro, 1
Gerir, 1
Daqui, 1
Continuaremos, 1
Festa de Carnaval, 1
Encontro AEESECG, 1
Gabinete Pedagógico, 1
Engenheira Celeste, 1
Capitais Europeias da Juventude, 1
Psicologia do Desenvolvimento, 1
pa ra, 1
Valorizar, 1
Centro de Apoio ao Ensino, 1
Área de Especialização em Tecnologia Educativa, 1
ELE, 1
República das Maldivas, 1
Raquel Machado, 1
Lurdes Rodrigues, 1
Laborar, 1
Hotel Turismo, 1
I&DT da UMinho, 1
Spinoffs, 1
I&D., 1
tec nolog, 1
vang uarda, 1
Restaurante Panorâmico da Universidade do Minho, 1
Restaurante Panorâmico da UMinho, 1
Panorâmico, 1
Hotelaria, 1
Universidade da Corunha, 1
Instituto Politécnico do Cávado, 1
Ave, 1
Universidade pública, 1
Ministérios do Ensino Superior, 1
Hospital, 1
Ministérios, 1
Jurídico, 1
30 de Outubro, 1
Docente do Departamento de Produção e Sistemas da Escola de Engenharia, 1
Institucional, 1
Quintas, 1
Sextas Feiras, 1
Atendimento, 1
Administrativo, 1
Parque dos Veículos dos S, 1
Imobilizado, 1
Complexos Desportivos, 1
Campi e, 1
Cidades de Braga, 1
Algarve, 1
Bar da Associação, 1
Insólito, 1
Maravilhosas, 1
Centro Internacional do Estudo de Desportos, 1
Suiça, 1
Alvalade, 1
Ostrava, 1
DECIDIR, 1
FORMAÇÃO, 1
Laboratório Associado, 1
Instituto de Ciências da Vida, 1
Biblioteca Central, 1
Laboratório Ibérico de Nanotecnologia, 1
Conselho Geral da Fundação Cidade de Guimarães, 1
SASUM Rampa B, 1
Rampa B da, 1
Conseguir, 1
Presidentes, 1
Direções, 1
Presidências, 1
Pintar, 1
Secretário de Estado, 1
Direção da AAUM, 1
Laboratório de Qualidade, 1
Diretor do Departamento de Engenharia Mecânica, 1
IST-Lisboa, 1
Alasca, 1
Hofbräuhaus, 1
Escalar o K2, 1
Formações, 1
Sitar, 1
Carandá, 1
Kazan, 1
Desporto de Alta Competição, 1
Fukuoka’95, 1
Galícia, 1
Lugo, 1
Kayak-Polo, 1
Alpes Franceses, 1
Triatlo, 1
Alfândega da Fé, 1
Canada, 1
Descida do Sella, 1
Ribadesella, 1
DevScope, 1
Euro-região, 1
Ministro da Educação e Ciência, 1
Mestrado InQuais, 1
Know-how, 1
Espetaculo, 1
Cirque du Soleil, 1
Restaurante Portucale, 1
Rijeka, 1
Lagos, 1
Entrevista Miguel Sarmento, 1
Chipre, 1
Universidade nova, 1
Desporto da UM, 1
Assumo, 1
Campus de Gual, 1
Capitais, 1
Empreendedoristica, 1
mo, 1
Capitais Europeias da Cultura, 1
