UMDicas, 614
Escola, 138
Campeonatos Desportivos Universitários, 126
Presidente, 80
Mestrados/Mestrados Integrados, 80
TUTORUM, 79
ARCUM, 63
DDC, 56
Ação Social, 54
Enterro da Gata, 49
Licenciaturas, 48
Taekwondo, 47
AAUMinho, 43
Gata, 41
Erasmus, 39
TecMinho, 34
DA, 33
Educação, 32
RepositóriUM, 32
Psicologia, 31
ELSA, 31
CEUMinho, 30
Medicina, 26
Azeituna, 25
CD, 25
Reitoria, 25
Universíadas, 24
CNUs, 21
FPF, 21
Administração Publica, 21
Jogos Olímpicos, 20
Administração Pública, 20
IE, 20
Fases Finais, 19
NEMUM, 19
Weadapt, 19
Biomecânica, 19
DS, 18
Internet, 18
FISU, 17
Mundial, 17
ISO 9001, 17
Pretendemos, 17
**Filme?, 17
vim, 16
RCAAP, 16
Curso, 16
Física, 16
Yôga, 16
AEDUM, 16
UCs, 15
Natal, 15
Outubro, 15
Festival de Outono, 15
CS, 15
Futsal, 14
SCBraga, 13
Serviços Técnicos, 13
QREN, 13
LEI, 13
Serviço, 13
UM?, 13
IPUM, 13
SDUM, 13
ST, 13
Porquê?, 12
Instituição, 12
AP, 12
Profetas, 12
Biologia, 12
Tun’Obebes, 12
Troféu Reitor, 11
EEG, 11
Orçamento de Estado, 11
B, 11
Continuar, 11
Acção Social, 11
Universíada, 11
SAPIA, 11
Facebook, 10
Economia, 10
Presidência, 10
Provedor do Estudante, 10
C, 10
iPUM, 10
Engenharia Mecânica, 9
Mundial Universitário de Futsal, 9
ISO 22000, 9
Orçamento do Estado, 9
Plano de Ação, 9
Quadriénio, 9
Jogos, 9
Serenatas ao Berço, 9
Afonsina, 9
Serenata ao Fado, 9
DA?, 8
Festival, 8
UC, 8
Vou, 8
Inglês, 8
Sociologia, 8
Instalações Desportivas, 8
Sector de Fiscalização, 8
Web, 8
DB, 8
CC, 8
Isa e Bárbara, 8
Atletismo, 8
ELSA UMinho, 8
Acolhimento, 8
IB-S, 7
RJIES, 7
CELTA, 7
Diário da República, 7
GAE, 7
Mundial Universitário, 7
Ensino Superior, 7
Informática, 7
Processo de Bolonha, 7
Restaurante, 7
OCV, 7
MELSLE, 7
Código de Conduta Ética da UMinho, 7
Ministro, 7
Engenharia de Sistemas e Informática, 6
Xadrez, 6
Mundiais, 6
Regulamento, 6
Ensino Superior?, 6
Engenharia de Polímeros, 6
SOLUTIONS, 6
Repositório Científico de Acesso Aberto de Portugal, 6
Programa Quadro, 6
Matemática, 6
Segurança Alimentar, 6
Pioneiros, 6
Fases Finais dos, 6
Canoagem, 6
MIPsi, 6
Profético, 6
Do Bira ao Samba, 6
SDUM?, 6
POINT, 6
Suplemento ao Diploma, 6
P.C., 6
S.A.S.U.M., 6
Campeão Europeu, 5
Jogos Olímpicos de 2016, 5
Proceder, 5
SASUM?, 5
UMinho?, 5
Regulamento de atribuição de bolsas de estudo, 5
Tuna, 5
Regulamento Orgânico dos SASUM, 5
Muito Bom, 5
LCC, 5
Engenharia Biológica, 5
Segurança Social, 5
facebook, 5
Serviço Social, 5
star ups, 5
Química, 5
FSE, 5
ITD, 5
Educação Física, 5
Mundial Universitário de Andebol, 5
Engenharia de Materiais, 5
Mecânica, 5
Tempo Livre, 5
InvestBraga, 5
Campus Virtual, 5
Junho, 5
Jograis, 5
Testamento, 5
Lei, 5
Provedor Institucional, 5
Bioquímica, 5
Ano do Trabalhador, 5
Swásthya Yôga, 5
Tradições Académicas, 5
Passadiço?, 5
Curriculum Vitae, 5
Sector de Recursos Humanos, 5
JCT, 5
Mundiais Universitários, 4
pré-Bolonha, 4
Engenharia Biomédica, 4
UOEI, 4
NI, 4
Bloco D, 4
Verão, 4
Páscoa, 4
FCCN, 4
Tecminho, 4
1º de Dezembro, 4
Fórum UMinho, 4
Sector de Higiene, 4
Optometria e Ciências da Visão, 4
Unidades Curriculares, 4
OVS, 4
Literatura, 4
Tun’Obebes?, 4
Concurso Nacional de Acesso, 4
Sector de Gestão Técnica e Desportiva, 4
GTD, 4
Manutenção dos SASUM, 4
Materiais na UMinho, 4
Código dos Contratos Públicos, 4
Departamentos dos SASUM, 4
Programa TUTORUM, 4
ARCUM?, 4
Administradores, 4
internet, 4
Curso?, 4
Open Access, 4
CP3, 4
FADU, 4
Recursos Humanos, 4
Inovação, 4
TMUM, 4
CCE-UMinho, 4
Senado Académico, 4
Engenharia II, 4
Serenata, 4
Suplemento, 4
TECMinho, 4
Portal de Pesquisa, 4
RepositoriUM, 4
Vossa existência?, 4
STEP, 4
Conferências, 4
NECLUM, 4
Texto e Fotografia: Nuno Gonçalves, 4
Mundial Universitário de Badminton, 4
ISCISA, 4
AlumniUM, 4
Prémio de Excelência, 4
ESE-UM, 4
SUM, 4
Bar dos Professores, 4
MEIE, 4
Vice-Campeão Europeu Universitário, 3
Ensino de Português, 3
pós-Bolonha, 3
Projeto, 3
Mundial de Futsal, 3
Mundial Universitário de Xadrez, 3
Mundial de Xadrez, 3
Mundial?, 3
Engenharia de Sistemas, 3
Infraestruturas, 3
Senado, 3
Manual de Controlo Interno, 3
BTT, 3
PALOP, 3
Acredito, 3
Regulamento Académico, 3
Administrador da UMinho, 3
Economia da UMinho, 3
Campeã Europeia Universitária de Andebol, 3
Neuroimagem, 3
Encontros de Imagem, 3
História, 3
Success Gadget, 3
Melhor Tuna, 3
Ciências da Comunicação, 3
Blade Runner, 3
OleoTest®, 3
Misto, 3
CMUA, 3
MIEMAT, 3
Sector de Economato, 3
Robots, 3
TUB, 3
Cultura, 3
POC-Educação, 3
Sector de Orçamento, 3
Cursos, 3
Festival Universitário de Música Popular, 3
Universo, 3
Engenharia Têxtil, 3
EEG?, 3
Congresso Nacional de Biomecânica, 3
Horizonte 2020, 3
UModa, 3
Sistemas de Informação, 3
Melhor Academia do País, 3
INSEAD, 3
Jogos Europeus Universitários, 3
Lei do Orçamento de Estado, 3
Mundo, 3
IDEA, 3
Desporto para Todos, 3
Universitário?, 3
Divisão de Recursos Humanos, 3
Tomada de Posse, 3
DA-SASUM, 3
Café Óscar, 3
Afonsina?, 3
Instagram, 3
Direito dos Contratos, 3
Programa de Ação, 3
Investigação, 3
Proféticos, 3
Fado Académico, 3
Fado de Coimbra, 3
GFSUM, 3
Março, 3
Danças Africanas, 3
Universíadas?, 3
Universíadas de Izmir, 3
Setembro, 3
PC, 3
Recepção ao Caloiro, 3
Responsabilidade Social, 3
diaa-dia, 3
Website, 3
Voleibol, 3
Semana da Cultura, 3
Saídas Profissionais, 3
Afonsina Tuna de Engenharia da Universidade do Minho, 3
Senado Universitário, 3
Lloyd de Braga, 3
A, 3
Sector de Alojamento, 3
NEMUM?, 3
WiFi, 3
Blackboard, 3
LANParty, 3
Canta Brasil, 3
Jornadas de Letras, 3
zeólito, 3
Jogos Olímpicos de Pequim, 3
Galaico, 3
Atenas 2004, 3
Portal AlumniUM, 3
NAMGE?, 3
Inspector Nacional do Desporto Universitário, 3
Dia do Estudante, 3
Serviço de Alojamento de Repositórios Institucionais, 3
Norma ISO, 3
Verão na UMinho, 3
Engenharia para o Futuro, 3
Jornadas de Engenharia Biológica, 3
Bar?, 3
K4, 3
Convém, 3
Contrato de Confiança, 3
Presidente de Escola, 3
Financeiro dos SASUM, 3
MD/PhD, 3
Universiadas, 3
Portal, 3
Euro 2004, 3
Circular, 3
Casos de Sucesso, 2
Programa Harvard Medical School Portugal, 2
Jogos Galaico Durienses, 2
Plano de Atividades, 2
Fóruns UMinho, 2
Junho de 2011, 2
XIV CELTA, 2
Vice-Campeão Mundial, 2
Engenharia Mecânica?, 2
Engenharia e Gestão Industrial, 2
Fóruns, 2
Federações, 2
DUC, 2
WC, 2
IVA, 2
Doutoramento em Informática, 2
Mundiais de Futsal, 2
Xadrez?, 2
Engenharia de Sistemas?, 2
AAC, 2
Inov Contacto, 2
Ação Social no Ensino Superior, 2
Administrador?, 2
Quadro de Avaliação e Responsabilização, 2
**, 2
Sabíamos, 2
Universitários, 2
Revisor Oficial de Contas, 2
Lei 8/2012, 2
Economato, 2
Obedecem, 2
Skype, 2
Novo Ano, 2
Guimarães 2013, 2
DEP, 2
DigitArq, 2
Arquivos Nacionais, 2
Arquivos Distritais, 2
projeto RCAAP, 2
Sarau Cultural, 2
Brevemente, 2
Setor Economato, 2
Biologia e Geologia, 2
Plano Estratégico da UMinho, 2
Diretor de Curso, 2
Ensino de Matemática, 2
Engenharia de Produção, 2
Resolução do Conselho de Ministros, 2
Radio Frequency, 2
IDenification applications, 2
Regulamento Orgânico dos Serviços de Ação Social da Universidade do Minho, 2
A Tua Família, 2
Processo, 2
Abril de 2004, 2
Governos, 2
Conceder auxílios de emergência, 2
Rest./Grill’s/Snack/Bares, 2
Optometria Avançada, 2
Open Village, 2
Hora  |, 2
O Provedor do Estudante, 2
Provedor do Estudante?, 2
Regulamento Interno, 2
Medieval, 2
Campeão Europeu Universitário, 2
Mundial de Andebol Universitário, 2
Hóquei Patins, 2
Engenharia Biomédica?, 2
Educação de Adultos, 2
Workshops, 2
Revista FORUM, 2
Ciência e Sistemas de Informação Geográfica, 2
A Geografia e o Direito, 2
GPS, 2
Plataforma, 2
Equipamentos Informáticos, 2
Gestão da Manutenção, 2
Bolsas de Estudo, 2
Manager, 2
Português, 2
Direitos Humanos, 2
Mundial Universitário de Andebol 2014, 2
Spin-off, 2
Nano, 2
Tunalmente Molhado, 2
X FATFUBI, 2
Prémio Azul, 2
Prémio de Mérito Desportivo, 2
Ensino Secundário, 2
Conseguir, 2
O Planeta Limpo, 2
Betweien, 2
ATD, 2
Liderança, 2
Sector da Gestão Técnica e Desportiva?, 2
Verifico, 2
ICVS/3B’s, 2
Tento, 2
Euros, 2
OleoTest, 2
Residência G3, 2
Ano, 2
Ouro, 2
Relembro, 2
Polímeros, 2
CT2M, 2
Engenheiros, 2
Mestres, 2
Digital Signage, 2
Métodos de Investigação em Psicologia, 2
Presidência da Escola, 2
Prémio de Excelência no Trabalho 2013, 2
PDM, 2
Gala do Desporto, 2
Planos Estratégicos, 2
Conta dos SASUM, 2
Licenciada em Gestão e Planeamento em Turismo, 2
jogos olímpicos, 2
Andebol da UMinho?, 2
Estágio, 2
Declaração de Bolonha, 2
Espanhol Língua, 2
Curso de Formação Especializada, 2
Torneio, 2
Cooperativa Oficina, 2
Biologia Aplicada, 2
Hino Nacional, 2
Gestão?, 2
Guitarra e Flauta, 2
Jogos Olímpicos de 2012, 2
Pentatlo Moderno, 2
ECS-UMinho, 2
EEGenerating Skills, 2
Interação com a Sociedade, 2
Criámos, 2
by the book, 2
Gestão do Desporto, 2
Engenheiros Biomédicos, 2
Junho de 2008, 2
Tuna de Derecho de Oviedo, 2
Eferreá, 2
ENTREVISTA, 2
Psicologia do Desporto, 2
Biomecânica Portuguesa, 2
Mundo?, 2
3D, 2
OpenAIRE, 2
FOSTER Plus, 2
Bios, 2
Competições, 2
Mundial Universitário de 1992, 2
Futsal da UEFA, 2
UEFA Futsal Cup para UEFA Futsal Champions League, 2
IRC, 2
TSI, 2
AvePark, 2
Regulamento de Atribuição de Bolsas de Estudo, 2
CG?, 2
Estatuto de Estudante Atleta, 2
Secretário de Estado da Juventude, 2
Aumentámos, 2
HMIExcel, 2
Licenciatura em Bioquímica?, 2
ISO 14001, 2
fair play, 2
Lei do Orçamento do Estado, 2
Emergência Climática, 2
Centro IDEA, 2
Desporto para Todos’, 2
Estatuto Estudante-Atleta, 2
Receção ao Caloiro, 2
Opção UMinho, 2
Rock, 2
Plano de Recuperação e Resiliência, 2
Tunas Femininas da Universidade do Minho, 2
Jantar do Caloiro, 2
Zoom, 2
Prémio Victor de Sá de História Contemporânea, 2
Prémio, 2
Património no DCF, 2
1º Ciclo, 2
bloco B, 2
Presidente do CEUMinho, 2
Ética e Ambiente, 2
Secretariado do CEUMinho, 2
Os Melhores, 2
Festival de Tunas, 2
Estatutos da UMinho, 2
Bíblia, 2
MinhoMD, 2
K, 2
tratado de Bolonha, 2
Titanic, 2
Jogos Universitários de Portugal, 2
Creche, 2
Serviço de Informações de Segurança, 2
Jagermeister, 2
Ouves, 2
Qual, 2
Decreto-Lei, 2
A UMinho, 2
Comissão Instaladora, 2
Administradora dos SASUM, 2
Federação de Yôga, 2
Curso de Comunicação Social, 2
Ensino e Educação, 2
Isa e Bárbara “, 2
The Gift, 2
Universitário, 2
20 de Julho de 2004, 2
Serviço de Apoio Informático à Aprendizagem, 2
mês de Setembro, 2
Windows, 2
ALFA, 2
Catálogo de Cursos, 2
III Congresso Nacional de Tradições Académicas, 2
Cardeais, 2
Recepção, 2
Engenharia Biológica?, 2
Feira?, 2
Futebol 11, 2
Campeão Nacional, 2
I Torneio de Apuramento, 2
Comecei, 2
AEDUM?, 2
Torneio de Futsal, 2
Gala AEDUM, 2
Semana Cultural, 2
Março de 1994, 2
Afonsina Tuna de Engenharia, 2
E-mail, 2
Restauração, 2
Heróis de 1640, 2
1 de Dezembro, 2
Terças-feiras Académicas, 2
Tradições, 2
CeSIUM, 2
**A Vida, 2
muro de Berlim, 2
Risos, 2
XIII CELTA, 2
Regulamentos das Residências Universitárias, 2
Exercício, 2
Serviço de Consulta Psicológica e Desenvolvimento Humano, 2
Serviço de Consulta, 2
BlackBoard, 2
Cidades e Regiões Digitais, 2
VOIP, 2
SCOM, 2
lTodos, 2
Robô, 2
X Semana de Administração Pública, 2
Encontro Nacional de Alunos de Administração Pública, 2
Vozes Sobre a Cidade, 2
CP1, 2
Residência Loyd Braga, 2
Letras da Universidade do Minho, 2
Universíada?, 2
Liga Universitária de Futsal, 2
Final Four, 2
LUF?, 2
Consegui, 2
Enfermagem, 2
Jogos da Lusofonia, 2
Lei 62/2007, 2
MCTES, 2
Adenda, 2
Protocolo, 2
PALOPs, 2
Cultural, 2
Ranking?, 2
Repositorium, 2
Websites, 2
Depa, 2
Campeão do Mundo de Juniores, 2
Jogos Olímpicos de Pequim?, 2
Pequim 2008, 2
Abril de 2008, 2
Directores de Cursos, 2
Balanced Scorecard, 2
Colaboradores do GSI, 2
Colaboradores, 2
Reconhecimento Validação e Certificação de Competências, 2
Blog, 2
Jogos Internacionais Universitarios da FISU, 2
Memória, 2
Seminários, 2
projecto RCAAP, 2
Ciclo de tertúlias, 2
i, 2
Bar 4?, 2
Gripe, 2
Ser viço de Comunicações, 2
Bar 5?, 2
Doutoramento Honóris, 2
Engenharia Química, 2
Doutoramento Honóris Causa, 2
Jornadas, 2
Prémio NEEB Jovem, 2
Aprovisionamento dos SASUM, 2
Departamentos/ Sectores, 2
O Responsável de cada Unidade, 2
Transferência de Armazém, 2
Expedição Produto, 2
K1, 2
Jornalismo, 2
Porque?, 2
Provedor do Estudante da Universidade do Minho, 2
Tecnologias de Energias Renováveis, 2
Sector de Informática dos SASUM, 2
Pedagógica, 2
Sector de Alojamento dos SASUM, 2
C2, 2
Torneios do Reitor, 2
Saídas Profissionais e Empreendedorismo, 2
Job Party, 2
Kit, 2
Sector da Tesouraria, 2
Atleta do Ano, 2
Plano da Qualidade, 2
Certificações de Qualidade, 2
SGSA, 2
Ciência Politica, 2
Presidente da Escola?, 2
Sector de Segurança, 2
Jornadas de Enfermagem, 2
Semana da Saúde, 2
Olimpíadas Universitárias, 2
Provedor do Estudante da UMinho, 2
MIEGI, 2
Jogos Olímpicos da Juventude, 2
Grupo Aventura, 2
LESI, 2
DESAFIOS!, 2
SCBRAGA, 2
rubrica Mitos e Crenças da autoria do, 1
Programa de Informação Harvard Medical School Portugal, 1
Programa ON2, 1
17 de Fevereiro, 1
CHAMADO, 1
Expo’92, 1
Mega Pic-Nic Continente, 1
Certame Lusitano de Tunas Académicas, 1
Maio, 1
Igreja, 1
Guinness, 1
Vice-Campeão Mundial de Juniores, 1
Open da Inglaterra, 1
Mundial de Juniores, 1
Taekwondo Português, 1
O Sonho, 1
Escolher a UMinho, 1
Lágrimas…risos, 1
Indescritíveis, 1
Daria, 1
O Caloiro, 1
Andebol da UMinho, 1
Ó Bertinho, 1
Mítica, 1
Ou Vai, 1
Campeão, 1
Empresa, 1
Junho e, 1
Desporto no Ensino Superior de Lisboa, 1
CNJ?, 1
Desporto e da Atividade Física, 1
Ciências da Linguagem, 1
Linguística Alemã, 1
Línguas Literaturas e Culturas, 1
TUTOPAR-LLE, 1
Pódium, 1
Vice Campeã Mundial, 1
Ranking Mundial, 1
Open de Espanha, 1
Open da Sérvia, 1
Open de Classe, 1
Engenharia de Produção?, 1
Matemática e Ciências da Computação, 1
PEC’s, 1
Engenharia do Ambiente, 1
OE 2012, 1
Orçamento 2012, 1
Serviço de Relações Internacionais, 1
Global Reporting Initiative, 1
INOV Contacto, 1
Marketing, 1
Projeto Multidisciplinar em Negócios Internacionais, 1
Wise Up, 1
Magnolia;, 1
Variações de Goldberg, 1
A Um Deus Desconhecido, 1
The Future of Freedom, 1
Engenharia Informática da UMinho, 1
Sampa, 1
A Terceira Rosa, 1
Projetos de Legado, 1
Mundial de futsal UMinho2012, 1
Presidência do CO deste Mundial, 1
Mundiais?, 1
Mundial Universitário de Badmínton, 1
Mundial de Badminton, 1
Futsal da AAUMinho, 1
Liga Universitária, 1
Mundial de Futebol, 1
China?, 1
Engenharia e Sistemas de Informática, 1
Serviço perfeito!, 1
Certificações ISO, 1
bloco D da Residência, 1
Pizzaria, 1
Envelhecimento + Ativo, 1
Projeto POCTEP, 1
Regulamentos, 1
Investi, 1
Chuto, 1
Xeque, 1
Engenharia Civil?, 1
Maio a Agosto, 1
Técnico Superior de Segurança e Higiene no Trabalho, 1
Setembro de 2007, 1
Estudante, 1
Social e Cultural, 1
II Série do DR, 1
Instrução n.º1/2004 – 2ª Secção, 1
II Série, 1
DR, 1
Revisor Oficial Contas, 1
Participar, 1
Identificação, 1
Orçamento, 1
TES, 1
Consolidar, 1
Inventários, 1
Revisora Oficial de Contas, 1
Maio de 2013, 1
Plano?, 1
Desporto na UMinho, 1
DDC?, 1
Social, 1
Serviço de Consulta Psicológica da Universidade do Minho, 1
First In, 1
First Out, 1
Serviço de Psicologia da UM, 1
ServPsi, 1
Normas sobre o Alojamento, 1
Ótimo Ano de 2013, 1
Pátria de Camões, 1
Curso de, 1
jogos Universitários, 1
Segurança e Defesa, 1
European External Action Service, 1
Tratado de Lisboa, 1
Missão UE-OMC, 1
Novembro de 2010, 1
Lei de Financiamento do Ensino Superior, 1
Ramo Plásticos, 1
Capacidade Cientifica, 1
Doutoramento em Ciência e Engenharia de Polímeros, 1
Dia Aberto DEP, 1
KEEP SOLUTONS, 1
Presidência da República, 1
Portal Português de Arquivos, 1
Ficheiro Nacional de Autoridades Arquivísticas, 1
SCAlable Preservation Environments, 1
Ex Libris, 1
Collaboration to Clarify the Costs of Curation, 1
Transitado, 1
Relações Públicas, 1
Talentos da Casa, 1
Eventos do, 1
Praxe Natalícia, 1
Rifas de Natal, 1
Jantar de Apresentação Oficial, 1
Festival de Tunas Mistas, 1
facebook!, 1
Aprovisionamento?, 1
RT-46/2009, 1
Verificar, 1
minha Ação, 1
Lei dos compromisso, 1
Horizonte, 1
Lei de Orçamento de Estado, 1
Matemática e Computação, 1
www, 1
Wannabe?, 1
Licenciada em Educação, 1
Quadro de Avaliação, 1
SIADAP 1, 1
Organizar, 1
Plano de Ação para a Formação Profissional, 1
Corfebol, 1
Basic, 1
Pascal, 1
Direção de Curso, 1
Jornadas de Informática, 1
ISci Interface Ciência, 1
IndicedeCursos, 1
3º Ciclos, 1
Odisseia no Espaço, 1
Apocalyse Now, 1
Imposturas Intelectuais, 1
Papas de Sarrabulho, 1
Assegurada, 1
Apoio Clínico?, 1
Serviço de Consulta Psicológica e de Desenvolvimento Humano da Universidade do Minho, 1
Vencer” de, 1
Bacalhau, 1
FashionMe –, 1
ChallengeMe, 1
Elazer Edelman, 1
José Estabil, 1
WeadaptUS, 1
Síndrome de Down, 1
Prémio de Empreendedorismo START 2008, 1
Prémio SPINUM 2009, 1
Eurecan European Venture Contest, 1
prémio ISCTE-MIT Portugal Venture Competition, 1
Aplicação de acabamentos, 1
Body Scanner, 1
UTEN, 1
PME’s, 1
Leis do Orçamento de Estado, 1
Notas, 1
Quais?, 1
Acão Social para o Ensino Superior, 1
Licenciei-me em Física, 1
Provas de Aptidão Pedagógica e Capacidade, 1
Doutoramento em Ciências, 1
Novembro 2011, 1
Julho 2009, 1
Optometria e Ciências da Visão?, 1
Programa de Doutoramento em Optometria e Ciências da Visão, 1
Jornadas de Contactologia, 1
Doutoral em, 1
**Sonho?, 1
Gestão Pública, 1
Engenharia Electrónica?, 1
Pratiquei Judo, 1
Judo?, 1
Dept, 1
Open Village Sports Hotel & SPA Club, 1
SPA, 1
Open Village Sports Hotel & SPA Club?, 1
CNUs de Ténis Individual e Tiro, 1
Padel, 1
Horas, 1
Pax / Hora      | Singulares, 1
Pax / Hora  |, 1
Pax / Hora   | Pares, 1
Pax / Hora   |, 1
Pax / Hora, 1
Pax / Hora      |, 1
Provedor, 1
Professor ou Provedor?, 1
11 de Outubro, 1
II Encontro em Bragança, 1
C323, 1
Romance, 1
Ciclo de Estudos, 1
Projetos de inovação pedagógica, 1
Projetos de animação de bibliotecas escolares, 1
Língua Portuguesa, 1
Expressões Artísticas e Educação Física, 1
Pennac, 1
Gaiola Dourada, 1
Sementes de Música, 1
Os Amigos do Gaspar, 1
When the stars go blue, 1
Literatura..., 1
Obra Poética, 1
Só Resta o Amor, 1
Os Olhos, 1
Querer muito, 1
Achado, 1
Mundo!, 1
Anjo Verde, 1
AO MOVIMENTO “MENOS OLHOS DO, 1
Vice-Campeã Mundial, 1
Engenharia Biomédica pela UMinho, 1
Hóquei Patins?, 1
Hóquei, 1
Brainlab, 1
Ressonância Magnética, 1
4ª Edição do Festival de Outono, 1
Cultura com as Unidades Culturais da Universidade, 1
Exposição sobre Poesia Experimental Portuguesa, 1
Exposição sobre Os Irmãos Grimm – Vida e Obra, 1
Itinerários Irlandeses, 1
Imagens de Nada - Pintura, 1
The Guilty, 1
Encontros da Imagem, 1
Prémio Victor Sá de História Contemporânea, 1
Prémio nacional, 1
Bolsas?, 1
Regulamento referido, 1
Colaboradoras Administrativas, 1
Aviso de publicação de resultados, 1
Regulamento de bolsas de estudo, 1
CPA/, 1
Engenharia de Produção e Sistemas, 1
Pioneiros da UMinho, 1
projeto Pioneiros, 1
Player, 1
Alumni UMinho, 1
IDEALAB, 1
Licenciada em Geografia e Planeamento, 1
VANTS, 1
Idealab, 1
MIEEIC, 1
Especializações e UCs, 1
Computadores?, 1
Especializações, 1
Aqualung, 1
Cor de Tangeria, 1
DEB, 1
Setores dos SASUM, 1
Plataforma de Gestão Documental, 1
Engenharia de Gestão Industrial?, 1
Airbus A330, 1
Airbus A380, 1
Airbus A350, 1
Boeing 787, 1
Regulamento de Atribuição de Bolsas, 1
Regulamento Académico da Universidade do Minho, 1
Regulamento de Atribuição de Bolsas de Estudo?, 1
Políticas e Gestão de Recursos Humanos, 1
Sociologia da UMinho, 1
Sociologia do Ensino Superior Público Português, 1
Summertime, 1
Poetas Mortos, 1
As Farpas, 1
Corantes e Materiais Funcionais, 1
Grande Prémio BES Inovação, 1
Tun’ao Minho, 1
Mordomas, 1
XXXIV Colóquios de Relações Internacionais, 1
Arquitetura da UMinho, 1
Opens, 1
Ranking mundial, 1
Campeã Europeia de Sub-21, 1
Escolhi Arquitectura, 1
Júlio?, 1
Regulamento Orgânico dos Serviços de Acção Social da Universidade do Minho, 1
2ª Série do Diário da República n.º170, 1
Acção Social para o Ensino Superior, 1
Tentei, 1
BTT?, 1
Taça do Mundo, 1
Prémio de Mérito Desportivo?, 1
Comunicação Social?, 1
MMA, 1
Ciências da Comunicação na UMinho, 1
Trabalho em Marketing, 1
Headquarters Mundiais, 1
MTV?, 1
MTV Portugal, 1
Código de Conduta Ética da Universidade, 1
Dever, 1
Electrotécnica, 1
Professor Associado do DSI na EEUM, 1
MIEGSI, 1
Científico, 1
Prémio Nacional de Engenharia, 1
Artificial Intelligence, 1
Follow Through, 1
The Art of War, 1
If you know both yourself and your enemy, 1
BETWEIEN - Challenge and Success, 1
A Educação para o Empreendedorismo no Ensino Básico, 1
Projeto Integrado em Empreendedorismo e Inovação, 1
ISCAL, 1
O Senhor Empreendedorismo, 1
app store, 1
Mr Entrepreneurship, 1
Paixão pela Inovação Empreendedorismo e Educação, 1
Sector de Gestão Técnica e, 1
O  Sector de Gestão Técnica e Desportiva do Departamento Desportivo e Cultural dos SASUM, 1
ESE Jean Piaget, 1
Atividades de Ritmo, 1
Eventos Desportivos, 1
Instalações e Atividades Desportivas, 1
Desafio, 1
Responsáveis de Instalação Desportiva, 1
Rececionistas, 1
Gestor de Eventos, 1
Técnicos Desportivos, 1
Fisioterapeuta, 1
Respeitamo-nos, 1
Instalações, 1
Sessão Experiencia, 1
Agregação na UMinho, 1
Revista, 1
ISI Web of Knowledge, 1
prémio Clemson da Sociedade Americana de Biomateriais?, 1
Sociedade Americana dos Biomateriais, 1
Universidade-Industria, 1
ComplexiTE, 1
Investigação Científica Português, 1
3.15 Milhões de Euros, 1
Nano partículas, 1
Lda?, 1
IN – Inventing & Innovating, 1
LabMaia, 1
IdeiaLab, 1
SMF, 1
ISO:22000, 1
Orgulho!, 1
Parabéns!, 1
Futebol de 11 masculino, 1
FF, 1
24 de Maio, 1
Escalada Dificuldade, 1
Basquetebol 3x3, 1
30 de Maio, 1
Melhor Universidade Europeia do DU, 1
Badminton Equipas, 1
Futebol, 1
Campeões dos Campeões, 1
Recordo-me, 1
Membro Português do Comité Executivo da EUSA, 1
Gata?, 1
Hipermercados, 1
Café “Papa Jorge, 1
Jornal Académico, 1
AAUMtv, 1
Obrigado, 1
Ação Quadriénio, 1
Aplicações à Mecânica, 1
Relatório de Autoavaliação, 1
Engenharia de Materiais?, 1
Prémio Ordem dos Engenheiros 2013, 1
Ciências e Engenharia de Materiais, 1
Polímeros do País, 1
Leica, 1
Integrado em Engenharia de Materiais, 1
Avatar, 1
O homem de Constantinopla, 1
A Morgadinha dos Canaviais, 1
Treblinka, 1
Cor de Tangerina, 1
Pasta al, 1
SITUACTION, 1
CMU- Portugal, 1
PD-NET, 1
FET-OPEN, 1
Lean Startup, 1
Curso de Alta Direcção da Administração Publica, 1
timimg, 1
Master of Science, 1
Vice-Presidente para o Ensino da, 1
Estudo de Leiden, 1
CIPsi, 1
Psicologia Básica e da Psicologia Aplicada, 1
Colaboradores de Investigação, 1
Psicologia Aplicada, 1
Chanel, 1
About, 1
Cem Anos de Solidão, 1
Viagem pelo Oriente, 1
I & D, 1
Indústria, 1
Indústria Automóvel, 1
Know-how dos nossos Engenheiros, 1
Mundial Universitário de Karaté, 1
TEMPO LIVRE, 1
Medica, 1
Multiusos, 1
Lei e dos, 1
Gestão dos SASUM, 1
Visão dos SASUM, 1
Lema: A Tua Família, 1
PÁGINA 10, 1
Mundial de Badmínton 2008, 1
Mundial de Xadrez 2012, 1
Mundial Futsal 2012, 1
Mundial de Andebol 2014, 1
Mundial de Karaté 2016, 1
GeNeRation, 1
Take-away, 1
Serviço de Acção Social, 1
Lema:, 1
Menos Olhos, 1
Senhor Provedor de Justiça, 1
Tarefa, 1
Conta dos SASUM?, 1
DVM, 1
Conta?, 1
Enterprise Resource Plannig, 1
Sistema Integrado de Gestão Empresarial, 1
SNC-AP, 1
Taça Latina, 1
Campeão Mundial Universitário, 1
Melhor Marcador, 1
Psicologia do Desenvolvimento, 1
Internacionalização do Ensino, 1
Filosofia e Humanidades, 1
Humanidades Clássicas, 1
Julho de 2005, 1
Curso da UM, 1
Licenciados em Educação, 1
Alemão, 1
Gosto de Golfe, 1
Política Económica, 1
Métodos Quantitativos, 1
O inglês, 1
EEG Generating Skills, 1
Economia?, 1
Trois couleurs: Bleu, 1
The Köln Concert, 1
MDe Bouro, 1
O FITU - Festival Internacional de Tunas Universitárias, 1
FUAP - Festival Universitário de Artes Performativas, 1
Encontro de Tunas Femininas, 1
plataforma Blackboard, 1
Espanhol Língua Estrangeira, 1
AAEUM?, 1
Meeting de Formadores, 1
manager, 1
Mister, 1
CELTA?, 1
Festival da Opum, 1
7D, 1
gold strike, 1
Concílio Profético, 1
Modalidade, 1
SITE, 1
Andebol Português, 1
Acreditação, 1
Secretário-geral do Evento, 1
europeia*, 1
**Expectativas?, 1
Secretário de Estado do Ensino Superior, 1
Pedidos recebidos                     | 60, 1
Indeferidos                 | 21       | 35, 1
O Fundo Social de Emergência, 1
História e Ciências Sociais, 1
Curso de História, 1
Guião de Autoavaliação, 1
DUCs, 1
Relatórios das UCs, 1
DOC-UM, 1
Geologia Biologia Sociologia Geografia Antropologia, 1
mês de, 1
Estágios Práticos, 1
Arqueologia?, 1
Campeão do Mundo Universitário, 1
ABC/ UMINHO, 1
Economia pela, 1
Guimaraes, 1
Berço Da Nação, 1
Campus universitário de Couros, 1
Genética Molecular, 1
Biologia Aplicada?, 1
Os Prazeres e as Sombras, 1
O Festival de Outono, 1
6ª Edição, 1
Concerto Inaugural, 1
Salão Medieval, 1
Bomboémico, 1
Festival “Do Bira ao Samba, 1
Sueca, 1
Jogos Europeus, 1
Jogos Olímpicos de 2020, 1
Rio 2016, 1
Domingo regresso a Braga, 1
Presidente do Conselho Geral da UMinho, 1
Mestre em Ciências Jurídico-Civilísticas, 1
Encontros de Presidentes dos Conselhos Gerais das Universidades Portuguesas, 1
FAUP, 1
As cidades invisíveis, 1
Breaking the Waves, 1
Goncourt, 1
Transsiberiano, 1
Bicampeão Europeu de Taekwondo, 1
Jogos?, 1
Espetacular, 1
Anestesia, 1
TRABALHAR QUASE 24H, 1
ROQUE TEIXEIRA, 1
MESTRE EM ENGENHARIA, 1
É MAIS UM DOS CASOS DE SUCESSO DE EXALUNOS DA UNIVERSIDADE DO MINHO, 1
TIVERAM UMA FORTE LIGAÇÃO AO DESPORTO UNIVERSITÁRIO, 1
Marketing e Media da Federação Internacional de Pentatlo Moderno, 1
A OPORTUNIDADE DE ATÉ, 1
ABRAÇADO PROJETOS, 1
DOS, 1
MARCANTES, 1
AO MOMENTO, 1
Secretário de Estado, 1
TRABALHAR NUM GOVERNO, 1
SEJA ELE DE QUALQUER PAÍS, 1
UIPM, 1
Federações Nacionais, 1
Olímpica, 1
Pentatlo Moderno?, 1
Jogos Olímpicos Modernos, 1
Marketing e Media da Federação, 1
SOU O RESPONSÁVEL DE MARKETING E MEDIA DA FEDERAÇÃO COM, 1
Futsal do SCBraga, 1
Licenciatura em Física?, 1
Core Curriculum, 1
A Medicina, 1
Health, 1
CICP, 1
Programa de Competências Transversais, 1
Plano de Comunicação da EEGUMinho, 1
Operação Alumni da UMinho, 1
Schools, 1
Economia e da Gestão, 1
Alumni EEG, 1
ENTREVISTA AO ADMINISTRADOR DOS SASUM ENG, 1
Prémio Excelência no Trabalho 2015, 1
Aproveitem, 1
Congresso de Setúbal, 1
Desporto e Saúde uma Questão de Estado, 1
Congressos?, 1
PAYT, 1
Património Cultural da Humanidade, 1
Jogos da Comunidade, 1
Liga Mini, 1
Festival Sénior, 1
Mini Olimpíadas, 1
ENTREVISTA À PROVEDORA DO ESTUDANTE PAULA, 1
Lei nº 62/2007, 1
Cito, 1
UMinho..., 1
Engenharia Electrónica Industrial, 1
Electrónica Industrial, 1
CNRC, 1
Especialmente, 1
Os Biomateriais, 1
Reabilitação e Biomecânica, 1
Spectroscopy Laboratory in the Laser Biomedical Research Center, 1
Biomedical Imaging at Harvard Medical School and Massachusetts General Hospital, 1
ISR Paris, 1
Integrado em Engenharia Biomédica, 1
UC Dissertação:, 1
Deveras, 1
Sistemas Distribuídos Comunicações e Arquitetura, 1
Comunicações por Computador, 1
NEECUM, 1
Eletrónica/Sistemas de Informação/ Informática, 1
Codificação Transmissão, 1
Bash, 1
Vim, 1
C++, 1
Java, 1
What, 1
Antenna Theory: Analysis and Design, 1
Sond’Art, 1
iPanças, 1
Velha Gaiteira, 1
Galandum Galundaina, 1
Projeto UMinho, 1
QuantaLab, 1
MITPortugal, 1
projeto Alumni, 1
Anunciei, 1
ANI, 1
n v o l v i, 1
Direções de Recursos Humanos e Financeira e Patrimonial, 1
Discoveries Centre/, 1
Supercomputação/ Computação Quântica, 1
Restaurante Mini Sport, 1
VITaR, 1
**Vamos, 1
Tuna de Derecho de la UNAM, 1
Vereadora do Desporto, 1
Face, 1
Prémio Jovens Talentos, 1
Concurso Jovens Criadores, 1
Semana da Juventude, 1
Corrida do AVC, 1
Pimpolho –, 1
Projeto de Prevenção da Ambliopia, 1
PULSAR, 1
Programa de Atividade Física para Doentes Oncológicos, 1
Regulamento Municipal de Apoio, 1
Jogos do Eixo Atlântico, 1
Sistemas e Aplicações Biomédicas, 1
Dynamic analysis of mechanical systems with imperfect kinematic joints, 1
Prémio de Melhor Tese de Doutoramento em Engenharia 2005, 1
Biomecânica?, 1
Biomecânica no Desporto, 1
youtube, 1
Presidência da Sociedade Portuguesa de Biomecânica, 1
Biomecânica da UMinho, 1
Prémio Jovem Investigador, 1
Design de Produto, 1
congresso nacional de Biomecânica, 1
ENTREVISTA AO DIRETOR DOS SERVIÇOS, 1
DOCUMENTAÇÃO DA UNIVERSIDADE DO MINHO, 1
FP7, 1
PLOS, 1
Web of Science, 1
Internet?, 1
Ranking, 1
Confederação Mundial de Repositórios de Acesso Aberto, 1
Acesso Aberto, 1
Open Science, 1
OpenAIRE Connect, 1
La Referência, 1
Digital Object Identifiers, 1
DOI, 1
Estatística de 2010, 1
UC’s, 1
Bird’ de C.Eastwood, 1
Kill Bill’ de Tarantino, 1
A Transatlantic Love Afair: Letters to Nelson Algren, 1
ENTREVISTA AO DIRETOR EXECUTIVO DA FEDERAÇÃO, 1
Mundial de 1992, 1
Design e Marketing, 1
Conforto e Fisiologia do Vestuário, 1
Plataforma das Artes, 1
MemesUM, 1
Meltino, 1
Instalação, 1
Tricórnio, 1
Cavaco, 1
Reforma, 1
OPUMDEI, 1
Falem-nos, 1
Semana do enterro de ser, 1
O Bonitão, 1
Tecnologias e Sistemas de Informação?, 1
Linguagens de Programação a Economia, 1
Financial Shared Services Centers, 1
Project Management Officer, 1
Maio deste ano, 1
Global Financial Controller, 1
Operação, 1
Y, 1
Rotinado, 1
# Tun’Obebes, 1
Paixão”, 1
Os Quatro e Meia, 1
Profetas de Roxo”?, 1
Profetas de Roxo, 1
Bar Académico de Guimarães, 1
ISO22000, 1
Irei, 1
takeaway, 1
Espaço Pizzaria, 1
Índice da Excelência, 1
top10|Grandes Empresas, 1
Indice da Excelência, 1
Calendário Solidário, 1
Área Financeira, 1
[Informática, 1
Investbraga, 1
Directores Responsáveis de Sectores, 1
Reconhecimento da Excelência, 1
Provedor Estudante, 1
Olhados, 1
Arroz de pica no chão, 1
Plano Juncker, 1
semana de Estrasburgo, 1
Antena Minho, 1
Regulamento Académico Simplificado, 1
Mundial de Futsal Universitário, 1
Taça de Portugal de Andebol Universitário, 1
Pai Natal!, 1
Prime Now, 1
Sentimonos, 1
Iphone, 1
Presidente do Conselho Geral, 1
a-dministração, 1
Rankings internacionais, 1
História Cultural e Política, 1
Diretores de Curso, 1
Pense – Uma introdução à Filosofia, 1
Direção do Curso, 1
Receção, 1
Lição Inaugural do Curso, 1
Jornadas da Licenciatura em Filosofia, 1
Lição inaugural do Curso, 1
Jornadas de Filosofia, 1
Filosofia?, 1
Terminas, 1
Jornal Record, 1
Final do Futebol de 11, 1
Fases Finais Universitários, 1
Linguística Portuguesa Histórica, 1
Ensino e a Investigação, 1
Linguagem, 1
Espaço Europeu de Ensino Superior, 1
Lei do Orçamento, 1
Compromisso com a Ciência e o Conhecimento firmado, 1
I3Bs, 1
Programa FCT de Estímulo, 1
Vice-presidente na Wipro Retail, 1
QuiiQ, 1
Digital Agenda for Europe, 1
Artes Música Cinema, 1
O Trabalho e a Técnica, 1
Aforro dos Portugueses, 1
Famílias e Em-, 1
TODOS os Portugueses, 1
Vida!, 1
P5, 1
Medicina Personalizada para Crónicos, 1
Alargar de novo, 1
Vice-Campeão Europeu Universitário pela, 1
Braga/ AAUM, 1
Mobilizarmo-nos, 1
Conferência Mundial de Ministros da Juventude, 1
Conferência Mundial de Ministros de Juventude, 1
Entreguem-, 1
À Moda do Minho, 1
Canção Bracarense, 1
Artes Visuais, 1
Curso de Proteção Civil e Gestão do Território, 1
MIRRI, 1
Norte 2020, 1
I&DT e Inovação, 1
Projeto HMIExcel, 1
Done Lab, 1
DONE Lab, 1
Programa Doutoral em Sistemas Avançados de Engenharia para a Indústria, 1
UMinho-Bosch, 1
Easy Ride, 1
Experience is Everything, 1
Factory of Future, 1
I&DT com Inovação, 1
Qualidade de Vida, 1
UI GreenMetric World University Rankings, 1
Objetivos de Desenvolvimento Sustentável das Nações Unidas, 1
ODS 4 - Educação, 1
ODS 11 -, 1
ODS 17 -, 1
UI GreenMetric World University Rankings Network, 1
Maio de 68, 1
AquaBioScape, 1
BiodiversityGo!, 1
Áshrama de Guimarães, 1
Confederação Portuguesa do Yoga, 1
Yoga, 1
Relatório de Curso, 1
DQ, 1
Ano do Trabalhador dos SASUM, 1
App, 1
UM/SASUM, 1
Youtube, 1
TVDE, 1
Lei Uber, 1
Acordo de Paris, 1
Ministro do Ambiente, 1
Verão no Campus, 1
Acolhimento 2019?, 1
IDEA UMinho, 1
Curriculares, 1
Team Based Learning, 1
IDEA-UMinho, 1
Estatuto do Estudante Atleta, 1
Estatuto do Estudante-Atleta, 1
Prémio de Mérito Científico, 1
Programa de Regularização de Vínculos Precários da Administração Pública, 1
Plano de Desenvolvimento Integrado do Campus de Azurém, 1
Contrato para a Legislatura, 1
Alocamos, 1
Residência Lloyd Braga, 1
Código de Trabalho, 1
Programa de Apoio Informático a Estudantes, 1
Recurso by AAAUMinho, 1
Gabinetes de Apoio, 1
BOL, 1
Loja da UMinho, 1
PayShop, 1
Plano de Atividades da AAUM, 1
Start Point Academy, 1
Prémio de Iniciação à Investigação Cientifica, 1
Psiquiatria em Medicina Geral, 1
Investigação em Psicologia, 1
Fundamentos para a Investigação Cientifica, 1
**Face, 1
Qualidade de Vida e Infraestruturas, 1
13 de Engenharia, 1
Presidentes dos Conselhos Pedagógicos das Escolas, 1
XXIX CELTA, 1
Qualidade dos SASUM, 1
DAS?, 1
Sustento, 1
CMEMS, 1
Casas de Conhecimento, 1
I3BS, 1
Investigação Centralidade, 1
Educação Condição de cidadania, 1
Sustentabilidade Objetivo, 1
Plano de Resolução e Resiliência Oportunidade, 1
Tuna Feminina da UMinho, 1
like: https, 1
Festival de Tunas Femininas, 1
Gatunas, 1
Concerto Comemorativo dos 25, 1
Divisão de Recursos Humanos dos Serviços de Acção Social da Universidade do Minho, 1
Divisão de Recursos Humanos dos SASUM, 1
Formação e Gestão de Recursos Humanos, 1
Seminário nos SASUM, 1
Adaptação, 1
SUDOKU, 1
Provedor Institucional da UMinho, 1
Regulamento do Provedor, 1
Artigo 1.º da Constituição da República Portuguesa, 1
Provedor Institucional?, 1
Regulamento do Provedor Institucional, 1
Professores Universitários, 1
Estatuto, 1
Parafraseando o Poeta, 1
Senado Académico da Universidade do Minho, 1
Mens sana in corpore sano, 1
O Castelo” de, 1
Senado Académico da UMinho, 1
O Conselho Cultural, 1
Fundações Eng, 1
Prémio Victor de Sá, 1
CC?, 1
Bienal de Ilustração, 1
Vendidas!, 1
Sumer Wine, 1
Ars Moriendi, 1
Folia!, 1
YouTube, 1
Loja do Cidadão, 1
IRS, 1
Regulamento orgânico dos SASUM, 1
DCF, 1
Admirável mundo novo, 1
A Vida É Bela, 1
Futebol de Praia, 1
UBI/, 1
AD Manteigas, 1
Vice-Chair do Comité de Futsal, 1
europeia?, 1
Vi, 1
Ensino Básico e Ensino Superior, 1
Programa Deteção e Seleção de Talentos de Comunicação, 1
Literatuna, 1
Deus nos acuda, 1
Chibarias, 1
BEB’UM, 1
Literatuna?, 1
Noite Luar, 1
Minh’alma, 1
Divisão de Alojamento, 1
Divisão de Alojamento?, 1
Trabalhar na Divisão de Alojamento, 1
I&D. Funciona, 1
CEICVS, 1
CEICA, 1
Fórum Ética UMinho, 1
//www.uminho, 1
Star Trek, 1
Biquíni Cavadão, 1
Preparada, 1
Paginas/, 1
Todos os Estudantes, 1
Whatsapp, 1
Melhor Interpretação Temática, 1
Hoy Estoy Aqui, 1
Vão, 1
Squash, 1
trekking dos Annapurnas, 1
Brothers In Arms – Dire Straits, 1
Impulsos, 1
Plano de Recuperarão e Resiliência, 1
Os Caminhos de Katmandu, 1
Assistente Técnica, 1
Plano de Quadriénio, 1
Seminários Debates e Conferências, 1
Futuro do Ensino Superior, 1
Técnicos, 1
Diferenciamo-nos, 1
A Tun’Obebes, 1
FémmeFarra, 1
Cerimónias de Finalistas, 1
Capas Negras, 1
Suporte Informático ao Concurso de Atribuição de Bolsas de Estudo do Ensino Superior, 1
Suporte Informático ao Concurso de Atribuição do Fundo de Apoio Social, 1
FAS, 1
Apoios Sociais Diretos, 1
Um cruzeiro, 1
Geografia Humana, 1
Prémio Vítor de Sá de História Contemporânea, 1
Encontros, 1
Estrela D’Alva, 1
Melhor Solista, 1
V Tunão - Festival de Tunas Femininas, 1
Presidência da Escola de Engenharia, 1
Voltar, 1
Wrecked dos Imagine Dragons, 1
Desporto e Desenho, 1
libertadores, 1
Roller Derby, 1
Slide The Rhine, 1
Ciências do Desporto, 1
Treino, 1
Futsal Feminino da Universidade do Minho, 1
Acabo, 1
Long Train Running, 1
The Doobie Brothers, 1
CO3, 1
Regulamento Orgânico, 1
Wi-Fi, 1
Healthy Campus, 1
Administração dos SASUM, 1
Presidentes da AAUM, 1
Priberam, 1
Gala Legião de Ouro, 1
século XXI, 1
Normalizem, 1
Livros de culinária, 1
Estatuto do Estudante- Atleta?, 1
Finais, 1
DIDU, 1
Bira, 1
VIII Edição, 1
Instragram, 1
Curso de Alta Direção da Administração Pública, 1
Código de Contratos Públicos, 1
Pecados Santos, 1
Braveheart, 1
Princípios Fundamentais, 1
Visão “Inspirar, 1
Valores: Pessoas, 1
Estrutura de Emergência Operacional, 1
Serviço de Atendimento e Acompanhamento Social, 1
Juventude CVP, 1
Tecla, 1
invasão da Ucrânia, 1
Imagine, 1
Boas Festas!, 1
Percussão Universitária do Minho, 1
Festival Geada, 1
Chaves, 1
L Burro i l Gueiteiro, 1
Verão Total da RTP1, 1
Reinventámonos, 1
Engenharia Humana, 1
Quadro de Pessoal como Técnico Superior, 1
Generation Sex, 1
The Divine Comedy, 1
Projeto UMFuturo, 1
Associações Académicas, 1
Falo, 1
SECRETISMO, 1
Minhotas, 1
Profeta Eclesiastes, 1
A Ordem Profética da Universidade do Minho, 1
OPUM DEI, 1
Profeta Principezinho, 1
O Profeta, 1
Natal dos SASUM, 1
U2 Beautiful Day, 1
Conduzir, 1
Tutorias, 1
AveParque, 1
Espólio da Diamang, 1
Projeto P5 da Escola de Medicina, 1
Técnico Superior de Gestão de Ciência e Tecnologia, 1
Lamento, 1
Plano Estratégico, 1
Presidente da Escola de Ciências, 1
Decreto-Lei n.º 97/95 de 10 de maio, 1
Decreto-Lei n.º 80/2018 de 8 de outubro, 1
Investigação e Desenvolvimento, 1
A Professora, 1
O Fórum de Ética UMinho, 1
Edifico dos Congregados da UMinho, 1
Informação sobre o CEUMinho, 1
Código de Conduta Ética, 1
Etica/Codigo-de-conduta- etica, 1
Marca pessoal, 1
Fado, 1
Tons de Sépia, 1
Venham preparados para, 1
Paraíba Handebol Cup, 1
Programa de Comemorações dos 50, 1
Dia da Universidade, 1
Comemorar, 1
Decreto-Lei n.º 402/73, 1
Sua Excelência o Senhor Presidente da República, 1
As Universidades Novas, 1
Queima das Fitas de 1985, 1
Do Bira, 1
OUTUBRO, 1
Expo 2000, 1
FUMP - Festival Universitário de Música Popular, 1
Folk, 1
Grupos da UMinho, 1
Tunao’Minho, 1
estudantes Elementos do GMP, 1
‘Novas Oportunidades, 1
Começo, 1
Informática de Gestão, 1
Gestão de Recursos Humanos, 1
Programa de Promoção da Saúde Mental no Ensino Superior, 1
Selo Estudante-Atleta, 1
Fados, 1
Fado do Minho, 1
Estrelas ao Sábado, 1
Gala do Desporto da Universidade do Minho 2023, 1
Confederação Nacional de Yôga, 1
Faça Yôga, 1
Yôga do Brasil, 1
Imprensa, 1
Yôga Antigo, 1
Swásthya Yôga?, 1
RUNNER, 1
Federações Estaduais de Yôga, 1
CDs, 1
Credenciado do Mestre DeRose, 1
Mestre em, 1
Notório Saber, 1
Mestre em Yôga, 1
Administrador Delegado, 1
Presidente da Direcção da Associação Académica da Universidade do Minho, 1
Estatuto Editorial, 1
Antena, 1
Comunicação Social, 1
Danças Africanas?, 1
Danças e Cultura Africanas, 1
Workshop de Danças Africanas, 1
Os Ritmos Africanos, 1
Isa e Bárbara “A Dança Africana, 1
Dança no Universo das Danças Africanas?, 1
PósGraduação em Dança, 1
SalaKadanza, 1
ANIMAÇÃO, 1
PROFISSIONALISMO, 1
MELHORES CONDIÇÕES”*, 1
O Orçamento, 1
Gata 2005, 1
Medicina e Enfermagem, 1
Roque, 1
Reamonn, 1
REAMONN, 1
Quinta-feira?, 1
Cursos de Azurém, 1
Baile de Finalistas, 1
Maconha?, 1
Gravação, 1
Cantar em Inglês, 1
Projecção vídeo?, 1
Mase “Dealema, 1
UMd, 1
Futuro?, 1
Guitarra e Voz, 1
New sounds on the radio, 1
Clinic, 1
Labirinto, 1
Acienda, 1
V2, 1
Pequim, 1
mega evento Universíada, 1
Olímpicos, 1
projecto Universíadas, 1
Antigo, 1
Aluno da, 1
LESI da UMinho, 1
Sistemas de Informática, 1
O Público, 1
Viagem Solitária, 1
Tsunami, 1
Diploma de Competências Básicas, 1
SAPIA?, 1
eLearning, 1
Portátil, 1
Word, 1
Internet Explorer, 1
Instituição Publica, 1
Messenger, 1
Suplemento ao Diploma Label, 1
Labels, 1
Suplementos ao Diploma ao nível dos, 1
Suplemento ao Diploma?, 1
O Suplemento ao Diploma, 1
Carta de Curso, 1
Suplemento Informações Complementares, 1
Curso de Português, 1
Exacto, 1
Código da Praxe?, 1
Cabido de Cardeais, 1
Baptismo, 1
Julgamento do Caloiro, 1
Imposição de Insígnias Serenatas, 1
III Congresso de Tradições Académicas, 1
I Feira de Biotecnologia do Minho, 1
Engenharia Biológica da Universidade do Minho, 1
I Feira Biotecnológica do Minho, 1
Workshop, 1
Expobiotec 2005, 1
Feira de Biotecnologia do Minho, 1
Grande Projecto?, 1
ESTUDANTES, 1
Presidente?, 1
Lista A-, 1
Lista C- Mesa RGA, 1
Lista E- CFJ, 1
Tratado de Bolonha, 1
A Melhor Forma de Prever o Futuro, 1
Acesso Livre à Produção Intelectual, 1
Diploma Supplement Label, 1
Cimeira Ibérica, 1
Desporto I, 1
Extensão Universitária, 1
Internacionalização da Investigação, 1
Valorização da Investigação, 1
CITEV, 1
CENTIMFE, 1
Interfaces, 1
Política de Qualidade?, 1
Língua e Cultura Chinesas, 1
Torneio  Inter-Associações de Futebol de 7 Feminino, 1
Torneio Internacional de Futebol de 7, 1
Selecções Nacionais, 1
Torneio de Apuramento, 1
Atleta do Ano de 2005, 1
Nádia, 1
Futebol11, 1
Futebol de 11, 1
Campeã Nacional Sénior, 1
Campeã Nacional de Corta-Mato Curto, 1
Jéssica, 1
Campeã da Europa de Cross  Junior, 1
Mundial de Corta-Mato Curto, 1
Achas que Atletismo, 1
IM, 1
Políticas da UMinho, 1
Responsabilidade Social?, 1
Ensino Especial, 1
Regime Especial de Frequência dos Estudantes, 1
Responsabilidade Social da UMinho?, 1
A Universidade Sem Muros, 1
Direito da UMinho, 1
Modelo  de Bolonha, 1
falouse, 1
Universidade sem Muros, 1
A B, 1
Ciências Documentais, 1
Biblioteca e Documentação, 1
Regulamento da Universidade do Minho, 1
Reprodução, 1
Obtenção, 1
Sessões, 1
Visualização, 1
Catálogo Bibliográfico, 1
Edições Digitais, 1
O RepositóriUM, 1
Repositório UM, 1
working papers, 1
SMS, 1
Referiu o Portal de Pesquisa dos Serviços de Documentação, 1
Torneio  Internacional de Alverca, 1
Patim Vigo, 1
Patins Feminina, 1
Equitação, 1
Regimento de Cavalariça, 1
nac i, 1
Vice-Campeão Nacional de Voleibol, 1
Porquê o Voleibol, 1
Debates e Conferências, 1
Semana de Direito, 1
Março de 2005, 1
Vox Iuris, 1
Semana da Cultural de AEDUM, 1
IV Semana da Cultura da AEDUM, 1
O Falar Direito, 1
IUS Team, 1
Agenda da AEDUM, 1
Dia 5 Aula Aberta de Direito do Desporto, 1
Dia 7, 1
Ciclo de Conferências, 1
CEJUR - Auditório B1 CP2, 1
Direito ao Cinema, 1
O Coleccionador de Ossos, 1
Vox Iuris Dia 15, 1
Torneio de Futsal Feminino, 1
Texto, 1
Peões, 1
Tuna Afonsina, 1
Café Oscar, 1
Traje da Afonsina, 1
O Traje dos Peões, 1
As Cruzadas, 1
Peões e Pióneses, 1
Desfile de Serenatas, 1
Ganhar o Euromilhões!!!, 1
Irreverência, 1
Irreverentes, 1
rapinanço, 1
Tradições?, 1
Tradição, 1
Melhor Academia da Pais, 1
Porquê o Andebol, 1
Engenharia Civil, 1
Texto e Fotografia, 1
Director dos ST?, 1
Resolução SU74/2003, 1
Engenharia de Sistemas e Informática (CeSIUM, 1
CeSIUM?, 1
P.C.: O CeSIUM, 1
Director de Curso, 1
Representamos o Curso, 1
Pro Evolution Soccer 5, 1
Linux, 1
Magic: The Gathering, 1
AJAX & Web, 1
Sistemas, 1
Residência Universitária Loyd de Braga, 1
Coordenador, 1
Ceia de Natal, 1
13 de Dezembro, 1
Torneios de:  «Futebol feminino, 1
Serviço de Impressão, 1
Reconstrução da Residência, 1
VIII, 1
Seminários e Conferências, 1
Students Trainee Exchange Programme, 1
Direito?, 1
FDL, 1
VIII Direcção, 1
Conf, 1
Act, 1
Semana da ELSA, 1
Aulas Abertas, 1
Cine ELSA, 1
2º Volume da Sebenta de Direito das Obrigações, 1
Celta Certame Lusitano de Tunas Académicas, 1
Maio de 1992, 1
EXPO'92, 1
Mega, 1
Festivais de Tunas, 1
CELTA Certame Lusitano de Tunas Académicas, 1
XIII Celta, 1
CELTAS, 1
I CELTA, 1
Grande Digressão, 1
GP UMKarting, 1
Comer 2T, 1
Foca, 1
FOCA- Clube de Natação de Felgueiras, 1
Supertaça Carlos Meinêdo, 1
FOCA ˜Participação, 1
˜Participação em, 1
˜Participação numa, 1
Taça dos Campeões Femininos, 1
Universitárias: Capítulo II, 1
Bloco, 1
AD HOC, 1
Regulamento Interno Geral, 1
Residência?, 1
Maio do ano, 1
Serviço de consulta, 1
Exercício Físico, 1
1ª Escola de Verão em Psicologia Aplicada ao Desporto, 1
Conferência de Psicologia de Desporto, 1
A Unidade, 1
IEP?, 1
R.G- Fundamentalmente, 1
8 de Outubro de 2003, 1
Sótão do Pensamento” I e II, 1
Intercâmbios Clínicos, 1
Curtos Estágios Médicos, 1
Conversas, 1
Professores da Universidade do Minho, 1
I Jornadas de Medicina da Universidade do Minho, 1
Encontro Nacional de Estudantes de Medicina, 1
ENEM, 1
Sónia - Pretendemos, 1
Encontro Nacional de Teatro Universitário, 1
Actus 1998, 1
De Outro, 1
O Lamento, 1
Festival Anual de Teatro Académico de Lisboa, 1
Errata, 1
Maio no Festival Anual de Teatro Académico de Lisboa, 1
Ambição, 1
Março de 1998, 1
Single Sign-On, 1
Voz sobre IP, 1
Serviços de Comunicações, 1
O Dossier das Unidades Curriculares, 1
Braga Digital, 1
Campus Virtual?, 1
Campus-Virtual, 1
Campus Virtual da UM, 1
p2p, 1
Robótica?, 1
Ajudaram-se, 1
RoboParty, 1
Classe Júnior, 1
Competição:, 1
Construção: Multirobot, 1
Competição: EPF, 1
robots, 1
E.B. 2 3, 1
Arquitectura de Engenharia, 1
estilo!, 1
Robótica, 1
Conferências de Administração Pública, 1
CEAP?, 1
Semana de Administração Pública, 1
Governação e Poder Local, 1
Governação, 1
Financiamento PPP's, 1
Finanças Locais, 1
X Semana, 1
Historial do Coro Académico da Universidade do Minho, 1
Junho de 2004, 1
Capella, 1
Magnificat, 1
Messias, 1
Cantata BWV61, 1
Cantata Der Herr ist mit mir, 1
Salmo, 1
From The Bavarian Highlands, 1
Cantares de Natal, 1
Raízes, 1
Som Ibérico, 1
O Arquitecto, 1
A Luz Irrompe, 1
Puer Natus Est, 1
Encontro de Coros Universitários, 1
Agosto de 2006, 1
Hino Nacional “, 1
Al rescate del alma, 1
Hino da Universidade do Minho, 1
Auditório, 1
Maio de 2007, 1
Agosto de 2004, 1
Melodias Fundado, 1
Encontro de Coros, 1
Dia da Universidade do Minho, 1
21 de Julho, 1
VIII Encontro de Coros Universitários, 1
Coro, 1
Reabilitação da Residência Universitária, 1
Intervenção, 1
Comparticipação dos SASUM, 1
FEDER, 1
POCI2010, 1
Junho de 2007, 1
Terão, 1
Letras da UMinho, 1
Continuação, 1
Licenciei-me em Química, 1
Processos Catalíticos, 1
Arthrobacter, 1
Temporada, 1
Conferência “Cultura na Cidadania, 1
Março de 2008, 1
Estatuto de Utilidade Pública, 1
H.D., 1
Tuna Universitária, 1
Enfermagem da UMinho, 1
jogos olímpicos de Pequim 2008, 1
Chefe de Missão, 1
A Universíada de Banguecoque, 1
Estágio preparatório, 1
Jessica, 1
Universíada de 2011, 1
Práticas de Golfe, 1
Escalada, 1
Bolseiros, 1
Cantina do Complexo Residencial de Santa Tecla dos SASUM, 1
Residência Universitária Carlos Loyd Braga, 1
mês de Outubro, 1
Robot Autónomo, 1
Plano de Qualidade ou Certificação de Qualidade dos SASUM, 1
Social e Desporto, 1
Acção Social no Ensino Superior, 1
Bolsas na Direcção Geral do Ensino Superior, 1
Loyd Braga, 1
Monólito Exterior de Escalada, 1
Vice-Campeões Universitários, 1
Final Four da Liga Universitária, 1
ISAVE, 1
AP Serei, 1
Concurso Passadiço, 1
Arquitectura na UMinho, 1
Originalidade Estética, 1
Funcionalidade e Exequibilidade, 1
Estruturas do Curso de Arquitectura, 1
Passadiço, 1
Jogos Olímpicos Universitários, 1
Torneio Pré-Olimpico Mundial, 1
saí-me, 1
Pré-Qualificação Olímpica, 1
Diário da República o Despacho, 1
Maio de 2005, 1
Rockumdei, 1
Opum Douros, 1
Vice-campeão Nacional, 1
Sub17, 1
Esc Sec, 1
Hino, 1
2ª Gala Africana, 1
E ngen ha, 1
9 de Julho, 1
Complementar, 1
Cursos de Pós-Licenciatura, 1
Especialização em Enfermagem de Saúde Materna e Obstetrícia, 1
Enfermagem de Reabilitação, 1
mobi l idade de estudantes, 1
Certificação dos SASUM, 1
Blocos D, 1
Pretendem, 1
Análise de Perigos, 1
Pontos Críticos de Controlo no Departamento Alimentar, 1
Desporto e Cultura, 1
Redes Temáticas Sócrates, 1
2ª Edição, 1
1ª Edição, 1
EUIndia, 1
MUNDUS COOPERATION, 1
WINDOW, 1
Improving Skills Across Continents, 1
ISAC, 1
22 de Outubro, 1
Un i v er s idade d, 1
Mi n ho u ma, 1
Ranking webometrics, 1
Top 3%, 1
Top mundial, 1
Ranking Final, 1
19 de Setembro, 1
História e Arqueologia, 1
Ansiosos, 1
Lusófonos, 1
Biologia Geologia, 1
Ser viços Académicos, 1
Regulamento de Prescrições, 1
Calendário Escolar, 1
Regulamentos e Estatutos, 1
Delegados, 1
Fundamentalmente, 1
Semana do Acolhimento, 1
semana do Acolhimento na UMinho, 1
CPs, 1
O Acolhimento, 1
Jogos Galaico-Durienses, 1
Tri, 1
U Mi n ho, 1
Futebol 7, 1
Competição, 1
XXIII Jogos Galaico, 1
around the clock, 1
FairPlay, 1
Futebol e Squash, 1
Torneio Jukata, 1
Olimpíadas, 1
Saídas Profissionais?, 1
Presidentes de Escolas, 1
Antigos Estudantes, 1
* Publicação, 1
Memórias UMinho, 1
* Curriculum Vitae, 1
Curricula Vitae, 1
Colocar Ofertas de Emprego, 1
Configurar, 1
Aceder, 1
Conferência da ENAS – Network Europeu de Serviços Desportivos Universitários, 1
Bicicletas [n.d.r, 1
Projecto BUTE]e, 1
Ficamos, 1
UAB?, 1
Campeão Nacional Sénior, 1
Torneio Scandibérico de Sub-18, 1
O Zé, 1
Olimpíadas de 2012, 1
História dos Europeus Universitários, 1
Acção Social da Universidade do Minho, 1
Acção Social da UM, 1
Residência Universitária de Sta, 1
Qualidade ISO 90, 1
mu ito, 1
Colaborador es, 1
Deming, 1
Plan – Do – Check – Act, 1
* Elaboração do Manual da Qualidade, 1
Process Advice, 1
Serviço da Universidade, 1
World Wide Web, 1
WWW, 1
Ser viços Centrais da Universidade, 1
Regular, 1
Ciências e da Engenharia, 1
Science, 1
PNAS, 1
Ciência 2007, 1
Ciência 2008, 1
1º Ciclo de Estudos, 1
Valorização da Propriedade Intelectual da, 1
Investigação Colaborativa, 1
Plano de Formação específico, 1
M.N.:O, 1
NAMGE: Núcleo de Alunos em Marketing, 1
NAMGE - Núcleo de Aluno em Marketing, 1
Marketing ao da Gestão Estratégica, 1
Director Geral dos Desportoa, 1
mov i mento desportivo internacional, 1
Jogos Internacionais Universitarios, 1
Universíada de Turim, 1
1ª Gala de Desporto Universitário da FADU, 1
Tomada da Bastilha, 1
Universíada de Moscovo, 1
Hojes, 1
Jogos Universitários Latino Americanos, 1
Plano de Fomento, 1
Dezembro 1968, 1
Ministro dos Estrangeiros, 1
Embaixada, 1
Inspector do Desporto Universitário, 1
Relendo, 1
Jogos Latino Americanos, 1
Che Guevarra, 1
Director-Geral só Director-Geral, 1
Língua e Cultura Chinesa, 1
Curso Bianual, 1
Línguas e Culturas Orientais, 1
Primeiros-Ministros Português, 1
Estudos Or ienta i s, 1
Prémio de Excelência da República Popular da China, 1
Curso de Verão, 1
Summer School 2009, 1
Congresso dos Institutos Confúcio, 1
Cursos Livres de Chinês, 1
Aprender chinês, 1
Portal Repositório Científico de Acesso Aberto de Portugal, 1
3ª Conferência sobre o Acesso Livre, 1
Conferência, 1
Conhecimento, 1
POSC-, 1
Conferência Openaccess, 1
Acesso Livre, 1
open access, 1
SARI, 1
3ª Conferência do, 1
DRIVER II, 1
Julho de 2008, 1
RCCAP, 1
Dezembro de 2008, 1
Conferência Open Access, 1
Julho a Dezembro, 1
Dissertações Digitais da Biblioteca Nacional, 1
Top 300, 1
Ranking Web of World's Repositories, 1
Apoio ao Aluno, 1
Fiscal e, 1
VI Jornadas de Enfermagem, 1
Debate sobre o novo modelo do desenvolvimento profissional, 1
Workshop de enfermagem de emergência, 1
Workshop de tratamento de feridas, 1
Workshop de enfermagem, 1
Ciclo de workshops de enfermagem holística, 1
Ciclo de massagens, 1
Seminário de indicadores de qualidade, 1
III Semana da Saúde Festas, 1
Participação nas X Olimpíadas de Desporto da Guarda, 1
AEESECG Edição, 1
Edição do jornal trimestral da, 1
Holístico;, 1
Encontro Nacional de Estudantes de Enfermagem, 1
EE SECG, 1
Conciso e objectivo, 1
residência Lloyd, 1
Projectos próximos?, 1
SCI, 1
Actas de Congressos Internacionais, 1
Capítulos de Livros Internacionais, 1
Capítulos de Livros Nacionais, 1
Congressos, 1
Colóquios, 1
Ciclos de Seminários e Workshops, 1
Lei n.º 62/2007 estabeleceu o enquadramento para a formulação dos estatutos das instituições de ensino superior, 1
Psicologia de Desporto, 1
Ciências do Comportamento, 1
UEFA PRO IV, 1
Fair Play, 1
J.S.:, 1
Fase Final, 1
CNUs de Natação e Taekwondo, 1
CNUs Pista, 1
Relatório de Auto-Avaliação, 1
1º Ministro, 1
Sistemas de Informação e Apoio, 1
Política da Qualidade e Objectivos da Qualidade, 1
Vice-Presidente da AAUM, 1
VII Feira de Emprego?, 1
TODAS AS, 1
Tomada consciência do serviço menos bom, 1
ENG, 1
As Cantinas, 1
Grill´s, 1
HACCP, 1
SEGURANÇA, 1
Melhoraram, 1
Boas Práticas no Sector Público, 1
Prémio Melhoria de Processos - Ensino, 1
Prémio Serviço ao Cidadão – Ensino, 1
Prémio de Boas Práticas no Sector Público, 1
Boas Práticas no Sector Público ao, 1
Portal Alumni UM, 1
Portal AlumniUM?, 1
Invenção do DEM, 1
Europeu da Criatividade e Inovação, 1
Maratona Shell?, 1
EconomicUM, 1
Maratona Shell, 1
Urban Concept, 1
EEng, 1
Férias Low Cost, 1
Cursos de Escalada Outdoor, 1
Surf, 1
Plano de Contingência da UMinho, 1
Plano de Contingência, 1
pânico, 1
A?, 1
DHR, 1
Alimentar Bar V, 1
O pior, 1
Lettinga Award, 1
Ranking da FADU, 1
Torneios de Apuramento, 1
Dezembro?, 1
Taça Europeia Universitária de Taekwondo, 1
Mundial Universitário de Taekwondo, 1
A sso ciaç, 1
Junho passado, 1
Despor ti vo e Cultural, 1
II Gala do Desporto Universitário, 1
Melhor Treinador do Ano, 1
XII Jornadas de Engenharia Biológica, 1
Jornadas?, 1
Engenharia I, 1
Setembro a Dezembro, 1
Enfermagem e Música, 1
Bar/Cafetaria, 1
Bar ?, 1
Atleta, 1
taça de Portugal, 1
Serviços Administrativo-financeiros, 1
Setembro de 2010, 1
Prémios de Mérito Desportivo, 1
* Fruta, 1
Festival Olímpico da Juventude Europeia, 1
AAUMTV, 1
Site www.aaum.pt, 1
Flauta, 1
Festival Universitário de Tunas Universitárias, 1
Sector de Recursos Humanos dos SASUM, 1
SRH?, 1
Avaliação de Desempenho na Administração Pública, 1
Olímpico da UMinho, 1
Bronze no Europeu de Seniores, 1
Europeu Universitario, 1
Departamento Alimentar, 1
Manutenção?, 1
NITERUM?, 1
Elsa: The European Law Students' Association?, 1
7 de Outubro, 1
Escritura Pública, 1
ELSA UMINHO?, 1
Secretário-Geral, 1
Student Trainee Exchange Programme STEP, 1
V.P Seminários, 1
Básico de Medicina Legal, 1
Curso Básico de Medicina Legal, 1
Sexologia Forense, 1
ELSA MUN, 1
Alimentar - Grill, 1
Cozinha Tradicional Portuguesa, 1
Grill?, 1
Eng.ª Celeste, 1
SASUM ?, 1
Graduação, 1
Doutor em Administração Pública, 1
Doutores em Direito, 1
Licenciado em Direito, 1
Direito Judiciário, 1
Direito e Informática, 1
Cursos de Especialização, 1
Direito Espanhol, 1
Curso Geral de Formação para a Admissão, 1
Cursos Breves, 1
Reuniões, 1
Processo Bolonha?, 1
O dia do Estudante, 1
Formação Pedagógica, 1
ping pong, 1
playstation, 1
Workshops de danças, 1
Jantar de Carnaval, 1
Alimentar - Bar de Engenharia II, 1
Articular, 1
Residência Universitária dos Combatentes, 1
Infra-estrutura, 1
Inovação e Projectos Especiais, 1
Engenharia Civil pela UMinho, 1
Aprofundar a Interacção com a Sociedade, 1
Assumir Opções e Práticas Sustentáveis, 1
UMinho, 1
MOBI-E, 1
Humanismo da Escola de Arquitectura, 1
Artes Plásticas e Visuais, 1
Design, 1
Bolon, 1
Família do Estudante, 1
Apoio Social, 1
Regras Técnicas, 1
Novembro, 1
Avisos publicados, 1
Estatutos da UM, 1
Matemática e Quimica, 1
Futsal Masculino, 1
Troféu, 1
Cartas de Apresentação, 1
Técnicas Activas de Procura de Emprego, 1
Primeiro Guia do Empreendedor, 1
Concurso Nacional de Empreendedorismo e Ideias Inovadoras, 1
Atreve-te 2010, 1
Sua Excelência o Presidente da República, 1
Saídas Pro, 1
Empreendedorismo?, 1
Sector de Gestão Técnica e Desportiva do Departamento de Desportivo e Cultural, 1
Sector de GTD, 1
DDC.O, 1
Oferta, 1
Lei orgânica dos, 1
Metodologia do Ensino do Português, 1
Investigação e do Ensino, 1
Realações Internacionais, 1
Francês, 1
Presidente da Escola, 1
Março de 2010, 1
Ciências Humanas, 1
Relações Interculturais – Português, 1
Babelium, 1
Filosofia, 1
Política da Qualidade, 1
O Administrador para a Acção Social, 1
Gabinete do Administrador, 1
Depar, 1
17 de Setembro, 1
Programa de Acolhimento, 1
Guia da Habitação, 1
BEM-VINDOS, 1
Enfermeira Especialista em Enfermagem Médico Cirúrgica, 1
EEPB-Porto, 1
Doutorada em Ciências de Enfermagem, 1
Fevereiro de 2010, 1
ESSE, 1
Escolar, 1
ESE da UMinho?, 1
C1, 1
FESTIVAL DE OUTONO PROMOVE, 1
2 de Outubro, 1
Sector da Tesouraria dos SASUM, 1
Atleta do Ano da UMinho Eduardo Rodrigues, 1
Atleta Masculino do Ano da UMinho, 1
Gala do Desporto da UMinho, 1
Podium?, 1
AAUM a15 de, 1
Guano Apes, 1
Encontro Nacional de Direcções Associativas, 1
**Consegue, 1
Bons Médicos, 1
ICVS, 1
Doutorais e de Mestrado, 1
Biomedicina, 1
Provas de Agregação, 1
Presidente da Escola de Ciências de Maio de 2006, 1
Programa de Acção, 1
Manual da Qualidade, 1
Maio de 2011, 1
Projecto AlumniUM, 1
Código de Conduta Académica, 1
Semana da Escola de Engenharia 2010, 1
Engenharia para a Qualidade de Vida, 1
Medalha de Bronze, 1
Sub21, 1
Taekwondo ajudou-, 1
Campeão Nacional Sub21, 1
Campeão Nacional Universitário, 1
Campeão da Europa, 1
nãoinvestigadores, 1
Programa de acção para o quadriénio, 1
Qualidade, 1
Plano de actividades, 1
Decreto -Lei n.º 18/2008, 1
Lei n.º3/2010, 1
Sector da Comunicação, 1
Gr upos, 1
Guimarães 2012, 1
S, 1
Português-Francês, 1
Provas de Aptidão Pedagógica e Capacidade Científica e Doutoramento, 1
1º Ciclo em Ciências da Comunicação, 1
Correio da Manhã, 1
Correio do Minho, 1
Portal de Entrada da UMinho, 1
Portal da UMinho, 1
Marketing?, 1
IE?, 1
Ciclo, 1
Taça de Portugal, 1
Final da Taça de Portugal, 1
Ouvir o Hino Nacional, 1
vo, 1
Campurbis, 1
Estudos Humanísticos, 1
Ministro da Economia, 1
O Conselho de Curadores, 1
ESE, 1
Holístico, 1
con fer i ndo ca r, 1
Sector de Património dos SASUM, 1
Licenciada em Contabilidade, 1
Especializações em POCP, 1
Sector do Património, 1
Manual de Controlo, 1
Torneios Nacionais Universitários, 1
Tudo, 1
Voleibol Feminino, 1
Fases Finais?, 1
Xadrez Universitários, 1
Provas de Aptidão Pedagógica e Capacidade Científica, 1
Intervenção Precoce, 1
Março de 2006, 1
Vice-Presidente do Instituto de Estudos da Criança, 1
Maiores de 23, 1
Regulamento Orgânico das Unidades de Ser, 1
Despacho RT49/2010, 1
Dossiê de Unidade Curricular, 1
Espanhol, 1
Língua Estrangeira, 1
EURHEO – European Masters in Engineering Rheology, 1
Online Teaching and Learning & Professional Development of Teachers, 1
I nstitu to de Educaç, 1
projecto PostCaVET, 1
Dia Mundial da Alimentação, 1
Trabalho, 1
Ensino de Física, 1
Consolidar a Investigação, 1
Desafios do Conhecimento, 1
Director-Geral do INL, 1
Nanociências e Nanotecnologias, 1
Promoção, 1
Novos Materiais e Produtos, 1
Biotecnologia, 1
GPPQ, 1
CI da UMinho, 1
EEI, 1
Marie-Curie, 1
INTERREG, 1
Panorâmico?, 1
Mestre em Administração Pública, 1
Doutora em Direito, 1
Outubro de 2006, 1
Novembro de 2007, 1
Contratação Pública e Regime Jurídico do Pessoal, 1
Programa de Acção da Universidade, 1
Director de Curso da antiga l icen ciatu ra, 1
Cozinha, 1
Sector Apoio Técnico ao Responsável, 1
Sector?, 1
Portaria 794/2000, 1
Manual de Controlo Interno;, 1
Setembro 2010, 1
Julho 2011, 1
Serviços da mesma dimensão, 1
s i, 1
Residência Universitária de Azurém, 1
Instrumentos de análise de satisfação dos clientes, 1
Escola E.B 2, 1
Urgeses, 1
ISCTE?, 1
Euro 2004 SA, 1
BOSE, 1
Curso de RI, 1
EURO 2008, 1
Marketing da Final da Taça UEFA, 1
Final da Champions League, 1
Champions League, 1
Euro de Futsal, 1
NOSSO FUTEBOL, 1
Nosso Futebol, 1
Liga do Mundo, 1
MOTIVAÇÃO, 1
Enough Said, 1
opion makers, 1
Maio do Conselho Geral, 1
Presidentes, 1
Oferecendo-lhes, 1
Liftoff, 1
Mundo Melhor, 1
Stop, 1
semana de Acolhimento, 1
Circular RT05/2011 de 14 de outubro, 1
DL 70/2010 e da publicação de um Regulamento, 1
Regulamento - que o, 1
Curso de Engenharia Mecânica, 1
Aliciante, 1
Dissertação, 1
Engenharia Mecânica da UM, 1
Dissertações, 1
HCCP, 1
Challengers Trophy Universidades, 1
Motivado, 1
Central de Incineração de Macau, 1
ENEGI2011, 1
EGI, 1
Táxi Driver, 1
O Estranho Caso de Benjamin Button, 1
Token, 1
Campeão Europeu Universitário de Taekwondo da UMinho, 1
Open’s de Espanha, 1
Jogos de 2012, 1
TURORUM?, 1
Alta Competição, 1
Engenharia Sistemas?, 1
Kayak-Polo, 1
Corridas de Aventura, 1
Aventura, 1
Atletismo/Orientação, 1
Challengers Trophy, 1
Ski, 1
Snowboard, 1
Windsurf, 1
K2 Maratonas, 1
Redes TCP/IP, 1
Cloud Computing, 1
Software-as-a-Service, 1
Outliers: The story of success, 1
Direção-Geral do Ensino Superior, 1
O Mestre em Engenharia Têxtil, 1
Engenharia-ramo Tecnologia e Ciência Têxtil, 1
soft skills, 1
Pulp Fiction, 1
Mundial de Universitário de Xadrez, 1
Torneios de Apuramento para as Fases Finais, 1
Divisão de Futsal, 1
1ª Divisão, 1
Mundial Universitário?, 1
Seleccionador Nacional, 1
Europeu Universitário de Taekwondo, 1
Karaté e Futsal, 1
Ciências da Educação da UMinho, 1
Desporto da UM, 1
Imprimir, 1
Delegados de Ano, 1
Juventude 2012, 1
Biologia ou Geologia, 1
Requiem for a Dream, 1
Labirinto do Fauno, 1
